,arcA,arcB,e1,error_support_count,error_support,correct_arc_support_count,correct_arc_support
39,@SUBJ,root,@NN>->@SUBJ,1337,6.666666666666667,20055,5.488385585427795
40,@SUBJ,root,@OBJ->@SUBJ,1151,5.739217152829719,20055,5.488385585427795
25,@OBJ,root,@SUBJ->@OBJ,1080,12.455310806135394,8671,2.3729639197828183
26,@OBJ,root,@NN>->@OBJ,793,9.145427286356822,8671,2.3729639197828183
385,@FMV,root,root->@FMV,679,6.8495914455765154,9913,2.712857956038182
285,@<NN,@SUBJ,@ADVL->@<NN,662,31.949806949806952,2072,0.567037393817322
58,@SUBJ,@FMV,@OBJ->@SUBJ,628,5.279973095678494,11894,3.254991680532446
674,@DN>,@ADVL,@ADVL->@DN>,621,46.17100371747212,1345,0.3680817059287153
10,@OBJ,@FMV,@SUBJ->@OBJ,596,9.94161801501251,5995,1.6406318416673966
191,@<NN,@ADVL,@ADVL->@<NN,595,43.36734693877551,1372,0.3754707067168754
440,@<NN,@OBJ,@ADVL->@<NN,587,50.64710957722174,1159,0.31717970049916805
57,@SUBJ,@FMV,@NN>->@SUBJ,574,4.82596267025391,11894,3.254991680532446
111,@ADVL,root,@NN>->@ADVL,558,1.6846808767586499,33122,9.064388300201419
113,@ADVL,root,@<NN->@ADVL,555,1.6756234526900549,33122,9.064388300201419
392,@<NN,@<NN,@ADVL->@<NN,438,27.65151515151515,1584,0.43348804623872494
458,@OBJ,@OBJ,@SUBJ->@OBJ,431,16.082089552238806,2680,0.7334267448988528
11,@OBJ,@FMV,@NN>->@OBJ,415,6.922435362802336,5995,1.6406318416673966
0,@NN>,@ADVL,@ADVL->@NN>,414,3.9777094542659492,10408,2.8483229704877835
255,@DN>,@SUBJ,@ADVL->@DN>,407,40.09852216748768,1015,0.27777169629564763
518,@PRD,root,@SUBJ->@PRD,396,10.775510204081632,3675,1.0057251072773448
112,@ADVL,root,@OBJ->@ADVL,394,1.189541694342129,33122,9.064388300201419
114,@ADVL,root,@DN>->@ADVL,354,1.0687760400941972,33122,9.064388300201419
153,@NN>,@SUBJ,@SUBJ->@NN>,349,3.380145278450363,10325,2.8256086347315876
1,@NN>,@ADVL,@OBJ->@NN>,342,3.2859338970023058,10408,2.8483229704877835
391,@<NN,@<NN,@SUBJ->@<NN,324,20.454545454545457,1584,0.43348804623872494
533,@ADVL,@AN>,@NN>->@ADVL,311,5.781743818553634,5379,1.4720531570190034
119,@ADVL,root,root->@ADVL,310,0.9359338204214721,33122,9.064388300201419
242,@SUBJ,@SUBJ,@NN>->@SUBJ,296,10.643653362099965,2781,0.7610670811804886
41,@SUBJ,root,@ADVL->@SUBJ,294,1.4659685863874345,20055,5.488385585427795
173,@ADVL,@ADVL,@<NN->@ADVL,293,3.5880480039186877,8166,2.2347622383746386
117,@ADVL,root,@SUBJ->@ADVL,289,0.872531851941308,33122,9.064388300201419
245,@SUBJ,@SUBJ,@OBJ->@SUBJ,272,9.780654440848616,2781,0.7610670811804886
453,@DN>,@OBJ,@ADVL->@DN>,267,42.04724409448819,635,0.17377835186969087
301,@NN>,@OBJ,@OBJ->@NN>,263,4.576300678614929,5747,1.5727625010946669
211,@ADVL,@FMV,@OBJ->@ADVL,260,1.450002788466901,17931,4.907117523425869
2,@NN>,@ADVL,@SUBJ->@NN>,255,2.4500384319754036,10408,2.8483229704877835
24,@OBJ,root,@ADVL->@OBJ,254,2.929304578479991,8671,2.3729639197828183
456,@OBJ,@OBJ,@NN>->@OBJ,248,9.253731343283581,2680,0.7334267448988528
42,@SUBJ,root,@PRD->@SUBJ,242,1.2066816255297932,20055,5.488385585427795
258,@OBJ,@IMV,@SUBJ->@OBJ,241,9.942244224422442,2424,0.6633680707592609
198,@NN>,@NN>,@ADVL->@NN>,239,2.6417596993478503,9047,2.4758625974253436
450,@DN>,@NN>,@ADVL->@DN>,238,46.942800788954635,507,0.1387490147998949
210,@ADVL,@FMV,@NN>->@ADVL,235,1.3105794434220066,17931,4.907117523425869
311,@PRD,@FMV,@SUBJ->@PRD,229,9.674693705111956,2367,0.6477690690953674
246,@SUBJ,@SUBJ,@<NN->@SUBJ,224,8.054656598345918,2781,0.7610670811804886
208,@ADVL,@FMV,@<NN->@ADVL,221,1.2325023701968658,17931,4.907117523425869
179,@ADVL,@ADVL,@DN>->@ADVL,220,2.6940974773450894,8166,2.2347622383746386
286,@<NN,@SUBJ,@SUBJ->@<NN,218,10.521235521235521,2072,0.567037393817322
174,@ADVL,@ADVL,@NN>->@ADVL,211,2.583884398726427,8166,2.2347622383746386
477,@SUBJ,@IMV,@OBJ->@SUBJ,203,9.539473684210527,2128,0.5823627287853578
154,@NN>,@SUBJ,@ADVL->@NN>,200,1.937046004842615,10325,2.8256086347315876
172,@ADVL,@ADVL,@OBJ->@ADVL,191,2.3389664462405095,8166,2.2347622383746386
519,@PRD,root,@AN>->@PRD,189,5.142857142857142,3675,1.0057251072773448
508,@OBJ,@AN>,@NN>->@OBJ,180,33.5195530726257,537,0.14695901567562833
272,@IMV,root,root->@IMV,179,6.900539707016192,2594,0.7098914090550836
56,@SUBJ,@FMV,@ADVL->@SUBJ,177,1.488145283336136,11894,3.254991680532446
885,@<KN,@SUBJ,@ADVL->@<KN,171,59.16955017301038,289,0.07908967510289867
516,@<KN,@OBJ,@ADVL->@<KN,168,73.36244541484717,229,0.06266967335143182
200,@NN>,@NN>,@SUBJ->@NN>,167,1.845915773184481,9047,2.4758625974253436
261,@OBJ,@IMV,@NN>->@OBJ,166,6.8481848184818475,2424,0.6633680707592609
300,@NN>,@OBJ,@ADVL->@NN>,163,2.836262397772751,5747,1.5727625010946669
47,@SUBJ,root,@<NN->@SUBJ,156,0.7778608825729245,20055,5.488385585427795
131,@<Q,@ADVL,@ADVL->@<Q,153,9.689677010766308,1579,0.432119712759436
716,@<NN,@NN>,@NN>->@<NN,152,42.22222222222222,360,0.09852001050880113
217,@ADVL,@FMV,@SUBJ->@ADVL,152,0.8476939378729574,17931,4.907117523425869
949,@Vpart,root,@ADVL->@Vpart,150,10.06036217303823,1491,0.40803704352395126
115,@ADVL,root,@Vpart->@ADVL,146,0.4407946380049514,33122,9.064388300201419
55,@SUBJ,@FMV,@PRD->@SUBJ,145,1.2191020682697158,11894,3.254991680532446
214,@ADVL,@FMV,@DN>->@ADVL,144,0.8030784674585912,17931,4.907117523425869
144,@ADVL,@SUBJ,@DN>->@ADVL,143,6.134706134706135,2331,0.6379170680444872
430,@OBJ,@SUBJ,@SUBJ->@OBJ,143,16.53179190751445,865,0.23672169191698045
232,@<Q,@OBJ,@OBJ->@<Q,143,18.815789473684212,760,0.20798668885191346
199,@NN>,@NN>,@OBJ->@NN>,140,1.5474743008732175,9047,2.4758625974253436
14,@OBJ,@FMV,@ADVL->@OBJ,132,2.2018348623853212,5995,1.6406318416673966
415,@<Q,@SUBJ,@SUBJ->@<Q,128,13.375130616509928,957,0.2618990279358963
393,@<NN,@<NN,@NN>->@<NN,127,8.017676767676768,1584,0.43348804623872494
209,@ADVL,@FMV,@Vpart->@ADVL,126,0.7026936590262673,17931,4.907117523425869
336,@PRD,@PRD,@SUBJ->@PRD,125,20.22653721682848,618,0.1691260180401086
284,@<NN,@SUBJ,@NN>->@<NN,124,5.984555984555985,2072,0.567037393817322
883,@Vpart,@FMV,@ADVL->@Vpart,121,9.565217391304348,1265,0.3461883702600928
140,@ADVL,@SUBJ,@<NN->@ADVL,120,5.148005148005148,2331,0.6379170680444872
660,@ADVL,@IMV,@OBJ->@ADVL,119,2.083698126422693,5711,1.5629105000437866
442,@<NN,@OBJ,@OBJ->@<NN,115,9.92234685073339,1159,0.31717970049916805
493,@<P,@ADVL,@NN>->@<P,115,7.986111111111111,1440,0.3940800420352045
122,@ADVL,root,@AN>->@ADVL,112,0.33814383189420927,33122,9.064388300201419
522,@PRD,root,@NN>->@PRD,111,3.0204081632653064,3675,1.0057251072773448
468,@ADVL,@NN>,@DN>->@ADVL,109,37.71626297577855,289,0.07908967510289867
43,@SUBJ,root,root->@SUBJ,104,0.5185739217152829,20055,5.488385585427795
313,@PRD,@FMV,@AN>->@PRD,101,4.267004647232784,2367,0.6477690690953674
881,@<KN,@ADVL,@ADVL->@<KN,98,65.77181208053692,149,0.040776337682809354
457,@OBJ,@OBJ,@ADVL->@OBJ,97,3.6194029850746268,2680,0.7334267448988528
864,@DN>,@P>,@ADVL->@DN>,96,45.28301886792453,212,0.05801733952184955
520,@PRD,root,@ADVL->@PRD,96,2.612244897959184,3675,1.0057251072773448
538,@ADVL,@AN>,@OBJ->@ADVL,95,1.7661275329986985,5379,1.4720531570190034
180,@ADVL,@ADVL,@SUBJ->@ADVL,94,1.151114376683811,8166,2.2347622383746386
561,@<NN,root,root->@<NN,94,20.750551876379692,453,0.12397101322357475
116,@ADVL,root,@<KN->@ADVL,94,0.28379928748263994,33122,9.064388300201419
156,@NN>,@SUBJ,@OBJ->@NN>,92,0.8910411622276029,10325,2.8256086347315876
878,@FMV,@FMV,root->@FMV,91,2.5955504848830575,3506,0.9594754356773798
323,@ADVL,@OBJ,@DN>->@ADVL,90,4.953219592735278,1817,0.49725238637358793
109,@FCV,@IMV,@FMV->@FCV,88,2.9023746701846966,3032,0.8297574218407917
120,@ADVL,root,@PRD->@ADVL,88,0.26568443934545016,33122,9.064388300201419
494,@<P,@ADVL,@ADVL->@<P,86,5.972222222222222,1440,0.3940800420352045
478,@SUBJ,@IMV,@NN>->@SUBJ,85,3.9943609022556394,2128,0.5823627287853578
621,@<NN,@<Q,@ADVL->@<NN,82,35.80786026200873,229,0.06266967335143182
698,@<NN,@PRD,@ADVL->@<NN,82,42.487046632124354,193,0.05281767230055171
142,@ADVL,@SUBJ,@NN>->@ADVL,81,3.474903474903475,2331,0.6379170680444872
274,@IMV,root,@ADVL->@IMV,81,3.122590593677718,2594,0.7098914090550836
659,@ADVL,@IMV,@NN>->@ADVL,80,1.4008054631413063,5711,1.5629105000437866
461,@OBJ,@OBJ,@<NN->@OBJ,80,2.9850746268656714,2680,0.7334267448988528
163,@AN>,@ADVL,@ADVL->@AN>,79,1.241943090709008,6361,1.7407938523513442
386,@FMV,root,@FCV->@FMV,79,0.7969333198829819,9913,2.712857956038182
395,@<NN,@<NN,@OBJ->@<NN,79,4.987373737373738,1584,0.43348804623872494
532,@ADVL,@AN>,@DN>->@ADVL,78,1.4500836586726158,5379,1.4720531570190034
835,@??,@??,@NN>->@??,78,60.46511627906976,129,0.035303003765653734
402,@NN>,@AN>,@ADVL->@NN>,77,24.367088607594937,316,0.08647867589105876
69,@<INFN,@SUBJ,@SUBJ->@<INFN,75,31.12033195020747,241,0.0659536737017252
850,@<INFN,@OBJ,@OBJ->@<INFN,74,41.11111111111111,180,0.049260005254400566
188,@<NN,@ADVL,@NN>->@<NN,74,5.393586005830904,1372,0.3754707067168754
374,@OBJ,@ADVL,@NN>->@OBJ,74,7.156673114119923,1034,0.28297136351694546
76,@P>,@ADVL,@NN>->@P>,73,1.3098869549614212,5573,1.525144496015413
776,@DN>,@PRD,@ADVL->@DN>,72,51.798561151079134,139,0.03803967072423155
121,@ADVL,root,@<Q->@ADVL,70,0.21133989493388078,33122,9.064388300201419
243,@SUBJ,@SUBJ,@ADVL->@SUBJ,69,2.481121898597627,2781,0.7610670811804886
302,@NN>,@OBJ,@SUBJ->@NN>,68,1.1832260309726814,5747,1.5727625010946669
428,@OBJ,@SUBJ,@NN>->@OBJ,67,7.745664739884393,865,0.23672169191698045
823,@<Q,@NN>,@NN>->@<Q,65,25.291828793774318,257,0.07033234083544969
260,@OBJ,@IMV,@ADVL->@OBJ,64,2.6402640264026402,2424,0.6633680707592609
649,@NN>,@<NN,@SUBJ->@NN>,63,2.817531305903399,2236,0.6119187319379981
201,@NN>,@NN>,@<NN->@NN>,62,0.6853100475295678,9047,2.4758625974253436
218,@ADVL,@FMV,@IMV->@ADVL,62,0.34576989571133787,17931,4.907117523425869
749,@NN>,@<P,@<P->@NN>,61,13.260869565217392,460,0.1258866800945792
372,@OBJ,@ADVL,@SUBJ->@OBJ,59,5.705996131528046,1034,0.28297136351694546
707,@DN>,@<NN,@ADVL->@DN>,59,38.81578947368421,152,0.04159733777038269
654,@NN>,@<NN,@<NN->@NN>,59,2.638640429338104,2236,0.6119187319379981
321,@ADVL,@OBJ,@OBJ->@ADVL,59,3.2471106219042376,1817,0.49725238637358793
669,@ADVL,@IMV,@DN>->@ADVL,58,1.0155839607774468,5711,1.5629105000437866
665,@ADVL,@IMV,@<NN->@ADVL,57,0.9980738924881808,5711,1.5629105000437866
241,@SUBJ,@SUBJ,@PRD->@SUBJ,56,2.0136641495864795,2781,0.7610670811804886
653,@NN>,@<NN,@ADVL->@NN>,56,2.5044722719141324,2236,0.6119187319379981
296,@FCV,root,root->@FCV,54,1.4762165117550574,3658,1.0010727734477625
29,@OBJ,root,@<NN->@OBJ,53,0.6112328451159036,8671,2.3729639197828183
495,@<P,@ADVL,@OBJ->@<P,52,3.6111111111111107,1440,0.3940800420352045
444,@<NN,@OBJ,@NN>->@<NN,52,4.486626402070751,1159,0.31717970049916805
273,@IMV,root,@OBJ->@IMV,52,2.004626060138782,2594,0.7098914090550836
788,@<Q,@<Q,@SUBJ->@<Q,51,8.747855917667238,583,0.15954768368508626
79,@P>,@ADVL,@ADVL->@P>,51,0.9151265027812667,5573,1.525144496015413
906,@<DN,@SUBJ,@ADVL->@<DN,49,87.5,56,0.01532533496803573
725,@AN>,@NN>,@NN>->@AN>,49,1.129813234955038,4337,1.1868924599351955
60,@SUBJ,@FMV,@<NN->@SUBJ,49,0.4119724230704557,11894,3.254991680532446
220,@ADVL,@FMV,@PRD->@ADVL,49,0.2732697562879928,17931,4.907117523425869
33,@OBJ,root,@<Q->@OBJ,49,0.5651020643524391,8671,2.3729639197828183
606,@NN>,@P>,@OBJ->@NN>,47,2.5174076057846815,1867,0.5109357211664769
310,@PRD,@FMV,@NN>->@PRD,47,1.9856358259400086,2367,0.6477690690953674
190,@<NN,@ADVL,@SUBJ->@<NN,47,3.4256559766763846,1372,0.3754707067168754
48,@SUBJ,root,@<Q->@SUBJ,47,0.23435552231363752,20055,5.488385585427795
312,@PRD,@FMV,@ADVL->@PRD,47,1.9856358259400086,2367,0.6477690690953674
560,@<NN,root,@ADVL->@<NN,47,10.375275938189846,453,0.12397101322357475
337,@PRD,@PRD,@AN>->@PRD,46,7.443365695792881,618,0.1691260180401086
219,@ADVL,@FMV,@AN>->@ADVL,45,0.2509620210808098,17931,4.907117523425869
181,@ADVL,@ADVL,@PRD->@ADVL,45,0.5510653930933138,8166,2.2347622383746386
455,@OBJ,@OBJ,@IMV->@OBJ,45,1.6791044776119404,2680,0.7334267448988528
608,@NN>,@P>,@ADVL->@NN>,44,2.3567220139260847,1867,0.5109357211664769
787,@<Q,@<Q,@OBJ->@<Q,43,7.375643224699828,583,0.15954768368508626
534,@ADVL,@AN>,@Vpart->@ADVL,43,0.7994050938836215,5379,1.4720531570190034
507,@OBJ,@AN>,@ADVL->@OBJ,43,8.007448789571695,537,0.14695901567562833
46,@SUBJ,root,@P>->@SUBJ,43,0.21441037147843428,20055,5.488385585427795
216,@ADVL,@FMV,@<KN->@ADVL,42,0.23423121967542246,17931,4.907117523425869
189,@<NN,@ADVL,@OBJ->@<NN,42,3.061224489795918,1372,0.3754707067168754
800,@AN>,@SUBJ,@NN>->@AN>,42,0.7428369296073576,5654,1.547311498379893
75,@P>,@ADVL,@OBJ->@P>,41,0.7356899336084693,5573,1.525144496015413
807,@NN>,@<Q,@<Q->@NN>,41,17.982456140350877,228,0.06239600665557404
400,@NN>,@AN>,@OBJ->@NN>,41,12.974683544303797,316,0.08647867589105876
417,@<Q,@SUBJ,@OBJ->@<Q,41,4.284221525600835,957,0.2618990279358963
146,@ADVL,@SUBJ,@OBJ->@ADVL,41,1.758901758901759,2331,0.6379170680444872
373,@OBJ,@ADVL,@ADVL->@OBJ,40,3.8684719535783367,1034,0.28297136351694546
441,@<NN,@OBJ,@SUBJ->@<NN,40,3.4512510785159622,1159,0.31717970049916805
651,@NN>,@<NN,@OBJ->@NN>,40,1.7889087656529516,2236,0.6119187319379981
167,@AN>,@ADVL,@NN>->@AN>,39,0.6131111460462192,6361,1.7407938523513442
44,@SUBJ,root,@<INFN->@SUBJ,39,0.19446522064323113,20055,5.488385585427795
929,@Vpart,@IMV,@ADVL->@Vpart,39,8.176100628930817,477,0.13053901392416148
352,@IMV,@FMV,@ADVL->@IMV,39,5.320600272851296,733,0.2005976880637534
521,@PRD,root,@OBJ->@PRD,39,1.0612244897959184,3675,1.0057251072773448
1013,@<KN,@<NN,@ADVL->@<KN,39,49.36708860759494,79,0.02161966897276469
275,@IMV,root,@SUBJ->@IMV,38,1.4649190439475714,2594,0.7098914090550836
87,@ADVL,@<NN,@<NN->@ADVL,38,23.03030303030303,165,0.045155004816533846
28,@OBJ,root,@P>->@OBJ,38,0.43824241725291196,8671,2.3729639197828183
663,@ADVL,@IMV,@SUBJ->@ADVL,38,0.6653825949921205,5711,1.5629105000437866
326,@ADVL,@OBJ,@NN>->@ADVL,37,2.0363236103467255,1817,0.49725238637358793
32,@OBJ,root,root->@OBJ,37,0.4267097220620459,8671,2.3729639197828183
360,@ADVL,@PRD,@NN>->@ADVL,36,1.8018018018018018,1998,0.5467860583238462
233,@<Q,@OBJ,@NN>->@<Q,36,4.736842105263158,760,0.20798668885191346
539,@ADVL,@AN>,@AN>->@ADVL,36,0.6692693809258227,5379,1.4720531570190034
536,@ADVL,@AN>,@<NN->@ADVL,36,0.6692693809258227,5379,1.4720531570190034
774,@<INFN,@<INFN,@IMV->@<INFN,36,49.31506849315068,73,0.019977668797618003
861,@DN>,root,@ADVL->@DN>,36,38.297872340425535,94,0.025724669410631402
734,@<NN,@<P,@ADVL->@<NN,35,35.0,100,0.02736666958577809
535,@ADVL,@AN>,@SUBJ->@ADVL,35,0.6506785647889942,5379,1.4720531570190034
339,@PRD,@PRD,@<NN->@PRD,35,5.6634304207119746,618,0.1691260180401086
362,@ADVL,@PRD,@DN>->@ADVL,35,1.7517517517517518,1998,0.5467860583238462
335,@PRD,@PRD,@ADVL->@PRD,35,5.6634304207119746,618,0.1691260180401086
134,@<Q,@ADVL,@NN>->@<Q,34,2.1532615579480683,1579,0.432119712759436
7,@NN>,@ADVL,@<NN->@NN>,34,0.32667179093005383,10408,2.8483229704877835
801,@AN>,@SUBJ,@PRD->@AN>,34,0.6013441811107181,5654,1.547311498379893
416,@<Q,@SUBJ,@NN>->@<Q,34,3.5527690700104495,957,0.2618990279358963
754,@<P,@<P,@ADVL->@<P,34,31.19266055045872,109,0.029829669848498115
599,@OBJ,@<INFN,@NN>->@OBJ,34,9.855072463768117,345,0.09441501007093442
248,@SUBJ,@SUBJ,@IMV->@SUBJ,33,1.186623516720604,2781,0.7610670811804886
504,@<Q,@P>,@P>->@<Q,33,7.2210065645514225,457,0.12506568000700588
480,@SUBJ,@IMV,@ADVL->@SUBJ,32,1.5037593984962405,2128,0.5823627287853578
715,@<NN,@NN>,@ADVL->@<NN,32,8.88888888888889,360,0.09852001050880113
184,@ADVL,@ADVL,@<Q->@ADVL,32,0.3918687239774675,8166,2.2347622383746386
15,@OBJ,@FMV,@IMV->@OBJ,32,0.5337781484570475,5995,1.6406318416673966
638,@ADVL,@P>,@DN>->@ADVL,32,35.95505617977528,89,0.0243563359313425
175,@ADVL,@ADVL,@AN>->@ADVL,31,0.3796228263531717,8166,2.2347622383746386
509,@OBJ,@AN>,@SUBJ->@OBJ,31,5.772811918063315,537,0.14695901567562833
562,@<NN,root,@NN>->@<NN,31,6.843267108167771,453,0.12397101322357475
314,@PRD,@FMV,@OBJ->@PRD,31,1.309674693705112,2367,0.6477690690953674
629,@NN>,@PRD,@SUBJ->@NN>,31,3.125,992,0.2714773622909187
85,@ADVL,@<NN,@DN>->@ADVL,31,18.787878787878785,165,0.045155004816533846
528,@PRD,root,root->@PRD,31,0.8435374149659863,3675,1.0057251072773448
27,@OBJ,root,@<INFN->@OBJ,31,0.3575135509168493,8671,2.3729639197828183
742,@NN>,root,root->@NN>,31,3.0362389813907935,1021,0.2794136964707943
64,@SUBJ,@FMV,@IMV->@SUBJ,30,0.2522280141247688,11894,3.254991680532446
679,@<DN,@ADVL,@ADVL->@<DN,30,81.08108108108108,37,0.010125667746737893
123,@ADVL,root,@IMV->@ADVL,30,0.09057424068594892,33122,9.064388300201419
632,@NN>,@PRD,@ADVL->@NN>,29,2.9233870967741935,992,0.2714773622909187
703,@AN>,@PRD,@PRD->@AN>,29,2.897102897102897,1001,0.2739403625536387
354,@IMV,@FMV,@OBJ->@IMV,29,3.956343792633015,733,0.2005976880637534
177,@ADVL,@ADVL,@IMV->@ADVL,29,0.35513103110457994,8166,2.2347622383746386
324,@ADVL,@OBJ,@<NN->@ADVL,28,1.5410016510731976,1817,0.49725238637358793
235,@<Q,@OBJ,@SUBJ->@<Q,28,3.684210526315789,760,0.20798668885191346
1033,@VOC,root,@SUBJ->@VOC,28,39.436619718309856,71,0.019430335405902444
74,@P>,@ADVL,@SUBJ->@P>,28,0.5024223936838328,5573,1.525144496015413
607,@NN>,@P>,@SUBJ->@NN>,28,1.4997321906802357,1867,0.5109357211664769
77,@P>,@ADVL,@<Q->@P>,28,0.5024223936838328,5573,1.525144496015413
490,@IMV,@IMV,@ADVL->@IMV,27,5.601659751037345,482,0.1319073474034504
497,@<P,@ADVL,@SUBJ->@<P,27,1.875,1440,0.3940800420352045
118,@ADVL,root,@<P->@ADVL,27,0.08151681661735402,33122,9.064388300201419
563,@<NN,root,@SUBJ->@<NN,27,5.960264900662252,453,0.12397101322357475
571,@PRD,@SUBJ,@AN>->@PRD,27,15.083798882681565,179,0.048986338558542786
93,@<NN,@P>,@P>->@<NN,27,28.421052631578945,95,0.025998336106489182
537,@ADVL,@AN>,@<Q->@ADVL,27,0.501952035694367,5379,1.4720531570190034
132,@<Q,@ADVL,@OBJ->@<Q,26,1.6466117796073463,1579,0.432119712759436
631,@NN>,@PRD,@PRD->@NN>,26,2.620967741935484,992,0.2714773622909187
297,@FCV,root,@FMV->@FCV,26,0.7107709130672498,3658,1.0010727734477625
202,@NN>,@NN>,@<Q->@NN>,26,0.2873880844478833,9047,2.4758625974253436
592,@<INFN,@ADVL,@OBJ->@<INFN,26,49.056603773584904,53,0.014504334880462388
1022,@KN>,@SUBJ,@ADVL->@KN>,26,83.87096774193549,31,0.008483667571591209
610,@NN>,@P>,@P>->@NN>,26,1.3926084627745046,1867,0.5109357211664769
3,@NN>,@ADVL,@<Q->@NN>,26,0.24980784012298232,10408,2.8483229704877835
487,@IMV,@IMV,@OBJ->@IMV,26,5.394190871369295,482,0.1319073474034504
662,@ADVL,@IMV,@Vpart->@ADVL,26,0.4552617755209245,5711,1.5629105000437866
287,@<NN,@SUBJ,@OBJ->@<NN,25,1.2065637065637065,2072,0.567037393817322
70,@<INFN,@SUBJ,@OBJ->@<INFN,25,10.37344398340249,241,0.0659536737017252
4,@NN>,@ADVL,@AN>->@NN>,25,0.24019984627209837,10408,2.8483229704877835
424,@KN>,@ADVL,@ADVL->@KN>,25,80.64516129032258,31,0.008483667571591209
95,@<NN,@P>,@ADVL->@<NN,25,26.31578947368421,95,0.025998336106489182
431,@OBJ,@SUBJ,@ADVL->@OBJ,25,2.8901734104046244,865,0.23672169191698045
204,@NN>,@NN>,@AN>->@NN>,24,0.26528130872112304,9047,2.4758625974253436
66,@SUBJ,@FMV,@<Q->@SUBJ,24,0.20178241129981506,11894,3.254991680532446
740,@NN>,root,@ADVL->@NN>,24,2.3506366307541624,1021,0.2794136964707943
133,@<Q,@ADVL,@<NN->@<Q,24,1.5199493350221658,1579,0.432119712759436
182,@ADVL,@ADVL,@Vpart->@ADVL,24,0.2939015429831006,8166,2.2347622383746386
157,@NN>,@SUBJ,@AN>->@NN>,23,0.22276029055690072,10325,2.8256086347315876
650,@NN>,@<NN,@<Q->@NN>,23,1.0286225402504472,2236,0.6119187319379981
960,@ADVL,@<INFN,@OBJ->@ADVL,23,4.684317718940937,491,0.13437034766617043
363,@ADVL,@PRD,@PRD->@ADVL,23,1.1511511511511512,1998,0.5467860583238462
1091,@Vpart,@AN>,@ADVL->@Vpart,23,33.33333333333333,69,0.018883002014186884
916,@FMV,@SUBJ,root->@FMV,22,2.217741935483871,992,0.2714773622909187
155,@NN>,@SUBJ,@<NN->@NN>,22,0.21307506053268765,10325,2.8256086347315876
19,@OBJ,@FMV,@P>->@OBJ,22,0.3669724770642202,5995,1.6406318416673966
557,@<AN,@<AN,@PRD->@<AN,22,55.00000000000001,40,0.010946667834311235
61,@SUBJ,@FMV,@<INFN->@SUBJ,21,0.17655960988733815,11894,3.254991680532446
526,@PRD,root,@<NN->@PRD,21,0.5714285714285714,3675,1.0057251072773448
13,@OBJ,@FMV,@<Q->@OBJ,21,0.3502919099249375,5995,1.6406318416673966
366,@ADVL,@PRD,@<NN->@ADVL,21,1.0510510510510511,1998,0.5467860583238462
252,@SUBJ,@SUBJ,@<INFN->@SUBJ,21,0.7551240560949299,2781,0.7610670811804886
59,@SUBJ,@FMV,@P>->@SUBJ,21,0.17655960988733815,11894,3.254991680532446
135,@<Q,@ADVL,@SUBJ->@<Q,20,1.266624445851805,1579,0.432119712759436
165,@AN>,@ADVL,@PRD->@AN>,20,0.31441597233139446,6361,1.7407938523513442
910,@DN>,@AN>,@ADVL->@DN>,20,100.0,20,0.0054733339171556174
143,@ADVL,@SUBJ,@SUBJ->@ADVL,20,0.8580008580008579,2331,0.6379170680444872
755,@<P,@<P,@SUBJ->@<P,20,18.34862385321101,109,0.029829669848498115
1046,@AN>,@OBJ,@NN>->@AN>,20,0.4575611988103409,4371,1.1961971275943604
17,@OBJ,@FMV,@<NN->@OBJ,20,0.3336113427856547,5995,1.6406318416673966
551,@<AN,@SUBJ,@PRD->@<AN,20,30.303030303030305,66,0.018062001926613537
215,@ADVL,@FMV,@<Q->@ADVL,20,0.11153867603591544,17931,4.907117523425869
195,@<NN,@ADVL,@<Q->@<NN,20,1.4577259475218658,1372,0.3754707067168754
817,@FMV,@IMV,@FCV->@FMV,19,1.9367991845056065,981,0.26846702863648303
49,@SUBJ,root,@AN>->@SUBJ,19,0.09473946646721516,20055,5.488385585427795
790,@<Q,@<Q,@ADVL->@<Q,19,3.2590051457975986,583,0.15954768368508626
253,@SUBJ,@SUBJ,@<Q->@SUBJ,19,0.6832074793239842,2781,0.7610670811804886
86,@ADVL,@<NN,@NN>->@ADVL,19,11.515151515151516,165,0.045155004816533846
147,@ADVL,@SUBJ,@<KN->@ADVL,19,0.8151008151008152,2331,0.6379170680444872
880,@FMV,@FMV,@FCV->@FMV,19,0.5419281232173417,3506,0.9594754356773798
139,@ADVL,@SUBJ,@Vpart->@ADVL,19,0.8151008151008152,2331,0.6379170680444872
723,@AN>,@NN>,@PRD->@AN>,18,0.4150334332487895,4337,1.1868924599351955
569,@PRD,@SUBJ,@<NN->@PRD,18,10.05586592178771,179,0.048986338558542786
353,@IMV,@FMV,root->@IMV,18,2.455661664392906,733,0.2005976880637534
299,@NN>,@OBJ,@<NN->@NN>,18,0.3132068905515921,5747,1.5727625010946669
289,@<NN,@SUBJ,@PRD->@<NN,18,0.8687258687258688,2072,0.567037393817322
992,@PRD,@IMV,@SUBJ->@PRD,18,11.25,160,0.04378667133724494
816,@FMV,@IMV,root->@FMV,18,1.834862385321101,981,0.26846702863648303
364,@ADVL,@PRD,@SUBJ->@ADVL,17,0.8508508508508509,1998,0.5467860583238462
757,@<P,@<P,@NN>->@<P,17,15.59633027522936,109,0.029829669848498115
322,@ADVL,@OBJ,@Vpart->@ADVL,17,0.9356081452944414,1817,0.49725238637358793
1247,@B,root,@ADVL->@B,17,94.44444444444444,18,0.004926000525440056
396,@<NN,@<NN,@<Q->@<NN,17,1.073232323232323,1584,0.43348804623872494
50,@SUBJ,root,@<P->@SUBJ,17,0.08476689104961356,20055,5.488385585427795
472,@ADVL,@NN>,@NN>->@ADVL,17,5.88235294117647,289,0.07908967510289867
37,@OBJ,root,@<P->@OBJ,17,0.19605581824472376,8671,2.3729639197828183
459,@OBJ,@OBJ,@PRD->@OBJ,17,0.6343283582089552,2680,0.7334267448988528
6,@NN>,@ADVL,@PRD->@NN>,17,0.16333589546502691,10408,2.8483229704877835
212,@ADVL,@FMV,@<P->@ADVL,16,0.08923094082873237,17931,4.907117523425869
491,@IMV,@IMV,@SUBJ->@IMV,16,3.319502074688797,482,0.1319073474034504
125,@ADVL,root,@P>->@ADVL,16,0.04830626169917276,33122,9.064388300201419
1062,@<KN,@PRD,@ADVL->@<KN,16,57.14285714285714,28,0.007662667484017865
178,@ADVL,@ADVL,root->@ADVL,16,0.19593436198873376,8166,2.2347622383746386
1048,@AN>,@OBJ,@ADVL->@AN>,16,0.3660489590482727,4371,1.1961971275943604
334,@PRD,@PRD,@NN>->@PRD,16,2.5889967637540456,618,0.1691260180401086
463,@OBJ,@OBJ,@P>->@OBJ,16,0.5970149253731344,2680,0.7334267448988528
1006,@<DN,@OBJ,@ADVL->@<DN,16,88.88888888888889,18,0.004926000525440056
963,@ADVL,@<INFN,@NN>->@ADVL,16,3.2586558044806515,491,0.13437034766617043
1104,@<DN,root,@ADVL->@<DN,16,72.72727272727273,22,0.006020667308871179
398,@<NN,@<NN,@PRD->@<NN,16,1.0101010101010102,1584,0.43348804623872494
793,@<Q,@<Q,@NN>->@<Q,16,2.7444253859348198,583,0.15954768368508626
887,@<AN,@ADVL,@ADVL->@<AN,15,62.5,24,0.0065680007005867415
542,@ADVL,@AN>,@<P->@ADVL,15,0.2788622420524261,5379,1.4720531570190034
798,@AN>,@SUBJ,@ADVL->@AN>,15,0.2652989034311991,5654,1.547311498379893
247,@SUBJ,@SUBJ,@P>->@SUBJ,15,0.5393743257820928,2781,0.7610670811804886
35,@OBJ,root,@PRD->@OBJ,15,0.17299042786299157,8671,2.3729639197828183
719,@<NN,@NN>,@SUBJ->@<NN,15,4.166666666666666,360,0.09852001050880113
80,@P>,@ADVL,@<NN->@P>,15,0.2691548537591961,5573,1.525144496015413
462,@OBJ,@OBJ,@<Q->@OBJ,15,0.5597014925373134,2680,0.7334267448988528
586,@FMV,@ADVL,root->@FMV,15,2.1520803443328553,697,0.19074568701287328
627,@<NN,@<Q,@NN>->@<NN,15,6.550218340611353,229,0.06266967335143182
288,@<NN,@SUBJ,@<Q->@<NN,15,0.7239382239382239,2072,0.567037393817322
410,@SUBJ,@ADVL,@NN>->@SUBJ,14,19.17808219178082,73,0.019977668797618003
384,@Vpart,@ADVL,@ADVL->@Vpart,14,8.484848484848486,165,0.045155004816533846
733,@<NN,@<P,@<P->@<NN,14,14.000000000000002,100,0.02736666958577809
696,@<Q,@<NN,@ADVL->@<Q,14,8.75,160,0.04378667133724494
724,@AN>,@NN>,@ADVL->@AN>,14,0.3228037814157252,4337,1.1868924599351955
18,@OBJ,@FMV,@PRD->@OBJ,14,0.23352793994995832,5995,1.6406318416673966
930,@<P,@<KN,@ADVL->@<P,14,7.179487179487179,195,0.05336500569226727
838,@??,@??,@AN>->@??,14,10.852713178294573,129,0.035303003765653734
1034,@VOC,root,@OBJ->@VOC,14,19.718309859154928,71,0.019430335405902444
183,@ADVL,@ADVL,@<KN->@ADVL,14,0.17144256674014205,8166,2.2347622383746386
943,@P>,@P>,@NN>->@P>,14,2.5830258302583027,542,0.14832734915491724
498,@<P,@ADVL,@<NN->@<P,14,0.9722222222222222,1440,0.3940800420352045
207,@NN>,@NN>,@PRD->@NN>,14,0.15474743008732178,9047,2.4758625974253436
65,@SUBJ,@FMV,@<P->@SUBJ,14,0.11770640659155877,11894,3.254991680532446
622,@<NN,@<Q,@SUBJ->@<NN,14,6.11353711790393,229,0.06266967335143182
1039,@<DN,@PRD,@ADVL->@<DN,13,86.66666666666667,15,0.0041050004378667135
411,@SUBJ,@ADVL,@OBJ->@SUBJ,13,17.80821917808219,73,0.019977668797618003
1063,@VOC,@FMV,@SUBJ->@VOC,13,40.625,32,0.008757334267448989
574,@PRD,@SUBJ,@SUBJ->@PRD,13,7.262569832402235,179,0.048986338558542786
399,@<NN,@<NN,@P>->@<NN,13,0.8207070707070708,1584,0.43348804623872494
919,@ICV,root,root->@ICV,13,22.413793103448278,58,0.01587266835975129
481,@SUBJ,@IMV,@PRD->@SUBJ,13,0.6109022556390977,2128,0.5823627287853578
341,@PRD,@PRD,@OBJ->@PRD,13,2.103559870550162,618,0.1691260180401086
34,@OBJ,root,@IMV->@OBJ,13,0.14992503748125938,8671,2.3729639197828183
357,@IMV,@FMV,@SUBJ->@IMV,13,1.7735334242837655,733,0.2005976880637534
445,@<NN,@OBJ,@<Q->@<NN,12,1.0353753235547885,1159,0.31717970049916805
1044,@<DN,@<NN,@ADVL->@<DN,12,92.3076923076923,13,0.003557667046151152
418,@<Q,@SUBJ,@<NN->@<Q,12,1.2539184952978055,957,0.2618990279358963
145,@ADVL,@SUBJ,@AN>->@ADVL,12,0.5148005148005148,2331,0.6379170680444872
695,@<Q,@<NN,@<NN->@<Q,12,7.5,160,0.04378667133724494
998,@P>,@<KN,@NN>->@P>,12,1.8927444794952681,634,0.17350468517383308
773,@<INFN,@<INFN,@SUBJ->@<INFN,12,16.43835616438356,73,0.019977668797618003
775,@<INFN,@<INFN,@OBJ->@<INFN,12,16.43835616438356,73,0.019977668797618003
51,@SUBJ,root,@IMV->@SUBJ,12,0.05983545250560958,20055,5.488385585427795
699,@<NN,@PRD,@PRD->@<NN,12,6.217616580310881,193,0.05281767230055171
20,@OBJ,@FMV,@<INFN->@OBJ,12,0.2001668056713928,5995,1.6406318416673966
203,@NN>,@NN>,root->@NN>,12,0.13264065436056152,9047,2.4758625974253436
702,@<NN,@PRD,@SUBJ->@<NN,12,6.217616580310881,193,0.05281767230055171
221,@ADVL,@FMV,root->@ADVL,12,0.06692320562154927,17931,4.907117523425869
792,@<Q,@<Q,@<NN->@<Q,12,2.0583190394511153,583,0.15954768368508626
71,@<INFN,@SUBJ,@IMV->@<INFN,12,4.979253112033195,241,0.0659536737017252
1116,@??,root,@ADVL->@??,12,37.5,32,0.008757334267448989
866,@AN>,@P>,@PRD->@AN>,12,0.9174311926605505,1308,0.3579560381819774
488,@IMV,@IMV,root->@IMV,11,2.2821576763485476,482,0.1319073474034504
409,@SUBJ,@ADVL,@<NN->@SUBJ,11,15.068493150684931,73,0.019977668797618003
421,@<Q,@SUBJ,@PRD->@<Q,11,1.1494252873563218,957,0.2618990279358963
420,@<Q,@SUBJ,@ADVL->@<Q,11,1.1494252873563218,957,0.2618990279358963
1163,@NONE,@NONE,@NN>->@NONE,11,42.30769230769231,26,0.007115334092302304
575,@PRD,@SUBJ,@ADVL->@PRD,11,6.145251396648044,179,0.048986338558542786
176,@ADVL,@ADVL,@<P->@ADVL,11,0.13470487386725447,8166,2.2347622383746386
1159,@Punc,root,@ADVL->@Punc,11,0.19534718522464925,5631,1.5410171643751642
598,@OBJ,@<INFN,@SUBJ->@OBJ,11,3.1884057971014492,345,0.09441501007093442
127,@ADVL,root,@<DN->@ADVL,11,0.03321055491818127,33122,9.064388300201419
661,@ADVL,@IMV,@AN>->@ADVL,11,0.1926107511819296,5711,1.5629105000437866
45,@SUBJ,root,@VOC->@SUBJ,11,0.05484916479680877,20055,5.488385585427795
303,@NN>,@OBJ,@<Q->@NN>,11,0.19140421089263965,5747,1.5727625010946669
840,@??,@??,@ADVL->@??,11,8.527131782945736,129,0.035303003765653734
758,@<P,@<P,@OBJ->@<P,11,10.091743119266056,109,0.029829669848498115
423,@KN>,@OBJ,@ADVL->@KN>,11,100.0,11,0.0030103336544355895
762,@<Q,root,root->@<Q,10,10.638297872340425,94,0.025724669410631402
748,@NN>,@<P,@ADVL->@NN>,10,2.1739130434782608,460,0.1258866800945792
851,@<INFN,@OBJ,@IMV->@<INFN,10,5.555555555555555,180,0.049260005254400566
365,@ADVL,@PRD,@OBJ->@ADVL,10,0.5005005005005005,1998,0.5467860583238462
149,@ADVL,@SUBJ,@PRD->@ADVL,10,0.42900042900042895,2331,0.6379170680444872
397,@<NN,@<NN,root->@<NN,10,0.6313131313131313,1584,0.43348804623872494
636,@<AN,@PRD,@PRD->@<AN,10,50.0,20,0.0054733339171556174
31,@OBJ,root,@AN>->@OBJ,10,0.11532695190866105,8671,2.3729639197828183
63,@SUBJ,@FMV,@AN>->@SUBJ,10,0.08407600470825627,11894,3.254991680532446
581,@ICV,@IMV,@IMV->@ICV,10,17.543859649122805,57,0.01559900166389351
192,@<NN,@ADVL,@PRD->@<NN,10,0.7288629737609329,1372,0.3754707067168754
304,@NN>,@OBJ,@AN>->@NN>,10,0.17400382808421785,5747,1.5727625010946669
871,@DN>,@<P,@ADVL->@DN>,10,90.9090909090909,11,0.0030103336544355895
16,@OBJ,@FMV,@AN>->@OBJ,10,0.16680567139282734,5995,1.6406318416673966
244,@SUBJ,@SUBJ,@AN>->@SUBJ,10,0.35958288385472853,2781,0.7610670811804886
549,@<AN,@SUBJ,@AN>->@<AN,10,15.151515151515152,66,0.018062001926613537
624,@<NN,@<Q,@<Q->@<NN,9,3.9301310043668125,229,0.06266967335143182
12,@OBJ,@FMV,@<P->@OBJ,9,0.1501251042535446,5995,1.6406318416673966
668,@ADVL,@IMV,@<KN->@ADVL,9,0.15759061460339696,5711,1.5629105000437866
328,@ADVL,@OBJ,@SUBJ->@ADVL,9,0.49532195927352773,1817,0.49725238637358793
965,@ADVL,@<INFN,@<NN->@ADVL,9,1.8329938900203666,491,0.13437034766617043
185,@ADVL,@ADVL,@P>->@ADVL,9,0.11021307861866275,8166,2.2347622383746386
263,@OBJ,@IMV,@<NN->@OBJ,9,0.3712871287128713,2424,0.6633680707592609
768,@<INFN,root,root->@<INFN,9,34.61538461538461,26,0.007115334092302304
259,@OBJ,@IMV,@IMV->@OBJ,9,0.3712871287128713,2424,0.6633680707592609
832,@IMV,@OBJ,@OBJ->@IMV,9,4.972375690607735,181,0.049533671950258346
291,@<NN,@SUBJ,root->@<NN,9,0.4343629343629344,2072,0.567037393817322
276,@IMV,root,@<INFN->@IMV,9,0.3469545104086353,2594,0.7098914090550836
1009,@KN>,@NN>,@ADVL->@KN>,9,100.0,9,0.002463000262720028
694,@<Q,@<NN,@NN>->@<Q,9,5.625,160,0.04378667133724494
685,@<AN,@OBJ,@PRD->@<AN,9,17.647058823529413,51,0.013957001488746826
683,@<AN,@OBJ,@ADVL->@<AN,9,17.647058823529413,51,0.013957001488746826
141,@ADVL,@SUBJ,@<Q->@ADVL,9,0.3861003861003861,2331,0.6379170680444872
999,@P>,@<KN,@OBJ->@P>,8,1.2618296529968454,634,0.17350468517383308
1211,@<KN,@<Q,@ADVL->@<KN,8,47.05882352941176,17,0.004652333829582275
460,@OBJ,@OBJ,@AN>->@OBJ,8,0.2985074626865672,2680,0.7334267448988528
1005,@FCV,@FMV,@FMV->@FCV,8,26.666666666666668,30,0.008210000875733427
795,@<Q,@<Q,root->@<Q,8,1.3722126929674099,583,0.15954768368508626
524,@PRD,root,@<AN->@PRD,8,0.21768707482993196,3675,1.0057251072773448
837,@??,@??,@SUBJ->@??,8,6.2015503875969,129,0.035303003765653734
161,@NN>,@SUBJ,@<Q->@NN>,8,0.07748184019370459,10325,2.8256086347315876
412,@SUBJ,@ADVL,@ADVL->@SUBJ,8,10.95890410958904,73,0.019977668797618003
511,@OBJ,@AN>,@<Q->@OBJ,8,1.48975791433892,537,0.14695901567562833
591,@SUBJ,@<NN,@<NN->@SUBJ,8,50.0,16,0.004378667133724494
489,@IMV,@IMV,@<INFN->@IMV,8,1.6597510373443984,482,0.1319073474034504
1073,@IMV,@SUBJ,@ADVL->@IMV,8,3.3057851239669422,242,0.06622734039758298
213,@ADVL,@FMV,@P>->@ADVL,8,0.044615470414366185,17931,4.907117523425869
206,@NN>,@NN>,@<P->@NN>,8,0.088427102907041,9047,2.4758625974253436
205,@NN>,@NN>,@P>->@NN>,8,0.088427102907041,9047,2.4758625974253436
570,@PRD,@SUBJ,@NN>->@PRD,8,4.4692737430167595,179,0.048986338558542786
1078,@<KN,root,root->@<KN,8,34.78260869565217,23,0.00629433400472896
377,@OBJ,@ADVL,@IMV->@OBJ,8,0.7736943907156674,1034,0.28297136351694546
682,@<AN,@OBJ,@AN>->@<AN,8,15.686274509803921,51,0.013957001488746826
743,@NN>,root,@SUBJ->@NN>,8,0.7835455435847208,1021,0.2794136964707943
368,@ADVL,@PRD,@IMV->@ADVL,8,0.40040040040040037,1998,0.5467860583238462
401,@NN>,@AN>,@<Q->@NN>,8,2.5316455696202533,316,0.08647867589105876
97,@<NN,@P>,@NN>->@<NN,8,8.421052631578947,95,0.025998336106489182
667,@ADVL,@IMV,@PRD->@ADVL,8,0.14008054631413064,5711,1.5629105000437866
700,@<NN,@PRD,@NN>->@<NN,8,4.145077720207254,193,0.05281767230055171
101,@AN>,@AN>,@PRD->@AN>,7,0.7847533632286996,892,0.24411069270514055
1053,@DN>,@<Q,@ADVL->@DN>,7,53.84615384615385,13,0.003557667046151152
852,@<INFN,@OBJ,@SUBJ->@<INFN,7,3.888888888888889,180,0.049260005254400566
625,@<NN,@<Q,@OBJ->@<NN,7,3.056768558951965,229,0.06266967335143182
664,@ADVL,@IMV,@IMV->@ADVL,7,0.1225704780248643,5711,1.5629105000437866
432,@OBJ,@SUBJ,@PRD->@OBJ,7,0.8092485549132947,865,0.23672169191698045
530,@PRD,root,@<Q->@PRD,7,0.19047619047619047,3675,1.0057251072773448
1110,@??,root,@NN>->@??,7,21.875,32,0.008757334267448989
376,@OBJ,@ADVL,@<Q->@OBJ,7,0.6769825918762089,1034,0.28297136351694546
388,@FMV,root,@IMV->@FMV,7,0.0706143447997579,9913,2.712857956038182
1035,@VOC,root,root->@VOC,7,9.859154929577464,71,0.019430335405902444
36,@OBJ,root,@DN>->@OBJ,7,0.08072886633606273,8671,2.3729639197828183
1075,@IMV,@SUBJ,root->@IMV,7,2.8925619834710745,242,0.06622734039758298
556,@<AN,@<AN,@AN>->@<AN,7,17.5,40,0.010946667834311235
609,@NN>,@P>,@<Q->@NN>,7,0.3749330476700589,1867,0.5109357211664769
473,@ADVL,@NN>,@<NN->@ADVL,7,2.422145328719723,289,0.07908967510289867
1019,@FMV,@OBJ,root->@FMV,7,1.0574018126888218,662,0.18116735265785094
831,@IMV,@OBJ,@ADVL->@IMV,7,3.867403314917127,181,0.049533671950258346
465,@OBJ,@OBJ,@<INFN->@OBJ,7,0.2611940298507463,2680,0.7334267448988528
756,@<P,@<P,@<NN->@<P,7,6.422018348623854,109,0.029829669848498115
527,@PRD,root,@<INFN->@PRD,7,0.19047619047619047,3675,1.0057251072773448
1002,@P>,@<KN,@SUBJ->@P>,7,1.1041009463722398,634,0.17350468517383308
1001,@P>,@<KN,@<Q->@P>,7,1.1041009463722398,634,0.17350468517383308
808,@NN>,@<Q,@ADVL->@NN>,7,3.070175438596491,228,0.06239600665557404
803,@AN>,@SUBJ,root->@AN>,7,0.12380615493455961,5654,1.547311498379893
278,@IMV,root,@FMV->@IMV,7,0.2698535080956052,2594,0.7098914090550836
573,@PRD,@SUBJ,@OBJ->@PRD,7,3.910614525139665,179,0.048986338558542786
1246,@B,@FMV,@ADVL->@B,7,100.0,7,0.0019156668710044661
600,@OBJ,@<INFN,@ADVL->@OBJ,6,1.7391304347826086,345,0.09441501007093442
947,@KN>,@AN>,@ADVL->@KN>,6,85.71428571428571,7,0.0019156668710044661
1050,@AN>,@OBJ,@PRD->@AN>,6,0.13726835964310227,4371,1.1961971275943604
1015,@<KN,@<NN,@<Q->@<KN,6,7.59493670886076,79,0.02161966897276469
98,@<NN,@P>,@SUBJ->@<NN,6,6.315789473684211,95,0.025998336106489182
1067,@Vpart,@OBJ,@ADVL->@Vpart,6,2.2641509433962264,265,0.07252167440231194
961,@ADVL,@<INFN,@Vpart->@ADVL,6,1.2219959266802443,491,0.13437034766617043
964,@ADVL,@<INFN,@<KN->@ADVL,6,1.2219959266802443,491,0.13437034766617043
100,@AN>,@AN>,@ADVL->@AN>,6,0.672645739910314,892,0.24411069270514055
580,@ICV,@IMV,@FCV->@ICV,6,10.526315789473683,57,0.01559900166389351
124,@ADVL,root,@KN>->@ADVL,6,0.018114848137189783,33122,9.064388300201419
1056,@AN>,@<NN,@NN>->@AN>,6,0.6109979633401221,982,0.26874069533234085
993,@PRD,@IMV,@AN>->@PRD,6,3.75,160,0.04378667133724494
675,@DN>,@ADVL,@Vpart->@DN>,6,0.44609665427509293,1345,0.3680817059287153
550,@<AN,@SUBJ,@SUBJ->@<AN,6,9.090909090909092,66,0.018062001926613537
1220,@Vpart,@SUBJ,@ADVL->@Vpart,6,3.428571428571429,175,0.04789167177511165
868,@AN>,@P>,@P>->@AN>,6,0.45871559633027525,1308,0.3579560381819774
785,@<AN,@NN>,@AN>->@<AN,6,85.71428571428571,7,0.0019156668710044661
764,@<Q,root,@NN>->@<Q,6,6.382978723404255,94,0.025724669410631402
802,@AN>,@SUBJ,@SUBJ->@AN>,6,0.10611956137247967,5654,1.547311498379893
290,@<NN,@SUBJ,@P>->@<NN,6,0.28957528957528955,2072,0.567037393817322
630,@NN>,@PRD,@OBJ->@NN>,6,0.6048387096774194,992,0.2714773622909187
735,@<NN,@<P,@NN>->@<NN,6,6.0,100,0.02736666958577809
1180,@<KN,@<P,@ADVL->@<KN,6,75.0,8,0.002189333566862247
857,@SUBJ,@OBJ,@OBJ->@SUBJ,6,18.181818181818183,33,0.009031000963306769
652,@NN>,@<NN,root->@NN>,6,0.26833631484794274,2236,0.6119187319379981
867,@AN>,@P>,@ADVL->@AN>,6,0.45871559633027525,1308,0.3579560381819774
329,@ADVL,@OBJ,@IMV->@ADVL,6,0.3302146395156852,1817,0.49725238637358793
367,@ADVL,@PRD,root->@ADVL,6,0.3003003003003003,1998,0.5467860583238462
718,@<NN,@NN>,@OBJ->@<NN,6,1.6666666666666667,360,0.09852001050880113
1086,@KN>,@<NN,@ADVL->@KN>,6,85.71428571428571,7,0.0019156668710044661
931,@<P,@<KN,@OBJ->@<P,6,3.076923076923077,195,0.05336500569226727
239,@<Q,@OBJ,@ADVL->@<Q,6,0.7894736842105263,760,0.20798668885191346
1166,@NONE,@NONE,@ADVL->@NONE,6,23.076923076923077,26,0.007115334092302304
671,@ADVL,@IMV,@<Q->@ADVL,5,0.08755034144633164,5711,1.5629105000437866
1027,@ADVL,@DN>,@AN>->@ADVL,5,3.225806451612903,155,0.04241833785795604
750,@NN>,@<P,@SUBJ->@NN>,5,1.0869565217391304,460,0.1258866800945792
1350,@J,@<NN,@ADVL->@J,5,0.8264462809917356,605,0.16556835099395742
1047,@AN>,@OBJ,@OBJ->@AN>,5,0.11439029970258523,4371,1.1961971275943604
655,@NN>,@<NN,@PRD->@NN>,5,0.22361359570661896,2236,0.6119187319379981
737,@<NN,@<P,@<Q->@<NN,5,5.0,100,0.02736666958577809
701,@<NN,@PRD,@<Q->@<NN,5,2.5906735751295336,193,0.05281767230055171
1024,@ADVL,@DN>,@SUBJ->@ADVL,5,3.225806451612903,155,0.04241833785795604
710,@OBJ,@PRD,@NN>->@OBJ,5,10.204081632653061,49,0.013409668097031263
658,@NN>,@<NN,@AN>->@NN>,5,0.22361359570661896,2236,0.6119187319379981
946,@P>,@P>,@SUBJ->@P>,5,0.9225092250922509,542,0.14832734915491724
770,@<INFN,root,@SUBJ->@<INFN,5,19.230769230769234,26,0.007115334092302304
616,@IMV,@ADVL,root->@IMV,5,2.2123893805309733,226,0.06184867326385848
1081,@Q>,@ADVL,@ADVL->@Q>,5,38.46153846153847,13,0.003557667046151152
596,@<INFN,@ADVL,@SUBJ->@<INFN,5,9.433962264150944,53,0.014504334880462388
1074,@IMV,@SUBJ,@OBJ->@IMV,5,2.066115702479339,242,0.06622734039758298
593,@<INFN,@ADVL,root->@<INFN,5,9.433962264150944,53,0.014504334880462388
954,@SUBJ,@FCV,@OBJ->@SUBJ,5,10.416666666666668,48,0.013136001401173483
900,@<Q,@PRD,@PRD->@<Q,5,3.787878787878788,132,0.036124003853227074
898,@<Q,@PRD,@SUBJ->@<Q,5,3.787878787878788,132,0.036124003853227074
1139,@KN>,@P>,@ADVL->@KN>,5,100.0,5,0.0013683334792889044
645,@SUBJ,@NN>,@NN>->@SUBJ,5,35.714285714285715,14,0.0038313337420089323
856,@SUBJ,@OBJ,@NN>->@SUBJ,5,15.151515151515152,33,0.009031000963306769
839,@??,@??,@<NN->@??,5,3.875968992248062,129,0.035303003765653734
996,@PRD,@IMV,@ADVL->@PRD,5,3.125,160,0.04378667133724494
1290,@??,@SUBJ,@<NN->@??,5,55.55555555555556,9,0.002463000262720028
1000,@P>,@<KN,@<NN->@P>,5,0.7886435331230284,634,0.17350468517383308
938,@<P,@<KN,@<Q->@<P,5,2.564102564102564,195,0.05336500569226727
1161,@<KN,@<KN,@ADVL->@<KN,5,62.5,8,0.002189333566862247
617,@IMV,@ADVL,@OBJ->@IMV,5,2.2123893805309733,226,0.06184867326385848
681,@<DN,@ADVL,@Vpart->@<DN,5,13.513513513513514,37,0.010125667746737893
151,@ADVL,@SUBJ,@<DN->@ADVL,5,0.21450021450021448,2331,0.6379170680444872
9,@NN>,@ADVL,root->@NN>,5,0.048039969254419675,10408,2.8483229704877835
483,@SUBJ,@IMV,@P>->@SUBJ,5,0.2349624060150376,2128,0.5823627287853578
62,@SUBJ,@FMV,root->@SUBJ,5,0.042038002354128134,11894,3.254991680532446
348,@SUBJ,@PRD,@NN>->@SUBJ,5,23.809523809523807,21,0.005747000613013399
514,@OBJ,@AN>,@<P->@OBJ,5,0.931098696461825,537,0.14695901567562833
346,@SUBJ,@PRD,@PRD->@SUBJ,5,23.809523809523807,21,0.005747000613013399
5,@NN>,@ADVL,@<P->@NN>,5,0.048039969254419675,10408,2.8483229704877835
325,@ADVL,@OBJ,@<KN->@ADVL,5,0.27517886626307103,1817,0.49725238637358793
277,@IMV,root,@ICV->@IMV,5,0.1927525057825752,2594,0.7098914090550836
316,@PRD,@FMV,@<NN->@PRD,5,0.21123785382340513,2367,0.6477690690953674
315,@PRD,@FMV,@<INFN->@PRD,5,0.21123785382340513,2367,0.6477690690953674
148,@ADVL,@SUBJ,root->@ADVL,4,0.1716001716001716,2331,0.6379170680444872
427,@<P,@KN>,@AN>->@<P,4,30.76923076923077,13,0.003557667046151152
981,@DN>,@FMV,@ADVL->@DN>,4,44.44444444444444,9,0.002463000262720028
383,@OBJ,@ADVL,@<NN->@OBJ,4,0.3868471953578337,1034,0.28297136351694546
1037,@VOC,root,@ADVL->@VOC,4,5.633802816901409,71,0.019430335405902444
404,@NN>,@AN>,@SUBJ->@NN>,4,1.2658227848101267,316,0.08647867589105876
693,@<Q,@<NN,@SUBJ->@<Q,4,2.5,160,0.04378667133724494
249,@SUBJ,@SUBJ,root->@SUBJ,4,0.1438331535418914,2781,0.7610670811804886
874,@NN>,@FMV,@ADVL->@NN>,4,14.814814814814813,27,0.007389000788160084
8,@NN>,@ADVL,@DN>->@NN>,4,0.03843197540353574,10408,2.8483229704877835
1043,@ADVL,@J,@DN>->@ADVL,4,1.8867924528301887,212,0.05801733952184955
1295,@VpartN,@ADVL,@Vpart->@VpartN,4,80.0,5,0.0013683334792889044
670,@ADVL,@IMV,root->@ADVL,4,0.07004027315706532,5711,1.5629105000437866
1299,@FMV,@<NN,root->@FMV,4,2.564102564102564,156,0.04269200455381382
1206,@??,@OBJ,@OBJ->@??,4,44.44444444444444,9,0.002463000262720028
1124,@AN>,root,@NN>->@AN>,4,0.8097165991902834,494,0.13519134775374378
1051,@AN>,@OBJ,root->@AN>,4,0.09151223976206818,4371,1.1961971275943604
1055,@AN>,@<NN,@ADVL->@AN>,4,0.40733197556008144,982,0.26874069533234085
634,@NN>,@PRD,@AN>->@NN>,4,0.4032258064516129,992,0.2714773622909187
467,@OBJ,@OBJ,root->@OBJ,4,0.1492537313432836,2680,0.7334267448988528
168,@AN>,@ADVL,@IMV->@AN>,4,0.0628831944662789,6361,1.7407938523513442
1165,@NONE,@NONE,@<NN->@NONE,4,15.384615384615385,26,0.007115334092302304
479,@SUBJ,@IMV,@<NN->@SUBJ,4,0.18796992481203006,2128,0.5823627287853578
482,@SUBJ,@IMV,@<Q->@SUBJ,4,0.18796992481203006,2128,0.5823627287853578
150,@ADVL,@SUBJ,@IMV->@ADVL,4,0.1716001716001716,2331,0.6379170680444872
705,@AN>,@PRD,@ADVL->@AN>,4,0.3996003996003996,1001,0.2739403625536387
378,@OBJ,@ADVL,@<P->@OBJ,4,0.3868471953578337,1034,0.28297136351694546
783,@<Q,@<P,@NN>->@<Q,4,3.2,125,0.03420833698222261
994,@PRD,@IMV,@NN>->@PRD,4,2.5,160,0.04378667133724494
781,@<Q,@<P,@<P->@<Q,4,3.2,125,0.03420833698222261
159,@NN>,@SUBJ,@<P->@NN>,4,0.038740920096852295,10325,2.8256086347315876
771,@<INFN,root,@OBJ->@<INFN,4,15.384615384615385,26,0.007115334092302304
282,@IMV,root,@<NN->@IMV,4,0.15420200462606012,2594,0.7098914090550836
331,@ADVL,@OBJ,@AN>->@ADVL,4,0.2201430930104568,1817,0.49725238637358793
1012,@DN>,@DN>,@ADVL->@DN>,4,80.0,5,0.0013683334792889044
136,@<Q,@ADVL,root->@<Q,4,0.253324889170361,1579,0.432119712759436
160,@NN>,@SUBJ,@PRD->@NN>,4,0.038740920096852295,10325,2.8256086347315876
1225,@<NN,@AN>,@NN>->@<NN,4,23.52941176470588,17,0.004652333829582275
338,@PRD,@PRD,@<AN->@PRD,4,0.6472491909385114,618,0.1691260180401086
809,@NN>,@<Q,@<NN->@NN>,4,1.7543859649122806,228,0.06239600665557404
264,@OBJ,@IMV,@P>->@OBJ,4,0.16501650165016502,2424,0.6633680707592609
162,@NN>,@SUBJ,root->@NN>,4,0.038740920096852295,10325,2.8256086347315876
158,@NN>,@SUBJ,@P>->@NN>,4,0.038740920096852295,10325,2.8256086347315876
1218,@Vpart,@<INFN,@ADVL->@Vpart,4,6.153846153846154,65,0.017788335230755757
1261,@J,@NN>,@NN>->@J,4,0.3386960203217612,1181,0.32320036780803924
1235,@FCV,@ADVL,@ADVL->@FCV,4,28.57142857142857,14,0.0038313337420089323
794,@<Q,@<Q,@P>->@<Q,4,0.6861063464837049,583,0.15954768368508626
1115,@??,root,root->@??,4,12.5,32,0.008757334267448989
805,@NN>,@<Q,@SUBJ->@NN>,4,1.7543859649122806,228,0.06239600665557404
267,@OBJ,@IMV,@<INFN->@OBJ,4,0.16501650165016502,2424,0.6633680707592609
266,@OBJ,@IMV,@PRD->@OBJ,4,0.16501650165016502,2424,0.6633680707592609
917,@FMV,@SUBJ,@FCV->@FMV,4,0.4032258064516129,992,0.2714773622909187
1171,@NONE,@SUBJ,@<NN->@NONE,4,66.66666666666666,6,0.0016420001751466854
933,@<P,@<KN,@NN>->@<P,4,2.051282051282051,195,0.05336500569226727
1084,@Q>,@ADVL,@SUBJ->@Q>,4,30.76923076923077,13,0.003557667046151152
941,@P>,@P>,@OBJ->@P>,4,0.7380073800738007,542,0.14832734915491724
942,@P>,@P>,@<NN->@P>,4,0.7380073800738007,542,0.14832734915491724
501,@<P,@ADVL,@<Q->@<P,4,0.2777777777777778,1440,0.3940800420352045
72,@<INFN,@SUBJ,root->@<INFN,4,1.6597510373443984,241,0.0659536737017252
82,@P>,@ADVL,@PRD->@P>,4,0.07177462766911898,5573,1.525144496015413
496,@<P,@ADVL,@PRD->@<P,4,0.2777777777777778,1440,0.3940800420352045
525,@PRD,root,@P>->@PRD,4,0.10884353741496598,3675,1.0057251072773448
544,@ADVL,@AN>,@<KN->@ADVL,4,0.07436326454731362,5379,1.4720531570190034
589,@SUBJ,@<NN,@NN>->@SUBJ,4,25.0,16,0.004378667133724494
572,@PRD,@SUBJ,@<AN->@PRD,4,2.2346368715083798,179,0.048986338558542786
948,@OBJ,@NEG,@SUBJ->@OBJ,4,28.57142857142857,14,0.0038313337420089323
932,@<P,@<KN,@SUBJ->@<P,4,2.051282051282051,195,0.05336500569226727
194,@<NN,@ADVL,root->@<NN,4,0.2915451895043732,1372,0.3754707067168754
552,@<AN,@SUBJ,@ADVL->@<AN,4,6.0606060606060606,66,0.018062001926613537
559,@<AN,@<AN,@ADVL->@<AN,4,10.0,40,0.010946667834311235
1169,@NONE,@<NN,@<NN->@NONE,3,75.0,4,0.0010946667834311236
853,@<INFN,@OBJ,root->@<INFN,3,1.6666666666666667,180,0.049260005254400566
268,@OBJ,@IMV,@<Q->@OBJ,3,0.12376237623762376,2424,0.6633680707592609
986,@PRD,@OBJ,@ADVL->@PRD,3,10.344827586206897,29,0.007936334179875645
842,@??,@??,root->@??,3,2.3255813953488373,129,0.035303003765653734
844,@??,@??,@<Q->@??,3,2.3255813953488373,129,0.035303003765653734
128,@ADVL,root,@<AN->@ADVL,3,0.009057424068594892,33122,9.064388300201419
369,@ADVL,@PRD,@<KN->@ADVL,3,0.15015015015015015,1998,0.5467860583238462
361,@ADVL,@PRD,@Vpart->@ADVL,3,0.15015015015015015,1998,0.5467860583238462
126,@ADVL,root,@FMV->@ADVL,3,0.009057424068594892,33122,9.064388300201419
848,@??,@ADVL,@<NN->@??,3,37.5,8,0.002189333566862247
1032,@VOC,root,@PRD->@VOC,3,4.225352112676056,71,0.019430335405902444
1345,@<KN,@NN>,@ADVL->@<KN,3,75.0,4,0.0010946667834311236
371,@ADVL,@PRD,@<Q->@ADVL,3,0.15015015015015015,1998,0.5467860583238462
985,@PRD,@OBJ,@AN>->@PRD,3,10.344827586206897,29,0.007936334179875645
512,@OBJ,@AN>,@<INFN->@OBJ,3,0.5586592178770949,537,0.14695901567562833
271,@OBJ,@IMV,@AN>->@OBJ,3,0.12376237623762376,2424,0.6633680707592609
262,@OBJ,@IMV,@<P->@OBJ,3,0.12376237623762376,2424,0.6633680707592609
858,@SUBJ,@OBJ,@<NN->@SUBJ,3,9.090909090909092,33,0.009031000963306769
712,@OBJ,@PRD,@PRD->@OBJ,3,6.122448979591836,49,0.013409668097031263
379,@OBJ,@ADVL,@AN>->@OBJ,3,0.2901353965183753,1034,0.28297136351694546
613,@NN>,@P>,@AN>->@NN>,3,0.16068559185859668,1867,0.5109357211664769
1204,@??,@OBJ,@NN>->@??,3,33.33333333333333,9,0.002463000262720028
387,@FMV,root,@ADVL->@FMV,3,0.03026329062846767,9913,2.712857956038182
254,@SUBJ,@SUBJ,@<P->@SUBJ,3,0.10787486515641855,2781,0.7610670811804886
869,@AN>,@P>,@NN>->@AN>,3,0.22935779816513763,1308,0.3579560381819774
583,@ICV,@IMV,@ADVL->@ICV,3,5.263157894736842,57,0.01559900166389351
936,@<P,@<KN,@P>->@<P,3,1.5384615384615385,195,0.05336500569226727
1263,@J,@SUBJ,@NN>->@J,3,0.14698677119059284,2041,0.5585537262457309
350,@SUBJ,@PRD,@ADVL->@SUBJ,3,14.285714285714285,21,0.005747000613013399
1236,@SUBJ,@<Q,@NN>->@SUBJ,3,37.5,8,0.002189333566862247
1095,@ADVL,@<AN,@<NN->@ADVL,3,3.614457831325301,83,0.022714335756195813
1144,@Q>,root,root->@Q>,3,100.0,3,0.0008210000875733427
789,@<Q,@<Q,@PRD->@<Q,3,0.5145797598627788,583,0.15954768368508626
1242,@J,@ADVL,@P>->@J,3,0.1047851903597625,2863,0.7835077502408268
1243,@J,@ADVL,@ADVL->@J,3,0.1047851903597625,2863,0.7835077502408268
318,@PRD,@FMV,@P>->@PRD,3,0.12674271229404308,2367,0.6477690690953674
543,@ADVL,@AN>,@KN>->@ADVL,3,0.055772448410485224,5379,1.4720531570190034
541,@ADVL,@AN>,@IMV->@ADVL,3,0.055772448410485224,5379,1.4720531570190034
1142,@<INFN,@<Q,@IMV->@<INFN,3,37.5,8,0.002189333566862247
540,@ADVL,@AN>,@P>->@ADVL,3,0.055772448410485224,5379,1.4720531570190034
811,@P>,@KN>,@SUBJ->@P>,3,3.225806451612903,93,0.025451002714773623
565,@<NN,root,@PRD->@<NN,3,0.6622516556291391,453,0.12397101322357475
327,@ADVL,@OBJ,@<Q->@ADVL,3,0.1651073197578426,1817,0.49725238637358793
196,@<NN,@ADVL,@AN>->@<NN,3,0.21865889212827988,1372,0.3754707067168754
330,@ADVL,@OBJ,root->@ADVL,3,0.1651073197578426,1817,0.49725238637358793
73,@<INFN,@SUBJ,@PRD->@<INFN,3,1.2448132780082988,241,0.0659536737017252
819,@<AN,@<NN,@AN>->@<AN,3,42.857142857142854,7,0.0019156668710044661
333,@ADVL,@OBJ,@P>->@ADVL,3,0.1651073197578426,1817,0.49725238637358793
1224,@<NN,@AN>,@ADVL->@<NN,3,17.647058823529413,17,0.004652333829582275
343,@PRD,@PRD,@IMV->@PRD,3,0.48543689320388345,618,0.1691260180401086
826,@<Q,@NN>,@ADVL->@<Q,3,1.1673151750972763,257,0.07033234083544969
830,@IMV,@OBJ,root->@IMV,3,1.6574585635359116,181,0.049533671950258346
577,@PRD,@SUBJ,@<Q->@PRD,3,1.675977653631285,179,0.048986338558542786
1017,@FMV,@OBJ,@FCV->@FMV,3,0.4531722054380665,662,0.18116735265785094
594,@<INFN,@ADVL,@IMV->@<INFN,3,5.660377358490567,53,0.014504334880462388
513,@OBJ,@AN>,@IMV->@OBJ,3,0.5586592178770949,537,0.14695901567562833
582,@ICV,@IMV,@OBJ->@ICV,3,5.263157894736842,57,0.01559900166389351
741,@NN>,root,@OBJ->@NN>,3,0.2938295788442703,1021,0.2794136964707943
222,@ADVL,@FMV,@J->@ADVL,3,0.016730801405387317,17931,4.907117523425869
238,@<Q,@OBJ,@<NN->@<Q,3,0.39473684210526316,760,0.20798668885191346
921,@ICV,root,@IMV->@ICV,3,5.172413793103448,58,0.01587266835975129
438,@OBJ,@SUBJ,@P>->@OBJ,3,0.3468208092485549,865,0.23672169191698045
975,@<P,@SUBJ,@NN>->@<P,3,11.538461538461538,26,0.007115334092302304
426,@<P,@KN>,@NN>->@<P,3,23.076923076923077,13,0.003557667046151152
911,@VOC,@IMV,@OBJ->@VOC,3,75.0,4,0.0010946667834311236
1120,@AN>,root,@PRD->@AN>,3,0.6072874493927125,494,0.13519134775374378
666,@ADVL,@IMV,@KN>->@ADVL,3,0.05253020486779899,5711,1.5629105000437866
470,@ADVL,@NN>,@Vpart->@ADVL,3,1.0380622837370241,289,0.07908967510289867
1113,@??,root,@SUBJ->@??,3,9.375,32,0.008757334267448989
434,@OBJ,@SUBJ,@<Q->@OBJ,3,0.3468208092485549,865,0.23672169191698045
966,@ADVL,@<INFN,@DN>->@ADVL,3,0.6109979633401221,491,0.13437034766617043
890,@<AN,@ADVL,@AN>->@<AN,3,12.5,24,0.0065680007005867415
893,@PRD,@ADVL,@OBJ->@PRD,3,11.11111111111111,27,0.007389000788160084
1302,@VOC,@SUBJ,@<NN->@VOC,3,42.857142857142854,7,0.0019156668710044661
1118,@OBJ,@<P,@<P->@OBJ,3,42.857142857142854,7,0.0019156668710044661
894,@PRD,@ADVL,@NN>->@PRD,3,11.11111111111111,27,0.007389000788160084
1305,@VOC,@VOC,@SUBJ->@VOC,3,60.0,5,0.0013683334792889044
1121,@AN>,root,@ADVL->@AN>,3,0.6072874493927125,494,0.13519134775374378
466,@OBJ,@OBJ,@<P->@OBJ,3,0.11194029850746269,2680,0.7334267448988528
230,@AN>,@<Q,@NN>->@AN>,3,0.5671077504725899,529,0.1447696821087661
1164,@NONE,@NONE,@J->@NONE,3,11.538461538461538,26,0.007115334092302304
1179,@KN>,@PRD,@ADVL->@KN>,3,75.0,4,0.0010946667834311236
94,@<NN,@P>,@OBJ->@<NN,3,3.1578947368421053,95,0.025998336106489182
1123,@AN>,root,root->@AN>,3,0.6072874493927125,494,0.13519134775374378
642,@ADVL,@P>,@NN>->@ADVL,3,3.3707865168539324,89,0.0243563359313425
1312,@Q>,@PRD,@SUBJ->@Q>,3,75.0,4,0.0010946667834311236
169,@AN>,@ADVL,root->@AN>,3,0.04716239584970917,6361,1.7407938523513442
454,@DN>,@OBJ,@Vpart->@DN>,3,0.47244094488188976,635,0.17377835186969087
913,@<INFN,@P>,@SUBJ->@<INFN,3,50.0,6,0.0016420001751466854
1071,@<INFN,@<NN,@OBJ->@<INFN,3,20.0,15,0.0041050004378667135
1079,@<KN,root,@ADVL->@<KN,3,13.043478260869565,23,0.00629433400472896
81,@P>,@ADVL,@<P->@P>,3,0.05383097075183922,5573,1.525144496015413
1065,@VOC,@FMV,@OBJ->@VOC,3,9.375,32,0.008757334267448989
689,@ADVL,@<P,@<P->@ADVL,3,15.789473684210526,19,0.005199667221297837
618,@IMV,@ADVL,@ADVL->@IMV,3,1.3274336283185841,226,0.06184867326385848
953,@SUBJ,@FCV,@NN>->@SUBJ,3,6.25,48,0.013136001401173483
612,@NN>,@P>,@<NN->@NN>,3,0.16068559185859668,1867,0.5109357211664769
1042,@ADVL,@J,@Vpart->@ADVL,3,1.4150943396226416,212,0.05801733952184955
690,@ADVL,@<P,@<NN->@ADVL,3,15.789473684210526,19,0.005199667221297837
413,@SUBJ,@ADVL,@PRD->@SUBJ,3,4.10958904109589,73,0.019977668797618003
879,@FMV,@FMV,@IMV->@FMV,3,0.08556759840273817,3506,0.9594754356773798
1145,@<DN,@<Q,@ADVL->@<DN,3,75.0,4,0.0010946667834311236
419,@<Q,@SUBJ,@AN>->@<Q,3,0.3134796238244514,957,0.2618990279358963
691,@FMV,@PRD,root->@FMV,3,1.5,200,0.05473333917155618
873,@NN>,@FMV,@SUBJ->@NN>,3,11.11111111111111,27,0.007389000788160084
940,@P>,@P>,@<Q->@P>,2,0.36900369003690037,542,0.14832734915491724
1227,@<AN,@<Q,@ADVL->@<AN,2,40.0,5,0.0013683334792889044
818,@FMV,@IMV,@IMV->@FMV,2,0.20387359836901123,981,0.26846702863648303
52,@SUBJ,root,@FMV->@SUBJ,2,0.009972575417601597,20055,5.488385585427795
905,@IMV,@<Q,root->@IMV,2,4.761904761904762,42,0.011494001226026798
228,@AN>,@<Q,@PRD->@AN>,2,0.3780718336483932,529,0.1447696821087661
1229,@SUBJ,@<P,@P>->@SUBJ,2,66.66666666666666,3,0.0008210000875733427
944,@P>,@P>,@ADVL->@P>,2,0.36900369003690037,542,0.14832734915491724
804,@AN>,@SUBJ,@OBJ->@AN>,2,0.035373187124159884,5654,1.547311498379893
1230,@<DN,@<P,@ADVL->@<DN,2,100.0,2,0.0005473333917155618
959,@OBJ,@FCV,@ADVL->@OBJ,2,10.526315789473683,19,0.005199667221297837
1167,@NONE,@NONE,@SUBJ->@NONE,2,7.6923076923076925,26,0.007115334092302304
806,@NN>,@<Q,@OBJ->@NN>,2,0.8771929824561403,228,0.06239600665557404
1232,@J,root,root->@J,2,0.21621621621621623,925,0.25314169366844735
187,@ADVL,@ADVL,@KN>->@ADVL,2,0.02449179524859172,8166,2.2347622383746386
225,@ADVL,@FMV,@<DN->@ADVL,2,0.011153867603591546,17931,4.907117523425869
958,@OBJ,@FCV,@NN>->@OBJ,2,10.526315789473683,19,0.005199667221297837
193,@<NN,@ADVL,@<P->@<NN,2,0.1457725947521866,1372,0.3754707067168754
166,@AN>,@ADVL,@<AN->@AN>,2,0.03144159723313945,6361,1.7407938523513442
1233,@<DN,@<DN,@ADVL->@<DN,2,100.0,2,0.0005473333917155618
903,@<Q,@PRD,@<NN->@<Q,2,1.5151515151515151,132,0.036124003853227074
945,@P>,@P>,@AN>->@P>,2,0.36900369003690037,542,0.14832734915491724
870,@AN>,@P>,@OBJ->@AN>,2,0.1529051987767584,1308,0.3579560381819774
937,@<P,@<KN,@<NN->@<P,2,1.0256410256410255,195,0.05336500569226727
1147,@<INFN,@<P,@OBJ->@<INFN,2,40.0,5,0.0013683334792889044
1172,@NONE,@SUBJ,@ADVL->@NONE,2,33.33333333333333,6,0.0016420001751466854
1212,@<KN,@<Q,@NN>->@<KN,2,11.76470588235294,17,0.004652333829582275
926,@SUBJ,@<INFN,@OBJ->@SUBJ,2,50.0,4,0.0010946667834311236
934,@<P,@<KN,@AN>->@<P,2,1.0256410256410255,195,0.05336500569226727
186,@ADVL,@ADVL,@FMV->@ADVL,2,0.02449179524859172,8166,2.2347622383746386
977,@<INFN,@PRD,@SUBJ->@<INFN,2,13.333333333333334,15,0.0041050004378667135
882,@<KN,@ADVL,root->@<KN,2,1.342281879194631,149,0.040776337682809354
237,@<Q,@OBJ,@P>->@<Q,2,0.2631578947368421,760,0.20798668885191346
1201,@SUBJ,@P>,@NN>->@SUBJ,2,50.0,4,0.0010946667834311236
983,@SUBJ,@AN>,@OBJ->@SUBJ,2,40.0,5,0.0013683334792889044
1153,@<NN,@VOC,@SUBJ->@<NN,2,50.0,4,0.0010946667834311236
877,@IMV,@<P,root->@IMV,2,20.0,10,0.0027366669585778087
257,@DN>,@SUBJ,@Vpart->@DN>,2,0.19704433497536944,1015,0.27777169629564763
979,@<INFN,@PRD,@PRD->@<INFN,2,13.333333333333334,15,0.0041050004378667135
875,@NN>,@FMV,@PRD->@NN>,2,7.4074074074074066,27,0.007389000788160084
256,@DN>,@SUBJ,@NN>->@DN>,2,0.19704433497536944,1015,0.27777169629564763
251,@SUBJ,@SUBJ,@<AN->@SUBJ,2,0.0719165767709457,2781,0.7610670811804886
250,@SUBJ,@SUBJ,@DN>->@SUBJ,2,0.0719165767709457,2781,0.7610670811804886
888,@<AN,@ADVL,@<NN->@<AN,2,8.333333333333332,24,0.0065680007005867415
847,@??,@ADVL,@ADVL->@??,2,25.0,8,0.002189333566862247
846,@??,@ADVL,@NN>->@??,2,25.0,8,0.002189333566862247
547,@ADVL,@AN>,@<INFN->@ADVL,2,0.03718163227365681,5379,1.4720531570190034
1162,@<KN,@<KN,@<P->@<KN,2,25.0,8,0.002189333566862247
1223,@<P,@OBJ,@OBJ->@<P,2,9.523809523809524,21,0.005747000613013399
1222,@<P,@OBJ,@<Q->@<P,2,9.523809523809524,21,0.005747000613013399
197,@<NN,@ADVL,@P>->@<NN,2,0.1457725947521866,1372,0.3754707067168754
901,@<Q,@PRD,@NN>->@<Q,2,1.5151515151515151,132,0.036124003853227074
229,@AN>,@<Q,@<Q->@AN>,2,0.3780718336483932,529,0.1447696821087661
957,@OBJ,@FCV,@SUBJ->@OBJ,2,10.526315789473683,19,0.005199667221297837
223,@ADVL,@FMV,@KN>->@ADVL,2,0.011153867603591546,17931,4.907117523425869
987,@PRD,@OBJ,@NN>->@PRD,2,6.896551724137931,29,0.007936334179875645
833,@IMV,@OBJ,@<INFN->@IMV,2,1.1049723756906076,181,0.049533671950258346
991,@PRD,@IMV,@<AN->@PRD,2,1.25,160,0.04378667133724494
897,@PRD,@ADVL,@AN>->@PRD,2,7.4074074074074066,27,0.007389000788160084
895,@PRD,@ADVL,@ADVL->@PRD,2,7.4074074074074066,27,0.007389000788160084
270,@OBJ,@IMV,@<AN->@OBJ,2,0.08250825082508251,2424,0.6633680707592609
841,@??,@??,@OBJ->@??,2,1.550387596899225,129,0.035303003765653734
889,@<AN,@ADVL,@<Q->@<AN,2,8.333333333333332,24,0.0065680007005867415
918,@ICV,root,@FCV->@ICV,2,3.4482758620689653,58,0.01587266835975129
281,@IMV,root,@NN>->@IMV,2,0.07710100231303006,2594,0.7098914090550836
305,@NN>,@OBJ,@P>->@NN>,2,0.034800765616843574,5747,1.5727625010946669
1281,@NN>,@KN>,@P>->@NN>,2,66.66666666666666,3,0.0008210000875733427
644,@ADVL,@P>,@P>->@ADVL,2,2.247191011235955,89,0.0243563359313425
1311,@??,@FMV,@OBJ->@??,2,50.0,4,0.0010946667834311236
452,@DN>,@NN>,@Vpart->@DN>,2,0.39447731755424065,507,0.1387490147998949
1052,@AN>,@OBJ,@IMV->@AN>,2,0.04575611988103409,4371,1.1961971275943604
447,@<NN,@OBJ,@P>->@<NN,2,0.1725625539257981,1159,0.31717970049916805
1304,@VOC,@SUBJ,@OBJ->@VOC,2,28.57142857142857,7,0.0019156668710044661
1303,@VOC,@SUBJ,@SUBJ->@VOC,2,28.57142857142857,7,0.0019156668710044661
657,@NN>,@<NN,@??->@NN>,2,0.08944543828264759,2236,0.6119187319379981
1049,@AN>,@OBJ,@SUBJ->@AN>,2,0.04575611988103409,4371,1.1961971275943604
435,@OBJ,@SUBJ,@<NN->@OBJ,2,0.23121387283236997,865,0.23672169191698045
429,@OBJ,@SUBJ,@<P->@OBJ,2,0.23121387283236997,865,0.23672169191698045
425,@KN>,@ADVL,@<KN->@KN>,2,6.451612903225806,31,0.008483667571591209
102,@AN>,@AN>,@OBJ->@AN>,2,0.2242152466367713,892,0.24411069270514055
676,@DN>,@ADVL,@NN>->@DN>,2,0.14869888475836432,1345,0.3680817059287153
1128,@ADVL,@<Q,@SUBJ->@ADVL,2,13.333333333333334,15,0.0041050004378667135
680,@<DN,@ADVL,@DN>->@<DN,2,5.405405405405405,37,0.010125667746737893
306,@NN>,@OBJ,root->@NN>,2,0.034800765616843574,5747,1.5727625010946669
406,@NN>,@AN>,@J->@NN>,2,0.6329113924050633,316,0.08647867589105876
684,@<AN,@OBJ,@OBJ->@<AN,2,3.9215686274509802,51,0.013957001488746826
1041,@ADVL,@J,root->@ADVL,2,0.9433962264150944,212,0.05801733952184955
1040,@<DN,@PRD,@Vpart->@<DN,2,13.333333333333334,15,0.0041050004378667135
105,@AN>,@AN>,@NN>->@AN>,2,0.2242152466367713,892,0.24411069270514055
394,@<NN,@<NN,@AN>->@<NN,2,0.12626262626262627,1584,0.43348804623872494
1130,@ADVL,@<KN,@P>->@ADVL,2,15.384615384615385,13,0.003557667046151152
390,@FMV,root,@SUBJ->@FMV,2,0.02017552708564511,9913,2.712857956038182
106,@AN>,@AN>,@SUBJ->@AN>,2,0.2242152466367713,892,0.24411069270514055
382,@OBJ,@ADVL,@P>->@OBJ,2,0.19342359767891684,1034,0.28297136351694546
92,@ADVL,@<NN,@Vpart->@ADVL,2,1.2121212121212122,165,0.045155004816533846
1122,@AN>,root,@SUBJ->@AN>,2,0.4048582995951417,494,0.13519134775374378
464,@OBJ,@OBJ,@<AN->@OBJ,2,0.0746268656716418,2680,0.7334267448988528
1114,@??,root,@OBJ->@??,2,6.25,32,0.008757334267448989
1359,@J,@OBJ,@NN>->@J,2,0.17421602787456447,1148,0.31416936684473246
1358,@J,@FMV,@NN>->@J,2,0.022665457842248413,8824,2.4148349242490585
545,@ADVL,@AN>,@PRD->@ADVL,2,0.03718163227365681,5379,1.4720531570190034
558,@<AN,@<AN,@OBJ->@<AN,2,5.0,40,0.010946667834311235
531,@PRD,root,@Vpart->@PRD,2,0.05442176870748299,3675,1.0057251072773448
1352,@<KN,@P>,@ADVL->@<KN,2,50.0,4,0.0010946667834311236
523,@PRD,root,@IMV->@PRD,2,0.05442176870748299,3675,1.0057251072773448
1351,@J,@<NN,@NN>->@J,2,0.3305785123966942,605,0.16556835099395742
1088,@<NN,@<AN,@ADVL->@<NN,2,40.0,5,0.0013683334792889044
579,@PRD,@SUBJ,@P>->@PRD,2,1.1173184357541899,179,0.048986338558542786
1106,@IMV,@PRD,@OBJ->@IMV,2,3.7037037037037033,54,0.014778001576320168
505,@<Q,@P>,@ADVL->@<Q,2,0.437636761487965,457,0.12506568000700588
88,@ADVL,@<NN,@<KN->@ADVL,2,1.2121212121212122,165,0.045155004816533846
637,@<AN,@PRD,@AN>->@<AN,2,10.0,20,0.0054733339171556174
605,@SUBJ,@ICV,@OBJ->@SUBJ,2,100.0,2,0.0005473333917155618
499,@<P,@ADVL,root->@<P,2,0.1388888888888889,1440,0.3940800420352045
1331,@P>,@NN>,@NN>->@P>,2,33.33333333333333,6,0.0016420001751466854
1072,@<INFN,@<NN,@IMV->@<INFN,2,13.333333333333334,15,0.0041050004378667135
1070,@<INFN,@<NN,@SUBJ->@<INFN,2,13.333333333333334,15,0.0041050004378667135
89,@ADVL,@<NN,@AN>->@ADVL,2,1.2121212121212122,165,0.045155004816533846
1066,@VOC,@FMV,@PRD->@VOC,2,6.25,32,0.008757334267448989
1064,@VOC,@FMV,@ADVL->@VOC,2,6.25,32,0.008757334267448989
626,@<NN,@<Q,@P>->@<NN,2,0.8733624454148471,229,0.06266967335143182
1059,@AN>,@<NN,@PRD->@AN>,2,0.20366598778004072,982,0.26874069533234085
469,@ADVL,@NN>,@OBJ->@ADVL,2,0.6920415224913495,289,0.07908967510289867
633,@NN>,@PRD,@<NN->@NN>,2,0.20161290322580644,992,0.2714773622909187
107,@AN>,@AN>,@<AN->@AN>,2,0.2242152466367713,892,0.24411069270514055
1291,@??,@SUBJ,@ADVL->@??,2,22.22222222222222,9,0.002463000262720028
706,@AN>,@PRD,root->@AN>,2,0.1998001998001998,1001,0.2739403625536387
355,@IMV,@FMV,@FMV->@IMV,2,0.2728512960436562,733,0.2005976880637534
738,@<NN,@<P,@SUBJ->@<NN,2,2.0,100,0.02736666958577809
744,@NN>,root,@AN>->@NN>,2,0.1958863858961802,1021,0.2794136964707943
745,@NN>,root,@<NN->@NN>,2,0.1958863858961802,1021,0.2794136964707943
747,@NN>,root,@<Q->@NN>,2,0.1958863858961802,1021,0.2794136964707943
751,@NN>,@<P,root->@NN>,2,0.43478260869565216,460,0.1258866800945792
752,@NN>,@<P,@AN>->@NN>,2,0.43478260869565216,460,0.1258866800945792
1016,@<KN,@<NN,@NN>->@<KN,2,2.5316455696202533,79,0.02161966897276469
344,@PRD,@PRD,@<INFN->@PRD,2,0.3236245954692557,618,0.1691260180401086
1014,@<KN,@<NN,root->@<KN,2,2.5316455696202533,79,0.02161966897276469
1256,@<NN,@<KN,@ADVL->@<NN,2,100.0,2,0.0005473333917155618
1255,@<AN,@P>,@P>->@<AN,2,100.0,2,0.0005473333917155618
761,@<Q,root,@SUBJ->@<Q,2,2.127659574468085,94,0.025724669410631402
763,@<Q,root,@<NN->@<Q,2,2.127659574468085,94,0.025724669410631402
765,@<Q,root,@OBJ->@<Q,2,2.127659574468085,94,0.025724669410631402
1252,@AN>,@<P,@NN>->@AN>,2,0.45558086560364464,439,0.12013967948156581
1011,@FMV,@NN>,@FCV->@FMV,2,5.263157894736842,38,0.010399334442595673
1010,@FMV,@NN>,root->@FMV,2,5.263157894736842,38,0.010399334442595673
137,@<Q,@ADVL,@PRD->@<Q,2,0.1266624445851805,1579,0.432119712759436
319,@PRD,@FMV,@IMV->@PRD,2,0.08449514152936206,2367,0.6477690690953674
777,@OBJ,@<Q,@<NN->@OBJ,2,28.57142857142857,7,0.0019156668710044661
1008,@P>,@OBJ,@NN>->@P>,2,100.0,2,0.0005473333917155618
1143,@<INFN,@<Q,@SUBJ->@<INFN,2,25.0,8,0.002189333566862247
791,@<Q,@<Q,@AN>->@<Q,2,0.34305317324185247,583,0.15954768368508626
309,@NN>,@OBJ,@<P->@NN>,2,0.034800765616843574,5747,1.5727625010946669
308,@NN>,@OBJ,@PRD->@NN>,2,0.034800765616843574,5747,1.5727625010946669
1003,@P>,@<KN,@ADVL->@P>,2,0.31545741324921134,634,0.17350468517383308
797,@<Q,@<Q,@<P->@<Q,2,0.34305317324185247,583,0.15954768368508626
129,@ADVL,root,@VOC->@ADVL,2,0.006038282712396595,33122,9.064388300201419
345,@PRD,@PRD,@<Q->@PRD,2,0.3236245954692557,618,0.1691260180401086
359,@IMV,@FMV,@PRD->@IMV,2,0.2728512960436562,733,0.2005976880637534
1137,@<AN,root,root->@<AN,2,18.181818181818183,11,0.0030103336544355895
729,@AN>,@NN>,@IMV->@AN>,2,0.04611482591653217,4337,1.1868924599351955
110,@FCV,@IMV,root->@FCV,2,0.06596306068601583,3032,0.8297574218407917
1269,@NN>,@IMV,@ADVL->@NN>,2,28.57142857142857,7,0.0019156668710044661
730,@AN>,@NN>,root->@AN>,2,0.04611482591653217,4337,1.1868924599351955
375,@OBJ,@ADVL,root->@OBJ,2,0.19342359767891684,1034,0.28297136351694546
717,@<NN,@NN>,@P>->@<NN,2,0.5555555555555556,360,0.09852001050880113
714,@OBJ,@PRD,@ADVL->@OBJ,2,4.081632653061225,49,0.013409668097031263
1270,@<INFN,@FMV,@SUBJ->@<INFN,2,66.66666666666666,3,0.0008210000875733427
1133,@FMV,@<P,root->@FMV,2,6.0606060606060606,33,0.009031000963306769
1025,@ADVL,@DN>,@NN>->@ADVL,2,1.2903225806451613,155,0.04241833785795604
358,@IMV,@FMV,@<INFN->@IMV,2,0.2728512960436562,733,0.2005976880637534
1146,@<DN,@<Q,@Vpart->@<DN,1,25.0,4,0.0010946667834311236
1105,@<DN,root,root->@<DN,1,4.545454545454546,22,0.006020667308871179
1108,@IMV,@PRD,@ADVL->@IMV,1,1.8518518518518516,54,0.014778001576320168
1107,@IMV,@PRD,@FMV->@IMV,1,1.8518518518518516,54,0.014778001576320168
68,@SUBJ,@FMV,@<KN->@SUBJ,1,0.008407600470825626,11894,3.254991680532446
1109,@IMV,@PRD,root->@IMV,1,1.8518518518518516,54,0.014778001576320168
1154,@<NN,@VOC,@OBJ->@<NN,1,25.0,4,0.0010946667834311236
1135,@IMV,@<NN,@ADVL->@IMV,1,1.8867924528301887,53,0.014504334880462388
1152,@<NN,@VOC,@NN>->@<NN,1,25.0,4,0.0010946667834311236
1168,@NONE,@<Q,@<Q->@NONE,1,100.0,1,0.0002736666958577809
1129,@FMV,@P>,root->@FMV,1,1.7241379310344827,58,0.01587266835975129
1103,@IMV,@P>,@SUBJ->@IMV,1,4.545454545454546,22,0.006020667308871179
1102,@<NN,@<NN>,@ADVL->@<NN,1,100.0,1,0.0002736666958577809
1101,@<NN>,@SUBJ,@<NN->@<NN>,1,100.0,1,0.0002736666958577809
1134,@IMV,@<NN,root->@IMV,1,1.8867924528301887,53,0.014504334880462388
1100,@ADVL,@<AN,@AN>->@ADVL,1,1.2048192771084338,83,0.022714335756195813
1132,@ADVL,@<KN,@SUBJ->@ADVL,1,7.6923076923076925,13,0.003557667046151152
1111,@??,root,@PRD->@??,1,3.125,32,0.008757334267448989
1138,@<AN,root,@PRD->@<AN,1,9.090909090909092,11,0.0030103336544355895
1112,@??,root,@DN>->@??,1,3.125,32,0.008757334267448989
1136,@<AN,root,@<NN->@<AN,1,9.090909090909092,11,0.0030103336544355895
1150,@<INFN,@<P,@IMV->@<INFN,1,20.0,5,0.0013683334792889044
53,@SUBJ,root,@J->@SUBJ,1,0.004986287708800798,20055,5.488385585427795
1151,@DN>,@VOC,@ADVL->@DN>,1,100.0,1,0.0002736666958577809
54,@SUBJ,root,@<AN->@SUBJ,1,0.004986287708800798,20055,5.488385585427795
1149,@<INFN,@<P,@<P->@<INFN,1,20.0,5,0.0013683334792889044
1140,@FCV,@OBJ,@FMV->@FCV,1,100.0,1,0.0002736666958577809
1158,@Punc,root,root->@Punc,1,0.01775883502042266,5631,1.5410171643751642
1125,@ADVL,@<Q,root->@ADVL,1,6.666666666666667,15,0.0041050004378667135
1131,@ADVL,@<KN,@<NN->@ADVL,1,7.6923076923076925,13,0.003557667046151152
1170,@NONE,@<NN,@ADVL->@NONE,1,25.0,4,0.0010946667834311236
1157,@NEG,@IMV,@ADVL->@NEG,1,50.0,2,0.0005473333917155618
1119,@OBJ,@<P,@<NN->@OBJ,1,14.285714285714285,7,0.0019156668710044661
1117,@??,root,@AN>->@??,1,3.125,32,0.008757334267448989
1156,@PRD,@<INFN,@AN>->@PRD,1,10.0,10,0.0027366669585778087
38,@OBJ,root,@FMV->@OBJ,1,0.011532695190866105,8671,2.3729639197828183
1141,@<INFN,@<Q,root->@<INFN,1,12.5,8,0.002189333566862247
67,@SUBJ,@FMV,@VOC->@SUBJ,1,0.008407600470825626,11894,3.254991680532446
1155,@PRD,@<INFN,@SUBJ->@PRD,1,10.0,10,0.0027366669585778087
1126,@ADVL,@<Q,@<KN->@ADVL,1,6.666666666666667,15,0.0041050004378667135
1127,@ADVL,@<Q,@DN>->@ADVL,1,6.666666666666667,15,0.0041050004378667135
1160,@NN,root,@NN>->@NN,1,100.0,1,0.0002736666958577809
1148,@<INFN,@<P,@SUBJ->@<INFN,1,20.0,5,0.0013683334792889044
548,@ADVL,@AN>,root->@ADVL,1,0.018590816136828406,5379,1.4720531570190034
1173,@NONE,@ADVL,@FMV->@NONE,1,25.0,4,0.0010946667834311236
1272,@<NN,@<INFN,@ADVL->@<NN,1,100.0,1,0.0002736666958577809
1296,@VpartN,@ADVL,@PRD->@VpartN,1,20.0,5,0.0013683334792889044
1297,@I,root,@B->@I,1,100.0,1,0.0002736666958577809
1298,@DN>,@J,@ADVL->@DN>,1,100.0,1,0.0002736666958577809
1300,@FMV,@<NN,@IMV->@FMV,1,0.641025641025641,156,0.04269200455381382
1301,@IMV,@<AN,@ADVL->@IMV,1,50.0,2,0.0005473333917155618
1306,@VOC,@VOC,@<NN->@VOC,1,20.0,5,0.0013683334792889044
1307,@??,@VOC,root->@??,1,100.0,1,0.0002736666958577809
1308,@AN>,@VOC,@NN>->@AN>,1,4.166666666666666,24,0.0065680007005867415
1309,@??,@FMV,@ADVL->@??,1,25.0,4,0.0010946667834311236
1310,@??,@FMV,@NN>->@??,1,25.0,4,0.0010946667834311236
1313,@Q>,@PRD,@ADVL->@Q>,1,25.0,4,0.0010946667834311236
1314,@Q>,@Q>,@OBJ->@Q>,1,50.0,2,0.0005473333917155618
1315,@Q>,@Q>,@SUBJ->@Q>,1,50.0,2,0.0005473333917155618
1316,@ADVL,@VOC,@AN>->@ADVL,1,20.0,5,0.0013683334792889044
1317,@P>,@SUBJ,@ADVL->@P>,1,50.0,2,0.0005473333917155618
1294,@X,root,@ADVL->@X,1,100.0,1,0.0002736666958577809
1293,@??,@SUBJ,@Punc->@??,1,11.11111111111111,9,0.002463000262720028
1292,@??,@SUBJ,@<Q->@??,1,11.11111111111111,9,0.002463000262720028
1280,@IMV,@<INFN,root->@IMV,1,14.285714285714285,7,0.0019156668710044661
1274,@ADVL,@Vpart,@DN>->@ADVL,1,3.3333333333333335,30,0.008210000875733427
1275,@ADVL,@Vpart,@PRD->@ADVL,1,3.3333333333333335,30,0.008210000875733427
1276,@ADVL,@Vpart,@IMV->@ADVL,1,3.3333333333333335,30,0.008210000875733427
1277,@ADVL,@Vpart,@OBJ->@ADVL,1,3.3333333333333335,30,0.008210000875733427
1278,@NEG,@FCV,@FCV->@NEG,1,0.199203187250996,502,0.137380681320606
1279,@IMV,@<INFN,@SUBJ->@IMV,1,14.285714285714285,7,0.0019156668710044661
1282,@P>,@AN>,@ADVL->@P>,1,50.0,2,0.0005473333917155618
1289,@P>,@FMV,@ADVL->@P>,1,100.0,1,0.0002736666958577809
1283,@INFN>,@AN>,@ADVL->@INFN>,1,100.0,1,0.0002736666958577809
1284,@NN>,@Vpart,@OBJ->@NN>,1,100.0,1,0.0002736666958577809
1285,@NN>,@Punc,@SUBJ->@NN>,1,50.0,2,0.0005473333917155618
1286,@PN>,@OBJ,@KN>->@PN>,1,100.0,1,0.0002736666958577809
1287,@ADVL,@Punc,@IMV->@ADVL,1,100.0,1,0.0002736666958577809
1288,@<P,@PRD,@ADVL->@<P,1,20.0,5,0.0013683334792889044
1318,@VpartN,@SUBJ,@ADVL->@VpartN,1,50.0,2,0.0005473333917155618
1319,@VpartN,@SUBJ,@Vpart->@VpartN,1,50.0,2,0.0005473333917155618
1320,@Vpart,@ICV,@ADVL->@Vpart,1,100.0,1,0.0002736666958577809
1348,@NN>,@DN>,@ADVL->@NN>,1,33.33333333333333,3,0.0008210000875733427
1341,@B,@SUBJ,@ADVL->@B,1,100.0,1,0.0002736666958577809
1342,@FMV,@ICV,@FCV->@FMV,1,50.0,2,0.0005473333917155618
1343,@OBJ,@??,@SUBJ->@OBJ,1,100.0,1,0.0002736666958577809
1344,@NONE,@FMV,@SUBJ->@NONE,1,100.0,1,0.0002736666958577809
1346,@NONE,@OBJ,@SUBJ->@NONE,1,100.0,1,0.0002736666958577809
1347,@NONE,@P>,@<NN->@NONE,1,100.0,1,0.0002736666958577809
1349,@INFN>,@ADVL,@OBJ->@INFN>,1,100.0,1,0.0002736666958577809
1339,@B,@IMV,@ADVL->@B,1,100.0,1,0.0002736666958577809
1353,@<KN,@P>,@NN>->@<KN,1,25.0,4,0.0010946667834311236
1354,@<KN,@P>,@SUBJ->@<KN,1,25.0,4,0.0010946667834311236
1355,@P>,@<NN,@NN>->@P>,1,33.33333333333333,3,0.0008210000875733427
1356,@??,@<NN,@<NN->@??,1,100.0,1,0.0002736666958577809
1357,@KN>,@<P,@ADVL->@KN>,1,100.0,1,0.0002736666958577809
1360,@J,@OBJ,@ADVL->@J,1,0.08710801393728224,1148,0.31416936684473246
1340,@<P,root,root->@<P,1,6.666666666666667,15,0.0041050004378667135
1338,@<P,@P>,@P>->@<P,1,100.0,1,0.0002736666958577809
1321,@VpartN,@<P,@Vpart->@VpartN,1,100.0,1,0.0002736666958577809
1328,@OBJ,@VOC,@<NN->@OBJ,1,100.0,1,0.0002736666958577809
1322,@VOC,@PRD,@SUBJ->@VOC,1,100.0,1,0.0002736666958577809
1323,@ADVL>,@AN>,@ADVL->@ADVL>,1,100.0,1,0.0002736666958577809
1324,@<Q,@<AN,@SUBJ->@<Q,1,100.0,1,0.0002736666958577809
1325,@P>,@DN>,@OBJ->@P>,1,25.0,4,0.0010946667834311236
1326,@??,@Punc,@SUBJ->@??,1,50.0,2,0.0005473333917155618
1327,@??,@Punc,@NN>->@??,1,50.0,2,0.0005473333917155618
1329,@VOC,@ADVL,@NN>->@VOC,1,100.0,1,0.0002736666958577809
1337,@<AN,@VOC,@PRD->@<AN,1,100.0,1,0.0002736666958577809
1330,@Q>,@DN>,@ADVL->@Q>,1,100.0,1,0.0002736666958577809
1332,@P>,@NN>,@AN>->@P>,1,16.666666666666664,6,0.0016420001751466854
1333,@VpartN,@OBJ,@Vpart->@VpartN,1,100.0,1,0.0002736666958577809
1334,@Vpart,@PRD,@ADVL->@Vpart,1,5.88235294117647,17,0.004652333829582275
1335,@B,@VOC,@ADVL->@B,1,100.0,1,0.0002736666958577809
1336,@<KNL,@ADVL,@ADVL->@<KNL,1,100.0,1,0.0002736666958577809
1273,@ADVL,@Vpart,@<NN->@ADVL,1,3.3333333333333335,30,0.008210000875733427
1271,@<INFN,@FMV,@ADVL->@<INFN,1,33.33333333333333,3,0.0008210000875733427
1174,@NONE,@ADVL,@SUBJ->@NONE,1,25.0,4,0.0010946667834311236
1268,@NN>,@IMV,@OBJ->@NN>,1,14.285714285714285,7,0.0019156668710044661
1194,@FMV,@<Q,root->@FMV,1,0.9090909090909091,110,0.030103336544355895
1195,@DN>,@??,@ADVL->@DN>,1,100.0,1,0.0002736666958577809
1196,@??,@<Q,@SUBJ->@??,1,50.0,2,0.0005473333917155618
1197,@??,@<Q,@<NN->@??,1,50.0,2,0.0005473333917155618
1198,@<NN,@??,@SUBJ->@<NN,1,20.0,5,0.0013683334792889044
1199,@<NN,@??,@ADVL->@<NN,1,20.0,5,0.0013683334792889044
1200,@NONE,@NN>,@<NN->@NONE,1,100.0,1,0.0002736666958577809
1202,@SUBJ,@P>,@<NN->@SUBJ,1,25.0,4,0.0010946667834311236
1203,@SUBJ,@P>,@P>->@SUBJ,1,25.0,4,0.0010946667834311236
1205,@??,@OBJ,@SUBJ->@??,1,11.11111111111111,9,0.002463000262720028
1207,@??,@OBJ,@<NN->@??,1,11.11111111111111,9,0.002463000262720028
1208,@??,@AN>,@NN>->@??,1,100.0,1,0.0002736666958577809
1209,@??,@NN>,@NN>->@??,1,50.0,2,0.0005473333917155618
1210,@??,@NN>,@<NN->@??,1,50.0,2,0.0005473333917155618
23,@OBJ,@FMV,root->@OBJ,1,0.016680567139282735,5995,1.6406318416673966
1193,@<Q,@<DN,@SUBJ->@<Q,1,20.0,5,0.0013683334792889044
1192,@<Q,@<DN,@PRD->@<Q,1,20.0,5,0.0013683334792889044
1191,@NN>,@<AN,@<NN->@NN>,1,50.0,2,0.0005473333917155618
1182,@IMV,@NN>,@FMV->@IMV,1,12.5,8,0.002189333566862247
1175,@NONE,@ADVL,@ADVL->@NONE,1,25.0,4,0.0010946667834311236
1176,@NONE,@ADVL,@NN>->@NONE,1,25.0,4,0.0010946667834311236
1177,@ADVL,@<DN,root->@ADVL,1,6.666666666666667,15,0.0041050004378667135
1178,@ADVL,@<DN,@<NN->@ADVL,1,6.666666666666667,15,0.0041050004378667135
30,@OBJ,root,@<AN->@OBJ,1,0.011532695190866105,8671,2.3729639197828183
1181,@<KN,@<P,root->@<KN,1,12.5,8,0.002189333566862247
1183,@IMV,@NN>,@<INFN->@IMV,1,12.5,8,0.002189333566862247
1190,@>NN,@<NN,@<NN->@>NN,1,100.0,1,0.0002736666958577809
1184,@IMV,@NN>,root->@IMV,1,12.5,8,0.002189333566862247
1185,@NONE,root,@ADVL->@NONE,1,50.0,2,0.0005473333917155618
1186,@NONE,root,@<NN->@NONE,1,50.0,2,0.0005473333917155618
1187,@NONE,@PRD,@<NN->@NONE,1,50.0,2,0.0005473333917155618
1188,@NONE,@PRD,@SUBJ->@NONE,1,50.0,2,0.0005473333917155618
1189,@OBJ,@Punc,@NN>->@OBJ,1,50.0,2,0.0005473333917155618
1213,@<DN,@FMV,@Vpart->@<DN,1,100.0,1,0.0002736666958577809
1214,@ADVL,@FCV,@SUBJ->@ADVL,1,1.2987012987012987,77,0.02107233558104913
1215,@ADVL,@FCV,@OBJ->@ADVL,1,1.2987012987012987,77,0.02107233558104913
1258,@KN>,root,@<KN->@KN>,1,100.0,1,0.0002736666958577809
1249,@INFN>,@NN>,@ADVL->@INFN>,1,50.0,2,0.0005473333917155618
1250,@INFN>,@NN>,@OBJ->@INFN>,1,50.0,2,0.0005473333917155618
1251,@>KN,@SUBJ,@<KN->@>KN,1,100.0,1,0.0002736666958577809
1253,@AN>,@<P,@ADVL->@AN>,1,0.22779043280182232,439,0.12013967948156581
1254,@AN>,@<P,@<P->@AN>,1,0.22779043280182232,439,0.12013967948156581
1257,@VpartN,@NN>,@Vpart->@VpartN,1,100.0,1,0.0002736666958577809
1259,@J,@AN>,@NN>->@J,1,0.13386880856760375,747,0.20442902180576233
21,@OBJ,@FMV,@DN>->@OBJ,1,0.016680567139282735,5995,1.6406318416673966
1260,@J,@NN>,@<NN->@J,1,0.0846740050804403,1181,0.32320036780803924
1262,@J,@SUBJ,@<NN->@J,1,0.04899559039686428,2041,0.5585537262457309
1264,@J,@SUBJ,@ADVL->@J,1,0.04899559039686428,2041,0.5585537262457309
1265,@ICV,@FMV,@IMV->@ICV,1,50.0,2,0.0005473333917155618
1266,@ICV,@FMV,@OBJ->@ICV,1,50.0,2,0.0005473333917155618
1267,@NN>,@IMV,@<NN->@NN>,1,14.285714285714285,7,0.0019156668710044661
1248,@B,root,root->@B,1,5.555555555555555,18,0.004926000525440056
1245,@OBJ,@<NN,@NN>->@OBJ,1,50.0,2,0.0005473333917155618
1216,@ADVL,@FCV,@<DN->@ADVL,1,1.2987012987012987,77,0.02107233558104913
1228,@SUBJ,@<P,@<NN->@SUBJ,1,33.33333333333333,3,0.0008210000875733427
1217,@<DN,@NN>,@Vpart->@<DN,1,100.0,1,0.0002736666958577809
1219,@Vpart,@<INFN,@DN>->@Vpart,1,1.5384615384615385,65,0.017788335230755757
22,@OBJ,@FMV,@<AN->@OBJ,1,0.016680567139282735,5995,1.6406318416673966
1221,@KN>,@KN>,@ADVL->@KN>,1,100.0,1,0.0002736666958577809
1098,@ADVL,@<AN,@OBJ->@ADVL,1,1.2048192771084338,83,0.022714335756195813
1226,@<AN,@<Q,@AN>->@<AN,1,20.0,5,0.0013683334792889044
1231,@J,root,@ADVL->@J,1,0.10810810810810811,925,0.25314169366844735
1244,@J,@ADVL,@NN>->@J,1,0.0349283967865875,2863,0.7835077502408268
1234,@KN>,@<Q,@SUBJ->@KN>,1,100.0,1,0.0002736666958577809
1237,@SUBJ,@<Q,@OBJ->@SUBJ,1,12.5,8,0.002189333566862247
1238,@SUBJ,@<Q,@<Q->@SUBJ,1,12.5,8,0.002189333566862247
1239,@P>,root,@NN>->@P>,1,3.0303030303030303,33,0.009031000963306769
1240,@P>,root,root->@P>,1,3.0303030303030303,33,0.009031000963306769
1241,@Q>,@SUBJ,@NN>->@Q>,1,100.0,1,0.0002736666958577809
1099,@ADVL,@<AN,@SUBJ->@ADVL,1,1.2048192771084338,83,0.022714335756195813
956,@PRD,@FCV,@AN>->@PRD,1,20.0,5,0.0013683334792889044
1097,@ADVL,@<AN,@NN>->@ADVL,1,1.2048192771084338,83,0.022714335756195813
708,@DN>,@<NN,@NN>->@DN>,1,0.6578947368421052,152,0.04159733777038269
736,@<NN,@<P,root->@<NN,1,1.0,100,0.02736666958577809
356,@IMV,@FMV,@AN>->@IMV,1,0.1364256480218281,733,0.2005976880637534
732,@AN>,@NN>,@P>->@AN>,1,0.023057412958266084,4337,1.1868924599351955
731,@AN>,@NN>,@SUBJ->@AN>,1,0.023057412958266084,4337,1.1868924599351955
728,@AN>,@NN>,@<NN->@AN>,1,0.023057412958266084,4337,1.1868924599351955
727,@AN>,@NN>,@J->@AN>,1,0.023057412958266084,4337,1.1868924599351955
726,@AN>,@NN>,@DN>->@AN>,1,0.023057412958266084,4337,1.1868924599351955
722,@<NN,@NN>,@PRD->@<NN,1,0.2777777777777778,360,0.09852001050880113
721,@<NN,@NN>,@<P->@<NN,1,0.2777777777777778,360,0.09852001050880113
720,@<NN,@NN>,@<Q->@<NN,1,0.2777777777777778,360,0.09852001050880113
370,@ADVL,@PRD,@AN>->@ADVL,1,0.050050050050050046,1998,0.5467860583238462
713,@OBJ,@PRD,@P>->@OBJ,1,2.0408163265306123,49,0.013409668097031263
711,@OBJ,@PRD,@SUBJ->@OBJ,1,2.0408163265306123,49,0.013409668097031263
709,@DN>,@<NN,@<NN->@DN>,1,0.6578947368421052,152,0.04159733777038269
380,@OBJ,@ADVL,@<INFN->@OBJ,1,0.09671179883945842,1034,0.28297136351694546
1096,@ADVL,@<AN,@DN>->@ADVL,1,1.2048192771084338,83,0.022714335756195813
704,@AN>,@PRD,@SUBJ->@AN>,1,0.0999000999000999,1001,0.2739403625536387
381,@OBJ,@ADVL,@PRD->@OBJ,1,0.09671179883945842,1034,0.28297136351694546
389,@FMV,root,@NN>->@FMV,1,0.010087763542822556,9913,2.712857956038182
697,@<Q,@<NN,@P>->@<Q,1,0.625,160,0.04378667133724494
403,@NN>,@AN>,@PRD->@NN>,1,0.31645569620253167,316,0.08647867589105876
692,@FMV,@PRD,@FCV->@FMV,1,0.5,200,0.05473333917155618
688,@<AN,@OBJ,root->@<AN,1,1.9607843137254901,51,0.013957001488746826
687,@<AN,@OBJ,@<Q->@<AN,1,1.9607843137254901,51,0.013957001488746826
686,@<AN,@OBJ,@FMV->@<AN,1,1.9607843137254901,51,0.013957001488746826
405,@NN>,@AN>,@<P->@NN>,1,0.31645569620253167,316,0.08647867589105876
407,@NN>,@AN>,@AN>->@NN>,1,0.31645569620253167,316,0.08647867589105876
408,@NN>,@AN>,@P>->@NN>,1,0.31645569620253167,316,0.08647867589105876
678,@DN>,@ADVL,@OBJ->@DN>,1,0.07434944237918216,1345,0.3680817059287153
677,@DN>,@ADVL,@SUBJ->@DN>,1,0.07434944237918216,1345,0.3680817059287153
351,@SUBJ,@PRD,@<INFN->@SUBJ,1,4.761904761904762,21,0.005747000613013399
739,@<NN,@<P,@OBJ->@<NN,1,1.0,100,0.02736666958577809
349,@SUBJ,@PRD,@<NN->@SUBJ,1,4.761904761904762,21,0.005747000613013399
746,@NN>,root,@PRD->@NN>,1,0.0979431929480901,1021,0.2794136964707943
812,@P>,@KN>,@ADVL->@P>,1,1.0752688172043012,93,0.025451002714773623
810,@NN>,@<Q,@<P->@NN>,1,0.43859649122807015,228,0.06239600665557404
292,@<NN,@SUBJ,@<AN->@<NN,1,0.04826254826254826,2072,0.567037393817322
293,@<NN,@SUBJ,@AN>->@<NN,1,0.04826254826254826,2072,0.567037393817322
294,@<NN,@SUBJ,@??->@<NN,1,0.04826254826254826,2072,0.567037393817322
295,@<NN,@SUBJ,@<KN->@<NN,1,0.04826254826254826,2072,0.567037393817322
298,@FCV,root,@ICV->@FCV,1,0.027337342810278838,3658,1.0010727734477625
799,@AN>,@SUBJ,@<AN->@AN>,1,0.017686593562079942,5654,1.547311498379893
796,@<Q,@<Q,@<AN->@<Q,1,0.17152658662092624,583,0.15954768368508626
307,@NN>,@OBJ,@KN>->@NN>,1,0.017400382808421787,5747,1.5727625010946669
317,@PRD,@FMV,@Vpart->@PRD,1,0.04224757076468103,2367,0.6477690690953674
786,@<AN,@NN>,@ADVL->@<AN,1,14.285714285714285,7,0.0019156668710044661
784,@<Q,@<P,@SUBJ->@<Q,1,0.8,125,0.03420833698222261
782,@<Q,@<P,@OBJ->@<Q,1,0.8,125,0.03420833698222261
780,@OBJ,@<Q,@SUBJ->@OBJ,1,14.285714285714285,7,0.0019156668710044661
779,@OBJ,@<Q,@NN>->@OBJ,1,14.285714285714285,7,0.0019156668710044661
778,@OBJ,@<Q,@ADVL->@OBJ,1,14.285714285714285,7,0.0019156668710044661
320,@PRD,@FMV,@<Q->@PRD,1,0.04224757076468103,2367,0.6477690690953674
772,@<INFN,root,@ADVL->@<INFN,1,3.8461538461538463,26,0.007115334092302304
769,@<INFN,root,@IMV->@<INFN,1,3.8461538461538463,26,0.007115334092302304
767,@<Q,root,@ADVL->@<Q,1,1.0638297872340425,94,0.025724669410631402
766,@<Q,root,@AN>->@<Q,1,1.0638297872340425,94,0.025724669410631402
332,@ADVL,@OBJ,@PRD->@ADVL,1,0.0550357732526142,1817,0.49725238637358793
760,@INFN>,@SUBJ,@SUBJ->@INFN>,1,100.0,1,0.0002736666958577809
759,@<P,@<P,@<Q->@<P,1,0.9174311926605505,109,0.029829669848498115
340,@PRD,@PRD,@P>->@PRD,1,0.16181229773462785,618,0.1691260180401086
342,@PRD,@PRD,root->@PRD,1,0.16181229773462785,618,0.1691260180401086
753,@NN>,@<P,@<Q->@NN>,1,0.21739130434782608,460,0.1258866800945792
347,@SUBJ,@PRD,@AN>->@SUBJ,1,4.761904761904762,21,0.005747000613013399
414,@SUBJ,@ADVL,@P>->@SUBJ,1,1.36986301369863,73,0.019977668797618003
673,@ADVL,@IMV,@<P->@ADVL,1,0.01751006828926633,5711,1.5629105000437866
672,@ADVL,@IMV,@P>->@ADVL,1,0.01751006828926633,5711,1.5629105000437866
486,@SUBJ,@IMV,@IMV->@SUBJ,1,0.046992481203007516,2128,0.5823627287853578
604,@OBJ,@<INFN,@<INFN->@OBJ,1,0.2898550724637681,345,0.09441501007093442
603,@OBJ,@<INFN,@<P->@OBJ,1,0.2898550724637681,345,0.09441501007093442
602,@OBJ,@<INFN,@<Q->@OBJ,1,0.2898550724637681,345,0.09441501007093442
601,@OBJ,@<INFN,@AN>->@OBJ,1,0.2898550724637681,345,0.09441501007093442
500,@<P,@ADVL,@P>->@<P,1,0.06944444444444445,1440,0.3940800420352045
502,@<P,@ADVL,@<AN->@<P,1,0.06944444444444445,1440,0.3940800420352045
597,@<INFN,@ADVL,@ADVL->@<INFN,1,1.8867924528301887,53,0.014504334880462388
503,@<P,@ADVL,@AN>->@<P,1,0.06944444444444445,1440,0.3940800420352045
595,@<INFN,@ADVL,@FMV->@<INFN,1,1.8867924528301887,53,0.014504334880462388
506,@<Q,@P>,@NN>->@<Q,1,0.2188183807439825,457,0.12506568000700588
510,@OBJ,@AN>,root->@OBJ,1,0.186219739292365,537,0.14695901567562833
590,@SUBJ,@<NN,@ADVL->@SUBJ,1,6.25,16,0.004378667133724494
588,@FMV,@ADVL,@FCV->@FMV,1,0.1434720229555237,697,0.19074568701287328
587,@FMV,@ADVL,@ADVL->@FMV,1,0.1434720229555237,697,0.19074568701287328
585,@FMV,@ADVL,@IMV->@FMV,1,0.1434720229555237,697,0.19074568701287328
584,@ICV,@IMV,@FMV->@ICV,1,1.7543859649122806,57,0.01559900166389351
578,@PRD,@SUBJ,@IMV->@PRD,1,0.5586592178770949,179,0.048986338558542786
576,@PRD,@SUBJ,root->@PRD,1,0.5586592178770949,179,0.048986338558542786
515,@OBJ,@AN>,@PRD->@OBJ,1,0.186219739292365,537,0.14695901567562833
517,@<KN,@OBJ,@<NN->@<KN,1,0.43668122270742354,229,0.06266967335143182
529,@PRD,root,@<P->@PRD,1,0.027210884353741496,3675,1.0057251072773448
568,@<NN,root,@AN>->@<NN,1,0.22075055187637968,453,0.12397101322357475
567,@<NN,root,@OBJ->@<NN,1,0.22075055187637968,453,0.12397101322357475
566,@<NN,root,@<Q->@<NN,1,0.22075055187637968,453,0.12397101322357475
564,@<NN,root,@P>->@<NN,1,0.22075055187637968,453,0.12397101322357475
546,@ADVL,@AN>,@<DN->@ADVL,1,0.018590816136828406,5379,1.4720531570190034
555,@<AN,@<AN,@SUBJ->@<AN,1,2.5,40,0.010946667834311235
554,@<AN,@SUBJ,@P>->@<AN,1,1.5151515151515151,66,0.018062001926613537
553,@<AN,@SUBJ,@<Q->@<AN,1,1.5151515151515151,66,0.018062001926613537
492,@IMV,@IMV,@PRD->@IMV,1,0.2074688796680498,482,0.1319073474034504
485,@SUBJ,@IMV,root->@SUBJ,1,0.046992481203007516,2128,0.5823627287853578
422,@<Q,@SUBJ,@<P->@<Q,1,0.10449320794148381,957,0.2618990279358963
611,@NN>,@P>,@DN>->@NN>,1,0.05356186395286556,1867,0.5109357211664769
433,@OBJ,@SUBJ,@AN>->@OBJ,1,0.11560693641618498,865,0.23672169191698045
436,@OBJ,@SUBJ,@<INFN->@OBJ,1,0.11560693641618498,865,0.23672169191698045
437,@OBJ,@SUBJ,@FMV->@OBJ,1,0.11560693641618498,865,0.23672169191698045
439,@OBJ,@SUBJ,root->@OBJ,1,0.11560693641618498,865,0.23672169191698045
656,@NN>,@<NN,@P>->@NN>,1,0.044722719141323794,2236,0.6119187319379981
443,@<NN,@OBJ,@PRD->@<NN,1,0.08628127696289906,1159,0.31717970049916805
446,@<NN,@OBJ,@<P->@<NN,1,0.08628127696289906,1159,0.31717970049916805
448,@<NN,@OBJ,@AN>->@<NN,1,0.08628127696289906,1159,0.31717970049916805
449,@<NN,@OBJ,root->@<NN,1,0.08628127696289906,1159,0.31717970049916805
451,@DN>,@NN>,@NN>->@DN>,1,0.19723865877712032,507,0.1387490147998949
648,@SUBJ,@NN>,root->@SUBJ,1,7.142857142857142,14,0.0038313337420089323
647,@SUBJ,@NN>,@<NN->@SUBJ,1,7.142857142857142,14,0.0038313337420089323
646,@SUBJ,@NN>,@PRD->@SUBJ,1,7.142857142857142,14,0.0038313337420089323
643,@ADVL,@P>,@<NN->@ADVL,1,1.1235955056179776,89,0.0243563359313425
641,@ADVL,@P>,@SUBJ->@ADVL,1,1.1235955056179776,89,0.0243563359313425
640,@ADVL,@P>,@Vpart->@ADVL,1,1.1235955056179776,89,0.0243563359313425
639,@ADVL,@P>,@OBJ->@ADVL,1,1.1235955056179776,89,0.0243563359313425
635,@NN>,@PRD,@<Q->@NN>,1,0.10080645161290322,992,0.2714773622909187
471,@ADVL,@NN>,@J->@ADVL,1,0.34602076124567477,289,0.07908967510289867
628,@<NN,@<Q,@PRD->@<NN,1,0.43668122270742354,229,0.06266967335143182
474,@ADVL,@NN>,@FMV->@ADVL,1,0.34602076124567477,289,0.07908967510289867
475,@ADVL,@NN>,@KN>->@ADVL,1,0.34602076124567477,289,0.07908967510289867
476,@ADVL,@NN>,@AN>->@ADVL,1,0.34602076124567477,289,0.07908967510289867
623,@<NN,@<Q,@AN>->@<NN,1,0.43668122270742354,229,0.06266967335143182
620,@IMV,@ADVL,@SUBJ->@IMV,1,0.4424778761061947,226,0.06184867326385848
619,@IMV,@ADVL,@FMV->@IMV,1,0.4424778761061947,226,0.06184867326385848
484,@SUBJ,@IMV,@<INFN->@SUBJ,1,0.046992481203007516,2128,0.5823627287853578
615,@NN>,@P>,@PRD->@NN>,1,0.05356186395286556,1867,0.5109357211664769
614,@NN>,@P>,@<P->@NN>,1,0.05356186395286556,1867,0.5109357211664769
813,@P>,@KN>,root->@P>,1,1.0752688172043012,93,0.025451002714773623
814,@P>,@KN>,@PRD->@P>,1,1.0752688172043012,93,0.025451002714773623
815,@P>,@KN>,@OBJ->@P>,1,1.0752688172043012,93,0.025451002714773623
108,@AN>,@AN>,@P>->@AN>,1,0.11210762331838565,892,0.24411069270514055
1030,@ADVL,@DN>,@OBJ->@ADVL,1,0.6451612903225806,155,0.04241833785795604
1029,@ADVL,@DN>,@Vpart->@ADVL,1,0.6451612903225806,155,0.04241833785795604
1028,@ADVL,@DN>,@<NN->@ADVL,1,0.6451612903225806,155,0.04241833785795604
1026,@ADVL,@DN>,@PRD->@ADVL,1,0.6451612903225806,155,0.04241833785795604
1023,@KN>,@SUBJ,@<KN->@KN>,1,3.225806451612903,31,0.008483667571591209
1021,@OBJ,@Vpart,@NN>->@OBJ,1,25.0,4,0.0010946667834311236
1020,@??,@IMV,@NN>->@??,1,100.0,1,0.0002736666958577809
1018,@FMV,@OBJ,@IMV->@FMV,1,0.1510574018126888,662,0.18116735265785094
130,@ADVL,root,@FCV->@ADVL,1,0.0030191413561982973,33122,9.064388300201419
1007,@<DN,@OBJ,@Vpart->@<DN,1,5.555555555555555,18,0.004926000525440056
138,@<Q,@ADVL,@P>->@<Q,1,0.06333122229259025,1579,0.432119712759436
1004,@P>,@<KN,@<P->@P>,1,0.15772870662460567,634,0.17350468517383308
152,@ADVL,@SUBJ,@<P->@ADVL,1,0.0429000429000429,2331,0.6379170680444872
997,@PRD,@IMV,@OBJ->@PRD,1,0.625,160,0.04378667133724494
995,@PRD,@IMV,@<Q->@PRD,1,0.625,160,0.04378667133724494
164,@AN>,@ADVL,@OBJ->@AN>,1,0.015720798616569723,6361,1.7407938523513442
990,@<NN,@FMV,@SUBJ->@<NN,1,50.0,2,0.0005473333917155618
989,@<NN,@FMV,@NN>->@<NN,1,50.0,2,0.0005473333917155618
988,@PRD,@OBJ,@SUBJ->@PRD,1,3.4482758620689653,29,0.007936334179875645
984,@SUBJ,@AN>,@NN>->@SUBJ,1,20.0,5,0.0013683334792889044
982,@SUBJ,@AN>,@ADVL->@SUBJ,1,20.0,5,0.0013683334792889044
980,@<INFN,@PRD,@ADVL->@<INFN,1,6.666666666666667,15,0.0041050004378667135
978,@<INFN,@PRD,@IMV->@<INFN,1,6.666666666666667,15,0.0041050004378667135
976,@<P,@SUBJ,@OBJ->@<P,1,3.8461538461538463,26,0.007115334092302304
974,@<P,@SUBJ,@<NN->@<P,1,3.8461538461538463,26,0.007115334092302304
973,@<P,@SUBJ,@ADVL->@<P,1,3.8461538461538463,26,0.007115334092302304
972,@ADVL,@NEG,@NN>->@ADVL,1,2.631578947368421,38,0.010399334442595673
971,@ADVL,@NEG,@OBJ->@ADVL,1,2.631578947368421,38,0.010399334442595673
970,@ADVL,@NEG,@<NN->@ADVL,1,2.631578947368421,38,0.010399334442595673
1031,@ADVL,@DN>,@DN>->@ADVL,1,0.6451612903225806,155,0.04241833785795604
1036,@VOC,root,@<NN->@VOC,1,1.4084507042253522,71,0.019430335405902444
968,@ADVL,@<INFN,@IMV->@ADVL,1,0.20366598778004072,491,0.13437034766617043
1038,@VOC,root,@NN>->@VOC,1,1.4084507042253522,71,0.019430335405902444
1094,@FCV,@<NN,@FMV->@FCV,1,100.0,1,0.0002736666958577809
1093,@PRD,@<NN,@<NN->@PRD,1,50.0,2,0.0005473333917155618
1092,@PRD,@<NN,@AN>->@PRD,1,50.0,2,0.0005473333917155618
1090,@<NN,@<AN,@OBJ->@<NN,1,20.0,5,0.0013683334792889044
1089,@<NN,@<AN,@PRD->@<NN,1,20.0,5,0.0013683334792889044
1087,@KN>,@<NN,@<KN->@KN>,1,14.285714285714285,7,0.0019156668710044661
78,@P>,@ADVL,@AN>->@P>,1,0.017943656917279744,5573,1.525144496015413
1085,@Q>,@ADVL,@NN>->@Q>,1,7.6923076923076925,13,0.003557667046151152
1083,@Q>,@ADVL,@PRD->@Q>,1,7.6923076923076925,13,0.003557667046151152
1082,@Q>,@ADVL,@<P->@Q>,1,7.6923076923076925,13,0.003557667046151152
1080,@<KN,root,@KN>->@<KN,1,4.3478260869565215,23,0.00629433400472896
1077,@IMV,@SUBJ,@<INFN->@IMV,1,0.4132231404958678,242,0.06622734039758298
1076,@IMV,@SUBJ,@SUBJ->@IMV,1,0.4132231404958678,242,0.06622734039758298
83,@P>,@ADVL,root->@P>,1,0.017943656917279744,5573,1.525144496015413
84,@P>,@ADVL,@J->@P>,1,0.017943656917279744,5573,1.525144496015413
1069,@Vpart,@OBJ,@OBJ->@Vpart,1,0.37735849056603776,265,0.07252167440231194
1068,@Vpart,@OBJ,@DN>->@Vpart,1,0.37735849056603776,265,0.07252167440231194
90,@ADVL,@<NN,@FMV->@ADVL,1,0.6060606060606061,165,0.045155004816533846
91,@ADVL,@<NN,@PRD->@ADVL,1,0.6060606060606061,165,0.045155004816533846
1061,@AN>,@<NN,@<Q->@AN>,1,0.10183299389002036,982,0.26874069533234085
1060,@AN>,@<NN,@FMV->@AN>,1,0.10183299389002036,982,0.26874069533234085
1058,@AN>,@<NN,@SUBJ->@AN>,1,0.10183299389002036,982,0.26874069533234085
1057,@AN>,@<NN,@IMV->@AN>,1,0.10183299389002036,982,0.26874069533234085
1054,@AN>,@<NN,@<P->@AN>,1,0.10183299389002036,982,0.26874069533234085
96,@<NN,@P>,@PRD->@<NN,1,1.0526315789473684,95,0.025998336106489182
99,@<NN,@P>,@<Q->@<NN,1,1.0526315789473684,95,0.025998336106489182
103,@AN>,@AN>,root->@AN>,1,0.11210762331838565,892,0.24411069270514055
1045,@<DN,@<NN,@Vpart->@<DN,1,7.6923076923076925,13,0.003557667046151152
104,@AN>,@AN>,@FMV->@AN>,1,0.11210762331838565,892,0.24411069270514055
969,@ADVL,@<INFN,@<AN->@ADVL,1,0.20366598778004072,491,0.13437034766617043
967,@ADVL,@<INFN,@P>->@ADVL,1,0.20366598778004072,491,0.13437034766617043
283,@IMV,root,@AN>->@IMV,1,0.03855050115651503,2594,0.7098914090550836
886,@<KN,@SUBJ,@KN>->@<KN,1,0.34602076124567477,289,0.07908967510289867
884,@Vpart,@FMV,@DN>->@Vpart,1,0.07905138339920949,1265,0.3461883702600928
236,@<Q,@OBJ,@PRD->@<Q,1,0.13157894736842105,760,0.20798668885191346
240,@<Q,@OBJ,root->@<Q,1,0.13157894736842105,760,0.20798668885191346
876,@NN>,@FMV,@<NN->@NN>,1,3.7037037037037033,27,0.007389000788160084
872,@DN>,@<P,@KN>->@DN>,1,9.090909090909092,11,0.0030103336544355895
865,@DN>,@P>,@Vpart->@DN>,1,0.4716981132075472,212,0.05801733952184955
863,@DN>,root,root->@DN>,1,1.0638297872340425,94,0.025724669410631402
862,@DN>,root,@NN>->@DN>,1,1.0638297872340425,94,0.025724669410631402
860,@SUBJ,@OBJ,@ADVL->@SUBJ,1,3.0303030303030303,33,0.009031000963306769
859,@SUBJ,@OBJ,@<Q->@SUBJ,1,3.0303030303030303,33,0.009031000963306769
855,@SUBJ,@OBJ,@PRD->@SUBJ,1,3.0303030303030303,33,0.009031000963306769
854,@<INFN,@OBJ,@PRD->@<INFN,1,0.5555555555555556,180,0.049260005254400566
265,@OBJ,@IMV,root->@OBJ,1,0.041254125412541254,2424,0.6633680707592609
849,@??,@ADVL,@OBJ->@??,1,12.5,8,0.002189333566862247
845,@??,@??,@Punc->@??,1,0.7751937984496124,129,0.035303003765653734
843,@??,@??,@FMV->@??,1,0.7751937984496124,129,0.035303003765653734
269,@OBJ,@IMV,@DN>->@OBJ,1,0.041254125412541254,2424,0.6633680707592609
836,@??,@??,@PRD->@??,1,0.7751937984496124,129,0.035303003765653734
834,@IMV,@OBJ,@SUBJ->@IMV,1,0.5524861878453038,181,0.049533671950258346
279,@IMV,root,@PRD->@IMV,1,0.03855050115651503,2594,0.7098914090550836
280,@IMV,root,@<Q->@IMV,1,0.03855050115651503,2594,0.7098914090550836
829,@<Q,@NN>,@AN>->@<Q,1,0.38910505836575876,257,0.07033234083544969
828,@<Q,@NN>,@<NN->@<Q,1,0.38910505836575876,257,0.07033234083544969
827,@<Q,@NN>,@OBJ->@<Q,1,0.38910505836575876,257,0.07033234083544969
825,@<Q,@NN>,@SUBJ->@<Q,1,0.38910505836575876,257,0.07033234083544969
824,@<Q,@NN>,@P>->@<Q,1,0.38910505836575876,257,0.07033234083544969
822,@<AN,@<NN,@PRD->@<AN,1,14.285714285714285,7,0.0019156668710044661
821,@<AN,@<NN,@<NN->@<AN,1,14.285714285714285,7,0.0019156668710044661
820,@<AN,@<NN,@ADVL->@<AN,1,14.285714285714285,7,0.0019156668710044661
234,@<Q,@OBJ,@AN>->@<Q,1,0.13157894736842105,760,0.20798668885191346
231,@AN>,@<Q,@ADVL->@AN>,1,0.1890359168241966,529,0.1447696821087661
962,@ADVL,@<INFN,@SUBJ->@ADVL,1,0.20366598778004072,491,0.13437034766617043
891,@<AN,@ADVL,@PRD->@<AN,1,4.166666666666666,24,0.0065680007005867415
170,@AN>,@ADVL,@SUBJ->@AN>,1,0.015720798616569723,6361,1.7407938523513442
171,@AN>,@ADVL,@<Q->@AN>,1,0.015720798616569723,6361,1.7407938523513442
955,@SUBJ,@FCV,@ADVL->@SUBJ,1,2.083333333333333,48,0.013136001401173483
952,@Vpart,root,@OBJ->@Vpart,1,0.0670690811535882,1491,0.40803704352395126
951,@Vpart,root,@<DN->@Vpart,1,0.0670690811535882,1491,0.40803704352395126
950,@Vpart,root,@DN>->@Vpart,1,0.0670690811535882,1491,0.40803704352395126
939,@<P,@<KN,root->@<P,1,0.5128205128205128,195,0.05336500569226727
935,@<P,@<KN,@PRD->@<P,1,0.5128205128205128,195,0.05336500569226727
224,@ADVL,@FMV,@VOC->@ADVL,1,0.005576933801795773,17931,4.907117523425869
928,@SUBJ,@<INFN,@IMV->@SUBJ,1,25.0,4,0.0010946667834311236
927,@SUBJ,@<INFN,@PRD->@SUBJ,1,25.0,4,0.0010946667834311236
925,@OBJ,@NN>,@NN>->@OBJ,1,20.0,5,0.0013683334792889044
924,@OBJ,@NN>,@ADVL->@OBJ,1,20.0,5,0.0013683334792889044
923,@OBJ,@NN>,@PRD->@OBJ,1,20.0,5,0.0013683334792889044
922,@ICV,root,@ADVL->@ICV,1,1.7241379310344827,58,0.01587266835975129
920,@ICV,root,@OBJ->@ICV,1,1.7241379310344827,58,0.01587266835975129
226,@AN>,@<Q,@<AN->@AN>,1,0.1890359168241966,529,0.1447696821087661
915,@<INFN,@P>,@OBJ->@<INFN,1,16.666666666666664,6,0.0016420001751466854
914,@<INFN,@P>,root->@<INFN,1,16.666666666666664,6,0.0016420001751466854
912,@VOC,@IMV,@SUBJ->@VOC,1,25.0,4,0.0010946667834311236
227,@AN>,@<Q,root->@AN>,1,0.1890359168241966,529,0.1447696821087661
909,@OBJ,@DN>,@NN>->@OBJ,1,100.0,1,0.0002736666958577809
908,@<DN,@SUBJ,@Vpart->@<DN,1,1.7857142857142856,56,0.01532533496803573
907,@<DN,@SUBJ,@DN>->@<DN,1,1.7857142857142856,56,0.01532533496803573
904,@IMV,@<Q,@FMV->@IMV,1,2.380952380952381,42,0.011494001226026798
902,@<Q,@PRD,@ADVL->@<Q,1,0.7575757575757576,132,0.036124003853227074
899,@<Q,@PRD,root->@<Q,1,0.7575757575757576,132,0.036124003853227074
896,@PRD,@ADVL,@<NN->@PRD,1,3.7037037037037033,27,0.007389000788160084
892,@PRD,@ADVL,@SUBJ->@PRD,1,3.7037037037037033,27,0.007389000788160084
1361,@J,@IMV,@ADVL->@J,1,0.03815337657382679,2621,0.7172804098432437
