lemma;form;naitelause;margend
Marko;Markole;tüdrukud on isa sõnul Markole hoogsalt amokki jooksnud;owner
poliitika;poliitikast;Lahkusin poliitikast aastal;loc_a
ilme;ilmel;Nüüd käib kass ilmel aias ringi;manner
Kelam;Kelamitel;raske käib Kelamitel abiks vanadaam;owner
aastavahetus;aastavahetusel;Olen aastavahetusel koolides mängimas käinud;time
tippaja;tippajal;Lahkusin ajakirjandusest ju tippajal pärast saamist;time
Kohila;Kohilas;Käisin Kohilas üritusel;loc_c
üritus;üritusel;Käisin Kohilas üritusel;event
laulutund;laulutunnis;Käime Karliga laupäeviti Musamaris laulutunnis;event
Ateena;Ateenas;Helen istub Ateenas ühisköögis;loc_c
kleidiproov;kleidiproovis;käis Barbra teadmata kleidiproovis;event
aprill;aprillis;Viimati liikus teineteise käevangus juubelipeol aprillis;time
eliitülikool;eliitülikoolides;põlvkond on koolis käinud eliitülikoolides;loc_a
autokool;autokoolis;käis siis nüüd autokoolis ära;loc_a
talu;talus;saada käis Tiina koos perega suvel talus abiks;loc_c
iseenese;iseendast;disainer astus pärast showd lavale iseendast numbrit väiksemana;loc_c
Vilsandi;Vilsandil;suvel käib ta treti Vilsandil;loc_c
kelder;keldris;siis on keldris käinud varas;loc_c
Bronx;Bronxist;poleks ma Bronxist kunagi lahkunud;loc_c
finaalvõistlus;finaalvõistlusel;Koos käisid nad finaalvõistlusel;event
telepurk;telepurgist;kes telepurgist läbi käis;loc_a
vastassugupool;vastassugupoolest;lõpuks istud iga vastassugupoolest hirmus teeb;other
Venemaa;Venemaal;Nad käisid meiega sageli Venemaal kaasas;loc_c
kord;korras;aastat tagasi käis koolitüdruk korras Eestis;other
maakodu;maakodus;hiljuti käis maakodus;loc_c
naer;naerul;Põõsast jookseb välja naerul poiss;state
Verona;Veronas;filmigrupp Veronas ringi liigub;loc_c
talveöö;talveööl;talveööl käis metsavend meil;time
korvtool;korvtoolidel;mina tüdruk istume korvtoolidel;loc_c
üksteise;üksteisest;inimesed käivad üksteisest läbi mühakad;other
kangamess;kangamessidel;Käisid hiljuti kangamessidel suundub;event
maraton;maratonidel;olen käinud maratonidel;event
ida;itta;Ta lahkus pärast võitlust vennaga itta lubades;loc_a
hoiak;hoiakule;Vaatamata hoiakule astus valitsus siiski aastal samme tulla;other
kuu;Kuul;detsembrini käis Kuul kokku meest;loc_c
valitsus;valitsuses;Pidevalt valitsuses istunud;loc_a
Narva;Narvas;Narvas ei käinud koolis;loc_c
maosein;maoseinast;Leidmata eest pisikuid ei lahku immuunrakud ometi maoseinast;loc_c
otsing;otsinguil;läks lahkus siitkandist otsinguil inimesi;manner
üldjuht;üldjuhul;mis üldjuhul rahulikult liiguvad;other
pesula;pesulas;Korra käid pesulas liitrit;loc_c
iminokk;iminokas;Teisalt liigub veri iminokas suunas;loc_c
positsioon;positsioonilt;me astume tagasi positsioonilt;loc_a
tulemus;tulemusel;tulemusel peaminister astus tagasi;other
tualett;tualetis;Käisin tualetis puuderdamas;loc_c
ehituskomitee;ehituskomitees;me käisime Peterburis ehituskomitees;loc_c
ajama;Ajas;Ajas astus pihtimusega üles retsidivist;error
Inglismaa;Inglismaal;armastatakse siis Inglismaal käib suhtlemine kutsete abil;loc_c
kirjandus;kirjanduses;kirjanduses liiguvad väited;loc_a
missioon;missioonil;nad käivad aeg missioonil;event
seitsmekümnes;seitsmekümnendatel;originaalitsemine käis juba seitsmekümnendatel;time
komsomol;komsomoli;mees astus komsomoli;loc_a
Võrumaa;Võrumaal;kes käis Taaliga koos koolis Võrumaal;loc_c
puhkepäev;puhkepäeval;meremehel jookseb palk puhkepäeval;time
rühm;rühmas;rühmas käib lapsi üle Tallinna;loc_a
semester;semestril;kes Amicusse astus semestril;time
vajadus;vajadusele;käis koos vastavalt vajadusele;other
tapp;Tapalt;üldse käib inimest Tapalt väljaspool tööl;loc_c
väljamaa;väljamaal;Leo käiski väljamaal hööveldamas;loc_c
kesklinlane;kesklinlastest;Pendeldajaid liigub kesklinlastest rohkem tööpäevadel;other
võrgustik;võrgustikesse;kes on liikunud kiiremini võrgustikesse;loc_a
juhutöö;juhutöödel;eestlased ookeani taga juhutöödel käivad;loc_a
ühiskond;ühiskonnas;raha ühiskonnas liigub;loc_a
kehtivus;kehtivusest;Nii käib siin jutt käitumisnormi kehtivusest läbi prisma;other
üleminekuriik;üleminekuriikides;sissesöömine käib üleminekuriikides;loc_c
kasutusala;kasutusaladel;Samuti kasutusaladel käib haldusmenetluses testimine;event
tagajärg;tagajärjel;kes on ametist lahkunud tagajärjel;other
kvantmaailm;kvantmaailmas;aga kvantmaailmas liiguvad osakesed;loc_a
Madalmaad;Madalmaile;Sittow on lahkunud poisina Tallinnast Madalmaile;loc_c
paiste;paistel;lauajuppidel istub paistel meest;manner
doktoriõpe;doktoriõppesse;aastal astus R. Kangro doktoriõppesse suundus;loc_a
lävi;lävele;Astunud topoloogiaks lävele;loc_a
jõud;jõule;käsi istus enne jõule vahi all;error
suvelõpupäev;suvelõpupäeval;suvelõpupäeval istuvad meest tänaval autosse;time
koolitustellimus;koolitustellimustest;jutt käib koolitustellimustest erialadele;other
multimeediastuudio;multimeediastuudios;multimeediastuudios istus;loc_c
varundusseade;varundusseadmesse;andmed liiguvad kettasüsteemist läbi serveri varundusseadmesse;loc_c
MM-eriala;MM-erialale;Pärast klassi astusin MM-erialale;loc_a
Taaveti;Taavetist;jutt käib Taavetist;other
teispoolsus;teispoolsusesse;teispoolsusesse lahkunud;loc_a
MM;MM-il;Viimati astus suursoosikuna võistlustulle sõudja MM-il teda;event
rüseleja;rüselejal;rüselejal käisid sussid;owner
rivistus;rivistuses;liider astub juunil Tallinnas Eesti vastu rivistuses;loc_a
õpireis;õpireisidel;Käis õpireisidel Soomes;event
tsenter;tsentrist;tipus liigub õhk tsentrist eemale;loc_a
tasandik;Tasandikul;liiguvad tornaadod Tasandikul;loc_c
Niva;Nivas;haiglasse Nivas kõrvalistmel istunud;loc_c
kõrvaliste;kõrvalistmel;haiglasse Nivas kõrvalistmel istunud;loc_c
töökoht;töökohalt;töötut oli eelmiselt töökohalt lahkunud soovil;loc_a
vaateplatvorm;vaateplatvormile;mööda treppe kõrgele vaateplatvormile astunud;loc_c
võim;Võimult;Võimult lahkunud;loc_a
paber;paberil;paberil dokumente liigub vähem;error
võitlustuli;võitlustulle;enne seda astuvad võitlustulle veel truppi;event
korpus;korpuses;Päästearmee korpuses käis;loc_a
NBA-ahvatlus;NBA-ahvatlusele;Vaatamata NBA-ahvatlusele käis ta ülikoolitee lõpuni;other
protsess;protsessil;protsessil käis kuulamas juhataja;event
Vormsi;Vormsil;kolleeg pole käinud Vormsil saarel;loc_c
loom;loomale;astub perenaine mesimagusalt loomale ligi;other
kaksik;kaksikutel;kaksikutel poegadel jookseb elusuvi;owner
rahakott;rahakotile;Nädalavahetustel käin vastavalt rahakotile keskturul;other
sadul;sadulasse;lähe istun laupäeval sadulasse;loc_c
hommikupimedus;hommikupimeduses;Istus hommikupimeduses Otepääl autosse;time
põlengupaik;põlengupaigal;Öösel põlengupaigal käinud;loc_c
muusikal;muusikalis;Esmakordselt astus püünele inimene muusikalis aastal;event
pilv;pilvel;pilvel istuvat;loc_c
operatsioon;operatsioonil;käis operatsioonil ära;event
iimi;iimist;iimist power lahkub auto kohe lülitab;error
meriväli;Meriväljal;Aleksandr istusid teisipäeval kodumajas Meriväljal tee tuli;error
korsten;korstnale;haigur istus puhkama korstnale Inglismaal Northamptonis;loc_c
teelõik;teelõigul;mis liikus teelõigul eksikombel vastassuunas;loc_c
draamateater;draamateatris;Lisaks jooksevad filmid tänavu draamateatris;loc_c
maarjamaa;Maarjamaalt;kes nädala pärast lahkub Maarjamaalt;loc_c
kuku-klubi;Kuku-klubis;lapsepõlves käis ta Kuku-klubis söömas;loc_c
lähedus;läheduses;nad hommikuti ikka läheduses liiguksid;loc_a
latt;latile;jooksis latile liialt sisse;loc_c
äärelinn;äärelinnades;äärelinnades käivat lahingud;loc_c
Elvi;Elvis;südamesse astus Elvis aastal nägi;error
kriis;kriisile;kriisile otsimine jookseb täistuuridel;event
rakk;rakku;lugemisajaks jooksevad emmed-issid leidmiseks mööda linna jalad rakku;state
luu;luust;see käib luust läbi;loc_c
varjupaik;varjupaigas;Inge käivad varjupaigas abiks mees;loc_c
nüüdismaailm;nüüdismaailmas;nüüdismaailmas liigub tehnoloogia kiiresti käest kätte;loc_a
nisupõld;nisupõllul;nisupõllul käib kuud ehitustegevus tahetakse;loc_c
turbiinisaal;turbiinisaalis;tudengid astuvad täna publiku ette vanal Kalmuneiuga turbiinisaalis puiesteel;loc_c
trajektoor;trajektooril;Võrumaal trajektooril liikunud;loc_a
sügishooaeg;Sügishooajal;Sügishooajal käin ilmselt korda perega Rootsis pidamas;time
kuub;kuuel;jookseb kuuel;error
vabaõhulava;vabaõhulaval;Eile Londonis vabaõhulaval üles astunud;loc_c
Alatskivi;Alatskivil;lapsed käivad Alatskivil keskkoolis;loc_c
kehastus;kehastuses;lavale astub ta kehastuses;state
toetus;toetusel;tõe-näoliselt astus Kvashnin järsult kaitseministri vastu välja toetusel;manner
käsi-käsi;käsi-käes;Arusaamine käib käsi-käes küpsusega;manner
kultuurikolledõi;kultuurikolledõisse;astusin kultuurikolledõisse õppima;error
delta;deltas;deltas provintsis käisin linnas;loc_c
üliõpilane;üliõpilasest;aastal käis ta seal korda külas üliõpilasest vennal;state
pluss;plussis;börsid liikusid reedel plussis;state
rahaauto;rahaautos;rahaautos istunud;loc_a
kapitaalremont;kapitaalremondis;kilomeetrit buss on korra käinud kapitaalremondis;event
RBH;RBHsse;alusel liikusid varad Nordikast RBHsse;loc_a
ootus;ootuses;ootuses käisin aeg massaažis;state
rockmuusikal;rockmuusikalis;Kõrvuti astuvad rockmuusikalis lavale lauljad;event
vormelimaailm;vormelimaailmas;Muidugi liigub vormelimaailmas raha;loc_a
aju-uuring;aju-uuringul;diktaator käis korda päeva jooksul aju-uuringul;event
ettekirjutus;ettekirjutusest;pole ettekirjutusest hoolimata siit seni ka lahkunud;other
judotatami;judotatamile;president astus eile korda kuu jooksul Jaapanis judotatamile heideti;loc_c
võimuliit;võimuliidust;Koonderakond lahkus reedel võimuliidust;loc_a
trollima;trollis;mina aga istusin trollis;error
võrgumaailm;võrgumaailmas;võrgumaailmas käib elanike vahel suhtlemine;loc_a
siselist;siselistidel;väitlus käib juba siselistidel;loc_a
trollipeatus;trollipeatusse;kaaslane jooksis pärast õnnetust trollipeatusse;loc_c
mõisamaja;mõisamajast;päev käib ta mõisamajast läbi;loc_c
jõulud;jõuludele;mobiilitootjad astuvad jõuludele vastu noortetelefonidega;event
maakonnakeskus;maakonnakeskuses;maakonnakeskuses käib otsimas inimest;loc_c
lauspommitamine;lauspommitamisest;Järelikult käib jutt lauspommitamisest;other
värbamine;värbamisel;värbamisel käib konkurents;event
rahvariie;rahvariideis;kõnnivad rahvariideis;state
olemasolu;olemasolul;mäng jookseb ilusti protsessori olemasolul;reason
Paksa;Paksas;Pärast tagasiastumist lahkus Paksas parteist;error
põhjapoolus;põhjapoolusel;kes käisid mais ekspeditsioonil põhjapoolusel;loc_c
Bem;Bemis;Bemis nüüd välja käib;error
isamaaliit;Isamaaliidust;astus välja Isamaaliidust;loc_a
tööreis;tööreisidel;Olen käinud Eestis tööreisidel;event
kaldapealne;kaldapealsel;Kõnnime kaldapealsel;loc_c
vaegnägija;vaegnägijatele;käis vaegnägijatele esinemas;owner
valitseja;valitsejale;valitsejale astub vastu number;owner
Peipsi;Peipsil;Peipsil kalal käinud;loc_c
Kaukaasia;Kaukaasias;Kaukaasias käisid piigad ujumas;loc_c
dokument;dokumendist;jutt käib dokumendist;other
hokitrenn;hokitrennis;poeg käib hokitrennis uisutamas;loc_a
pääsküla;Pääskülast;Tuttavad jooksevad Pääskülast kohale;loc_c
mahitus;mahitusel;Ma olen mahitusel käinud aastal;other
linnapea;Linnapeadest;Linnapeadest käisid peale platsil linnapea;other
sakstekamber;sakstekambris;sakstekambris istusid laua taga mehed;loc_c
palliväli;palliväljadel;liikusid palliväljadel vallutuseni;loc_c
ülekäiguraja;ülekäigurajale;pärastlõunal kell astus Raivo ülekäigurajale;loc_c
noorim;noorimal;siis noorimal käisid päkapikud;owner
toidumüügiturg;toidumüügiturule;Kalda astub toidumüügiturule viimase peal tehnika;loc_a
jaemüüja;jaemüüjatele;kaup liiguks töötlejalt jaemüüjatele hindadega;owner
Warriorss;Warriorsist;jõud käis võõrsil 118 üle Golden Warriorsist;error
istekoht;istekohal;Istun istekohal;loc_c
80.;80ndatel;kes käisid seal 80ndatel;time
koduõu;koduõuele;koduõuele astunud;loc_c
tervis;tervisest;Sestsaadik tehti liiguvad pidevalt kuuldused tervisest;other
Pihva;Pihvas;käisime korra ettevalmistustel Pihvas diviisis;loc_c
viht;vihast;aastat tagasi põrkasid jooksis viimane vihast näoga boksi juurde;error
Pitcairn;Pitcairnilt;Lennuk lahkus Pitcairnilt;loc_c
Delfi;Delfis;Delfis käib tihti andmine omade vahel põrkuvad;loc_a
asukoht;asukohale;ilmselt tänu asukohale käis näitusel külastajaid;other
doonoripäev;doonoripäeval;doonoripäeval käis andmas inimest;event
mootorpaat;mootorpaadis;mootorpaadis istus tuukrit;loc_c
liikumisrada;liikumisrajal;Viimati käisid Andrus liikumisrajal teisipäeval;loc_c
kvaliteet;kvaliteedis;erakonnad astuvad valijate ette kvaliteedis;state
väikeettevõtja;väikeettevõtjale;mis väikeettevõtjale käib üle jõu;owner
Sardiinia;Sardiiniast;Ta lahkus Sardiiniast korra saanud;loc_c
mitmepäevasõit;mitmepäevasõidul;profid astusid mitmepäevasõidul leeri;event
ummiktee;ummikteel;aastat liikus Venemaa ummikteel;loc_a
riigikirjand;riigikirjandites;sõnul jooksis mullu riigikirjandites tekst;loc_c
arvutifirma;arvutifirmas;Firenzes käisime arvutifirmas;loc_c
Aivar;Aivarilt;aastat olen Aivarilt käinud küsimas;owner
arvutitelk;arvutitelgis;arvutitelgis käis eile huvilist;loc_c
vastukülaskäik;vastukülaskäigul;Virumaal vastukülaskäigul käinud;event
sihtasutus;sihtasutuses;Sergejeva käis sihtasutuses novembris;loc_c
rätt;rättides;aedades istusid rättides naised;state
mini;minis;Talvel minis hästi ei käi;state
ebaõnnestumine;ebaõnnestumisest;ebaõnnestumisest hoolimata lahkun Eestist muljetega;other
korvpallikool;Korvpallikoolis;Korvpallikoolis käinud;loc_a
plaju;plajudele;hankimine käib plajudele mehhiklastele üle jõu;error
jõudmine;jõudmisest;ei lahku abilinnapea kohalt enne jõudmisest ette novembril;error
telefonirežiim;telefonirežiimis;menüüd ei liiguks telefonirežiimis aeglaselt;state
äss;ässadele;hooaegadel on ta ässadele valusalt kannale astunud;owner
uusrajoon;uusrajoonis;kes käis uusrajoonis hääletamas;loc_c
Amasoonia;Amasoonias;mis ju Amasoonias edukalt käib;loc_c
Tallina;Tallinas;hiljuti Tallinas käinud;loc_c
avariihetk;Avariihetkel;Avariihetkel juhi kõrval istunud;time
esinemispaik;esinemispaigas;ajal astuvad esinemispaigas õllesõprade ette lauljad;loc_c
Sigulda;Siguldas;Nädalavahetusel Siguldas MKetapil käinud;loc_c
imik;imikutest;väitel käib Jõulumäel rahvast alates kõhul imikutest kuni pensionärideni välja;other
kangisaal;kangisaalis;Nüüd käisin päeva enne võistlust kangisaalis;loc_c
veinipidu;veinipeol;Korra käis Ööbik Rakverest väljaspool veinipeol;event
McLaren;McLarenisse;McLarenisse lahkunud;loc_a
tualetipott;Tualetipotist;Tualetipotist mööda istunud;other
sinine;sinisesse;Marika istus eemal sinisesse Fordi;error
juveeliäri;juveeliärisse;Astuvad sisse juveeliärisse;loc_c
naiskodukaitse;naiskodukaitsesse;naiskodukaitsesse astuvad;loc_a
Ikaru;Ikarust;Praegu liigub liinidel sõnul päev kaks Ikarust;error
festivalivõitja;festivalivõitjast;Eestist astub seekord lavale rohkearvuliselt lauljaid alates festivalivõitjast;other
külapidu;külapidudel;aeg-ajalt käib ta külapidudel mängimas;event
parandusmasin;parandusmasinale;remont käib tänu parandusmasinale kiiremini;other
neljasilmavestlus;neljasilmavestlusel;korda käisin neljasilmavestlusel;event
seisus;seisusest;oleks astuksin ma seisusest otsekohe välja;other
taaspühitsemine;taaspühitsemisest;Piiskop-emeeritus on käinud olavipäeval aastal alates taaspühitsemisest;event
lennundus;lennundusele;Estonian liigub lennundusele suunas aastal;state
kinnipeetav;kinnipeetavast;kinnipeetavast astus eile esimesena kabinetti Eenmaa;other
kuru;kurus;lennukid pole kurus käinud;loc_c
tagaots;tagaotsas;Ustimenko istus tagaotsas pannud;loc_c
Amsterdam;Amsterdamis;Esmaspäevani istus ta Amsterdamis trellide taga;loc_c
lahkumine;lahkumisest;käis dislussioon lahkumisest;other
ühinemisläbirääkimised;Ühinemisläbirääkimistesse;Ühinemisläbirääkimistesse on astunud Eesti;event
luide;luidetelt;luidetelt liigub liiv hoovuste mõjul veel muulide vahele laevakanalisse sonni;loc_c
valimiskomisjon;valimiskomisjonis;ma esmaspäeval end valimiskomisjonis registreerimas käisin;loc_a
aura;Auras;palju käib Auras lätlasi;loc_c
eramu;eramutes;ajal käivad vargad eramutes sees päeva ajal toimetavad;loc_c
töökorraldus;töökorralduses;juurutamisega astub linn töökorralduses sammu edasi;dependent
ujula;ujulas;Nad käisid siin ujulas ujumas;loc_c
vangistus;vangistuses;laureaat istus protestidest hoolimata vangistuses;state
eetika;eetikasse;Ühelt jookseb ta sisse eetikasse;loc_a
põhiväärtus;põhiväärtustest;Jutt käib põhiväärtustest;other
õhuruum;õhuruumis;Nüüd kõnnivad õhuruumis laevamudelite vahel muuseumikülalised;loc_a
sügissuplem;sügissuplemas;käib hoidmiseks koos setteri veerel sügissuplemas;error
sõjaväeterritoorium;sõjaväeterritooriumil;konvoi käis linnast sõjaväeterritooriumil;loc_c
konjakireis;konjakireisil;klubi käib korra Prantsusmaal konjakireisil;event
uulits;uulitsal;Seega on karud uulitsal käinud;loc_c
Bal-neomi;Bal-neomis;Bal-neomis käib traumadega inimest;loc_c
majaelanik;majaelanikest;Tänaval peal käib majaelanikest kolmandik;other
orienteerumisvõistlus;orienteerumisvõistlusel;ilmselt käin üle aja taas orienteerumisvõistlusel;event
kultuurifestival;Kultuurifestivalil;Kultuurifestivalil Kopenhaagenis astuvad üles muusikud;event
diivaninurk;diivaninurgal;Helene istub diivaninurgal nii istuvad;loc_c
taksondus;taksonduses;Alates päevast tekkisid käib taksonduses kammajaa;loc_a
tööpataljon;Tööpataljonis;Tööpataljonis käisime üle metsatöödel;loc_a
Petseri;Petseris;kutsel Petseris käisin;loc_c
proovilava;proovilaval;Vahetult enne Gerlit proovilaval käinud;loc_c
euroaju;euroajudes;euroajudes liigub mõte;loc_c
orhideevorm;orhideevormidele;Näiteks Floridas käib orhideevormidele jaht;owner
foon;foonil;Reklaamplakatil istub Gorbatšov tagaistmel foonil;manner
rentsel;rentslisse;astu rentslisse;loc_c
humanitaarala;Humanitaaraladel;Humanitaaraladel on tegelastest lahkunud Berk;loc_a
uni;unes;sõnul kõnnib vend sageli unes;state
tarbekunstigalerii;tarbekunstigaleriis;jalas käisid nad tarbekunstigaleriis jäädes;loc_c
hävitamine;hävitamisel;likvideerimine käib hävitamisel stsenaariumi järgi;reason
sotsiaalkeskus;sotsiaalkeskuses;sotsiaalkeskuses tegemas käivad;loc_c
hommikukuub;hommikukuues;kes istub hommikukuues kiiktoolis;state
headus;headuses;Polkovniku astuvad Madis headuses;state
energiafirma;energiafirmast;Jutt käib energiafirmast;other
1960.;1960-ndatel;kirjamees astus kirjandusellu 1960-ndatel oli;time
Kajakas;Kajakast;Jutt käib Kajakast aastast;other
äriringkond;äriringkondades;kes istuvad äriringkondades;loc_a
La;Las;Näiteks käib Las Vegases esinemas Elton;loc_c
MM-etapp;MM-etapil;MM-etapil poodiumile astunud;event
prostitutsiooniprotsess;prostitutsiooniprotsessis;pidajad astuvad nädala pärast prostitutsiooniprotsessis süüdistatavatena kohtu ette;event
sunniit;sunniidist;mis valitsusajal astus vastu sunniidist režiimile;error
digitaalplatvorm;digitaalplatvormile;nähtav siis alates eilsest liikus kanal digitaalplatvormile;loc_a
toomemägi;Toomemäele;mis koos rongkäigulistega Toomemäele liigub;loc_c
Show;Show'l;Show'l astub ülesse poeg;event
list;listides;debatt on listides käinud;loc_a
Mäo;Mäolt;kes alates Mäolt Sõmerpalu poole astus abistada;loc_c
rongivagun;rongivagunis;plahvatus käis kell hommikul rongivagunis;loc_c
talumees;talumeestest;mis liiguvad küll talumeestest kiiremini;other
hasart;hasardist;paljud käivad sisseastumiskatsetel lihtsalt hasardist;other
arvutimess;arvutimessil;Peeter käis Saksamaal arvutimessil;event
sessioon;sessioonil;sessioonil istus seltskond arutama;event
traal;traalidel;Puhkuse ajal käis Mart kuulmisega traalidel;loc_c
muusikamaastik;muusikamaastikust;Jutt käib muusikamaastikust;other
väikeplokk;väikeplokkidest;Külas käis väikeplokkidest ehitamine saama;other
Taanimaa;Taanimaalt;Taanimaalt noruspäi lahkuvad;loc_c
reaktor;reaktorist;Soojusenergia lahkub reaktorist hoopis heeliumi abil;loc_c
Kazimirez;Kazimirezis;ta pole käinud Kazimirezis;loc_c
olümpia-mäng;olümpia-mängudel;olümpia-mängudel käis kultuuriminister;event
seganeljane;seganeljases;seganeljases istusid veel Silver;loc_a
õhtuhämar;õhtuhämaras;kuuseäri ees käis eile õhtuhämaras riietumine;time
eksamikeskus;eksamikeskuses;Eile käisid eksamikeskuses küsimas abituriendid;loc_c
huvialaring;huvialaringides;Erinevalt käib ta sagedamini huvialaringides;loc_a
türklane;türklastest;Tihtipeale astusid nad türklastest mööda;other
Martha;Martha's;Martha's on Russo käinud perega aastaid;loc_c
massaažikool;massaažikoolis;kes käivad massaažikoolis lihtsalt huvist;loc_a
videvik;Videvikus;Videvikus liiguvad loomad kanapimedus;time
töömaht;töömahust;komisjonid ei käi töömahust üle;other
europarlament;europarlamendis;õnneks ei käi poliitika europarlamendis riigiti;loc_a
suurendamine;suurendamisest;jutt käib suurendamisest;other
välibassein;välibasseinis;Noormehed käisid välibasseinis;loc_c
Tammsaare-lavastus;Tammsaare-lavastuses;kes Tammsaare-lavastuses astub üles Indrekuna;event
müügitehing;müügitehingul;kelm käis ise müügitehingul võtmas kannatanud;event
kõrvalejäämine;kõrvalejäämisele;hinnanguil käis vaatamata kõrvalejäämisele hääletamas protsendi erandina;other
Reaalkool;Reaalkoolist;Reaalkoolist pole jookul lahkunud õpetaja;loc_a
naisteosakond;naisteosakonnas;käis naisteosakonnas;loc_c
golfiraja;golfirajal;Tulles käime golfirajal;loc_c
Schäuble;Schäublel;Käed liiguvad Schäublel aga tänu imele;owner
laadaplats;Laadaplatsil;Laadaplatsil käib elu;loc_c
seitsmetund;seitsmetunnist;kes astus pärast seitsmetunnist mängu meie juurde;time
korraldusmeeskond;korraldusmeeskonnast;Tänavu on Rock korraldusmeeskonnast lahkunud mehed;loc_a
seenekasvatusprojekt;seenekasvatusprojektile;käisid majandusministri juures seenekasvatusprojektile palumas;owner
kips;kipsis;kellest 10 lahkusid kliinikumist kipsis jalaga;error
infosajand;infosajandisse;infosajandisse astuvat;time
hakatus;hakatusel;alatasa käime talle hakatusel meenutamas;manner
lasterong;lasterongis;juhataja istuvad lasterongis nimega;loc_c
pakkuja;pakkujast;kes on liikunud sammhaaval pakkujast;state
ettevalmistusraha;ettevalmistusrahast;jutt käib ettevalmistusrahast;other
tervisehäire;tervisehäirele;protsenti oli vaatamata tervisehäirele käinud tööl;other
Togo;Togost;president lahkus eile Togost;loc_c
varasügis;varasügisel;konkurent käis varasügisel välja Ristküsitluse;time
net;netis;netis tüübid käivadki;error
töörühm;töörühmas;esindajad istusid tõepoolest töörühmas;loc_a
politseikolledž;Politseikolledžisse;Politseikolledžisse astunud;loc_a
klubides-pubides-kontsert;klubides-pubides-kontsertidel;kes klubides-pubides-kontsertidel käivad;event
erarõivas;erarõivastes;Koalitsiooniväed liiguvad aladel tihti erarõivastes kasutades;state
pdagoogikaülikool;pdagoogikaülikoolis;Olen käinud pdagoogikaülikoolis otsimas;error
projekteerimine;projekteerimisel;näiteks käivad tööd projekteerimisel;event
kaklus;kakluses;varem istus ta aastat kinni tapmise eest kakluses;event
silt;siltidele;keeleinspektorid käiksid linnaosas siltidele näitamas;error
rannahoone;rannahoones;lapsed käisid juba neljapäeval koos rannahoones peol;loc_c
Floro;Floros;Tiia jooksis Norramaal Floros tõkkeid rekordiga;loc_c
majaosa;majaosas;majaosas käib ehitus;loc_c
lina;linal;kes astub korda üles linal;error
lapsepõlvemaailm;lapsepõlvemaailmas;Priit käis ekskursioonil lapsepõlvemaailmas;loc_a
kaitsekonfiguratsioon;kaitsekonfiguratsioonist;armee käiks pingutuseta üle kaitsekonfiguratsioonist;loc_a
lauatoake;lauatoakeses;lauatoakeses istume;loc_c
üksikrajatis;üksikrajatistest;toetuste puhul ei käi jutt üksikrajatistest;other
Bain;Baini;praegugi käib USA-s Baini rajaja vahel vaidlus;error
VIP-sektor;VIP-sektoris;Kõndisin staadonil ringi VIP-sektoris;loc_c
põhikoosseis;põhikoosseisust;KuPS-ist lahkus pool põhikoosseisust;other
IT-äri;IT-ärisse;aastat tagasi astus Siff jõuliselt IT-ärisse;loc_a
printsess;Printsessi;Printsessi käib Tallinnas leinamas kooliõpilasi;error
kroonimispidustus;kroonimispidustustel;Venelased käisid seal kroonimispidustustel;event
kanep;Kanepile;Vähem istub Kanepile võrdlemine ameeriklanna;owner
pst;pst-l;Istume Pirital pst-l džiipi;loc_c
medalivõit;medalivõidust;jutt käib suusakuninganna medalivõidust;other
veehaare;veehaardesse;mis aga liigub veehaardesse;state
pallimäng;pallimängudelt;Küll jooksevad staadioni äärde pallimängudelt tantsu-tüdrukud;event
tähetorn;tähetornist;astume tähetornist välja;loc_c
eesosa;eesosas;eesosas liigub pea;loc_c
esine;esiselt;Kobaras koos tõttasid nad esiselt Kakumäe poole;loc_a
labidas;labidale;Istusin otse labidale;loc_c
diagnostikakeskus;diagnostikakeskuses;pärast seda käis ta uuringutel diagnostikakeskuses;loc_c
toomine;toomisel;rollis astus Kalkun aastatel üles toomisel;error
Avinurme;Avinurmest;vaenlane Avinurmest edasi ei liiguks;loc_c
läänetiib;läänetiivas;boss istus läänetiivas toas;loc_c
Veiko;Veikole;Karin istub Veikole lähemal;owner
saksa-turnee;Saksa-turneel;Kursman käib ära Saksa-turneel;event
talihooaeg;Talihooajal;Talihooajal jooksis teravamalt Igor suvel;time
lahendamine;lahendamisel;Lebedi vahel käib lahendamisel võistlus;dependent
malm;malmist;sõnul käib nädalal ikka pakkujat lootusrikkalt malmist luukidega kohal;state
rattatool;rattatoolides;põnni istuvad rattatoolides üks;loc_c
suusatreening;suusatreeningutel;Nooruspõlves käis suusatreeningutel abikaasa;event
Yle1;Yle1-st;sarjadest jookseb argihommikuti Yle1-st;loc_a
teraapiatuba;Teraapiatoas;Teraapiatoas istuvad inimesed vaguralt maalide ees;loc_c
tuledesära;tuledesäras;teine liigub tuledesäras;state
liitmine;liitmisele;astusid otsustavalt liitmisele;other
kahepaat;kahepaati;Jaanson istuvad regatiks kahepaati;loc_c
läänekülg;lääneküljest;praegu liigub praam lääneküljest mööda ringiga juhuks;loc_c
Šanghai;Šanghais;Šanghais käis nimelt visiidil ametnik;loc_c
klaveriklass;Klaveriklassis;Klaveriklassis käib töö programmi järgi;loc_c
reservõppekogunemine;reservõp-pekogunemistel;mullu käis reservõp-pekogunemistel kaitseliitlasi;event
perelehekülg;Pereleheküljel;Pereleheküljel käime külas kodudes;loc_a
uusasum;uusasumitesse;sõnul on aastaga uusasumitesse lahkunud elanikust Viimsisse;loc_c
maailmaturnee;maailmaturneel;käis koos ansambliga maailmaturneel;event
haavel;haavlitest;üks haavlitest liikus südamesse;other
suusakuurort;suusakuurordis;rongipõlengut käib suusakuurordis Kaprunis pidu muiste;loc_c
Infortar;Infortari;Varem on Ühispangast omanikfirmasse Infortari liikunud sekretär;loc_a
pommitaja;pommitajatele;Käisime pommitajatele varem peale;owner
Valerenga;Valerengas;Valerengas testimisel käinud;loc_a
vormeliraja;vormelirajal;Kas vormelirajal istub rooli;loc_c
Moldova;Moldovast;Moldovast olevat aasta jooksul lahkunud inimest haltuuratööl;loc_c
Barbara;Barbaras;laupäevaõhtul istub Barbaras inimesi on;loc_c
raadius;raadiuses;reostus liigub piirkonnas raadiuses;loc_a
matkariie;matkariietes;käid matkariietes;state
perenaine;perenaisel;lüpsis siis nüüd käib naabrinaine perenaisel abiks lüpsmas;owner
Tatjana;Tatjanal;Koolitüdrukud käivad Tatjanal abiks kammimas;owner
Weinheimi;Weinheimis;Toomas jooksis Weinheimis meetrit ga;loc_c
keskkonnafond;keskkonnafondile;keskkonnafondile käib andmine üle jõu;loc_a
võistluskarussell;võistluskarussellilt;lahkus kaotuse järel USAs võistluskarussellilt;loc_a
Lada;Ladasse;jõudnud istusid röövlid koos ekskavaatorijuhiga Ladasse;loc_c
joogikontsern;Joogikontsernist;Joogikontsernist ASist lahkunud;loc_a
meelehärdus;meelehärduses;jookseb meelehärduses lapse juurest minema;state
majutuskeskus;majutuskeskusse;Edasi liigub ta majutuskeskusse;loc_c
šampoonitam;šampoonitamas;kes käib purskkaevusid šampoonitamas;error
inkasso;Inkassost;Julianuse Inkassost lahkunud;loc_a
infosüsteem;infosüsteemis;infosüsteemis liigub info koos patsiendiga;loc_a
raamatupidamisstandard;raamatupidamisstandarditele;Praegu käib arvutamine vastavalt raamatupidamisstandarditele;other
liivasiil;liivasiili;kes endale liivasiili jalga astus;error
vaenlane;vaenlasele;vaenlasele vastu astusid võitluses;owner
Põhja-Afganistan;Põhja-Afganistanis;Põhja-Afganistanis käivad lahingud protesteerivad;loc_c
džihaad;džihaadist;Täna astusime džihaadist džihaadi mõeldes;event
esikülg;esikülgedelt;näopilt on läbi käinud esikülgedelt tootereklaami;loc_a
võidupäev;võidupäeval;kes lahkus võidupäeval pealinnast;time
maakonnahaigla;maakonnahaiglasse;maakonnahaiglasse juhi kõrval istunud;loc_c
käsitlus;käsitluses;krahv astub käsitluses kultuurispasmidega sammu kerkib;state
riigieelarve;riigieelarvele;väljamaksmine ei käi riigieelarvele kindlasti üle jõu suurenevad;owner
puukool;puukoolis;rootslased on puukoolis käinud küll;loc_a
tantsuetendus;tantsuetendusel;tantsuetendusel astuvad pühapäeval Ugalas lavale balletiartistid;event
skulptuuriring;skulptuuriringis;Istusin ajal hoopis palees skulptuuriringis;event
kopteriparras;kopteripardalt;Käisin korduvalt kopteripardalt vaatamas;loc_c
abieluvoodi;abieluvoodil;ämm istub abieluvoodil;loc_c
takistamispüüe;takistamispüüetele;kõndis takistamispüüetele minema;other
fanatism;fanatismist;inimesed käivad koos fanatismist;reason
Kaagvere;Kaagverest;käis päeva eest Kaagverest toomas;loc_c
juulis-august;Juulis-augustis;Juulis-augustis käib rästik sageli jahil nuumata;time
piletimüük;piletimüügis;Hinnanguliselt liigub piletimüügis sularaha üle krooni;event
töötlemine;töötlemisel;mis käib töötlemisel konventsiooni kohta;reason
magaja;magajatel;magajatel käis laine aja vastu nina;owner
font;fondis;initsiatiivil käib fondis praegu inventuur;error
narkosõltuvus;narkosõltuvuses;sõnul käis narkosõltuvuses turgutamas tekkisid;state
internetilehekülg;internetileheküljel;Statistika järgi käib internetileheküljel huvilist;loc_a
herilasepesa;herilasepessa;me herilasepessa ei astuks;loc_a
internetikasiino;internetikasiinodest;käe all jookseb hulk internetikasiinodest;other
tagumik;tagumikku;keegi enesele pindu tagumikku ei istuks;loc_c
punkar;punkarist;Ma käisin punkarist sõbral EÕM-is külas;error
tele-eeter;tele-eetris;Mehed paneb on tele-eetris käinud sügisel;loc_a
seinaorv;seinaorvas;Istume seinaorvas;loc_c
kiirustama;kiirustas;sõnul lahkus Ivanov kiirustas;error
retseptsioon;retseptsioonist;ajal avati käis Kunstihoones retseptsioonist;loc_a
Jefrey;Jefreyst;Lahkun Jefreyst;owner
Lätimaa;Lätimaale;hiljem liikusid hääletades Lätimaale Ipikule külje alla;loc_c
MTG;MTG-st;aastal lahkus Nuutmann MTG-st;loc_a
briifing;briifingul;Saulius on turismiministeeriumis briifingul käinud;event
erilennuk;erilennukile;kes istus õhtul Tallinnas erilennukile lennata;loc_c
joogatund;joogatundides;Alul käis perekoolis joogatundides loengutes;loc_a
krematoorium;krematooriumisse;Matusetalituse järel liigub sark suurtükilafetil aupataljoni saatel krematooriumisse;loc_c
teravaim;teravaimalt;poolel liikusid teravaimalt Williams-Darling;manner
kuldkala;kuldkalale;Käisime veel Anne kuldkalale ütlemas;owner
Lõuna-Iraagi;Lõuna-Iraagist;sõdurid Lõuna-Iraagist lahkuvad;loc_c
paremus;paremuselt;Aleksander astus College kevadesse paremuselt kettakaarega rekordist;error
jahi-maa;jahi-maadele;hoopis soovil jahi-maadele ei lahkuks;loc_a
odavise;odaviskes;Sama käib odaviskes;event
vehklemistreening;vehklemistreeningul;käib küll vahetevahel saalis vehklemistreeningul;event
etikett;etiketist;jutt käib etiketist;other
laienemine;laienemisest;jutt käib laienemisest;other
võitleja;võitlejatele;tänu võitlejatele lahkusid okupatsiooniväed;other
kooskõlastusring;kooskõlastusringil;detailplaneering liigub kooskõlastusringil nüüd kiiremini võimalda;event
võimsus;võimsusel;mõlema puhul käis töö võimsusel;state
võltskarp;võltskarpides;turul on alati ka võlts-kuubalasi liikunud võltskarpides;loc_c
nõgi;nõel;Sarnaselt käib otsaga nõel üle molekulide võimaldades;error
teabevargus;teabevarguses;õhtul astuvad LHV USA-s kohtu ette süüdistatuna teabevarguses teenimises;reason
netifoorum;netifoorumis;hilisõhtul istus paigus netifoorumis inimest otsides;loc_a
ärikomandeering;ärikomandeeringutes;kes käib pidevalt ärikomandeeringutes;event
maletaja;maletajast;maletajast istuvad laua taha kaheksa;other
hooldetiim;hooldetiimist;hooldetiimist lahkunud;loc_a
tagamine;tagamisele;Tänavatel liigub politsei koos tagamisele sotsiaaltöötajaga;error
vahipost;vahipostidel;piirkaitsjad käisid vahipostidel juhtub;loc_c
õhuvägi;õhuväest;Tibbets lahkus õhuväest brigaadikindralina aastal;loc_a
Bravocom;Bravocomist;Numbriteisaldusega on Bravocomist lahkunud klienti;loc_a
koolistaadion;koolistaadionil;lastekollektiiv jookseb koolistaadionil;loc_c
ärikursus;ärikursusel;Käisin sissejuhatuseks ärikursusel;event
korjanduskast;korjanduskastis;rahad korjanduskastis liikusid;loc_c
üleujutus;üleujutusel;Raidma on liikmena seni käinud missioonil aastal üleujutusel;event
asutamine;asutamisest;surve tõttu ametis lahkunud alates asutamisest sõda;event
Vuelta;Vueltal;kes astus Vueltal sadulast etappi enne lõppu;loc_a
jah-pool;jah-poolele;Erakonnas euroteemal jah-poolele astunud;loc_a
teatemeeskond;teatemeeskonnas;Golberg jooksis eile teatemeeskonnas;loc_a
peatreeneripink;peatreeneripingile;peatreeneripingile on hooaja jooksul istunud Jaak;loc_a
Spacecomi;Spacecomil;sõnul käivad Spacecomil aastat vaidlused küll tariifide üle;owner
ristik;ristikul;05.03.2003 kella ajal ristikul astus kohas sõiduteele;error
mõisahoone;mõisahoones;mõisahoones käib elu;loc_c
ringkäik;ringkäigul;ringkäigul käis kultuuriminister lastekodudes;event
napsipood;napsipoes;Käisin napsipoes;loc_c
pronks-skulptuur;pronks-skulptuurile;linnud ei istu pronks-skulptuurile;loc_c
valuuta;valuutades;60% käib valuutades tehakse;state
abiorganisatsioon;abiorganisatsioonidele;mõju vastu võitlemine käib ülejõu abiorganisatsioonidele;owner
Maldiivi;Maldiividel;Ma olen korda käinud Maldiividel;loc_c
linastus;linastustel;samuti on ta sellega käinud linastustel;event
sotsiaal-amet;sotsiaal-ametisse;nüüd käib ta sealt sotsiaal-ametisse toomas;loc_a
tragöödia;tragöödiasse;tragöödiasse istusid oivaliselt;loc_a
kirjanduslava;kirjanduslavale;aafriklased astusid kirjanduslavale suuresti aastatel seoses levikuga;loc_a
Erki;Erkile;Erkile käis kiirus üle jõu;owner
seltsipidu;seltsipidudel;kes käib seltsipidudel laulmas;event
peiduurgas;peiduurkas;Emerson istus peiduurkas ampullide otsas;loc_c
Leigo;Leigol;meelde Leigol üles astuvat;loc_a
lavastajapult;lavastajapuldis;kes istus tänavu lavastajapuldis;loc_a
autasustamine;autasustamisel;Maret-Sport viis astusid autasustamisel astmele;event
müüriosa;müüriosal;müüriosal käib täna lõppviimistlus;loc_c
riigiviis;riigiviisil;Viimati käis liidritest UKs riigiviisil tsaar;error
kušett;kušetile;Tüdruk istus kušetile;loc_c
puulaud;puulaual;nad istusid üksteise vastu litsutuna puulaual;loc_c
taim;taimele;ju ma siis astusin liikudes taimele;loc_c
NKVD-mees;NKVD-meestele;Roopalu päeva ajal keset NKVD-meestele sülle jooksis;owner
paisjärv;paisjärves;Käisime Tshempionsoniga paisjärves granaatidega püüdmas;loc_c
inter;intris;Pärast käisin intris vaatamas;loc_c
Tretjakovkas;Tretjakovkas;Käisime Pavkaga Tretjakovkas;loc_c
GUM;GUM-is;Käisime kaubamajades GUM-is;loc_c
kotletibaar;kotletibaaris;Istub muudkui kotletibaaris metroojaama kõrval;loc_c
kapinurk;kapinurgal;kodus istus karu kapinurgal;loc_c
seksiõpetus;seksiõpetuses;seksiõpetuses käivat;event
nõlvaed;nõlvaias;Nad istusid kõrvuti pingil maja ees nõlvaias;loc_c
kaitseseisang;kaitseseisangusse;astus jalad kaitseseisangusse;state
Susanna;Susannale;Raigo muuseas käis seeaeg Susannale pinda võtta;owner
basseiniäär;basseiniäärel;Timo istus basseiniäärel;loc_c
luksusköök;luksusköögis;Inga istus üksinda luksusköögis;loc_c
kaljusopka;kaljusopkal;ma istusin koos Veronikaga männi all seal kaljusopkal;loc_c
mungaklooster;mungakloostris;Egiptuses käisime vaatamas mungakloostris;loc_c
psühholoogiakonverents;psühholoogiakonverentsil;käisin Sankt psühholoogiakonverentsil tuttavate hulgas furoori võrrelda;event
ravimipood;ravimipoes;nõnda käib päeva jooksul ravimipoes klienti;loc_c
parteikool;parteikoolis;Enno-Lembit oli pärast demobiliseerimist käinud parteikoolis;loc_a
valgemets;Valgemetsas;kes käis suvekodus Valgemetsas;loc_c
suusatajasamm;suusatajasammul;lahkus suusatajasammul kabinetist;state
Ingrid;Ingridil;Ingridil kodus väikelinnas külas käisin;owner
Moorasaar;Moorasaares;perenaisega koos käisite Moorasaares röövimas;loc_c
Köln;Kölnis;Kadri käis Kölnis aastasündmusel;loc_c
muulikivi;muulikivil;Kalju istuvad muulikivil;loc_c
Transiti;Transitis;Teinekord istus Transitis tüdruk nö ametlikult;loc_c
turvavöö;turvavööst;aga jutt käib turvavööst;other
tuberkuloos;tuberkuloosi;lahter käib tuberkuloosi;state
saalituba;saalitoas;me jälle saalitoas istusime;loc_c
Pegasus;Pegasuses;õhtul istusin Pegasuses;loc_c
kaldarinnatis;kaldarinnatisele;Istume kaldarinnatisele sööma;loc_c
eluiga;elueas;Pole ma elueas nende juures käinud;time
sitt;sitas;Istu siis sitas;state
pruut;pruutidele;Varem käis ta pruutidele helistamas;owner
pornomess;pornomessil;Käinud korduvalt pornomessil;event
jõekäär;jõekäärus;Istusime sõpradega jõekäärus;loc_c
televisioonistaap;televisioonistaapi;oodates astusid sportlased televisioonistaapi;loc_c
äripartner;äripartnerile;Pangast liikus raha kergekäeliselt äripartnerile;owner
vesilood;vesiloodile;Jüri kõndis keset autoteed vesiloodile püüdes;loc_c
pohma;pohmas;Nimelt kõndis laulja pohmas peaga mööda tänavat;error
Westbergi-eraalgkool;Westbergi-eraalgkoolis;Ilmar käis Westbergi-eraalgkoolis reaalgümnaasiumis;loc_a
reaalgümnaasium;reaalgümnaasiumis;Ilmar käis Westbergi-eraalgkoolis reaalgümnaasiumis;loc_a
tammepuu;tammepuust;tammepuust mehed käinud raamvankriga korda järel;error
moeäri;moeäris;moeäris liiguvad mastaabis rahad;loc_a
kalurimajake;kalurimajakesse;Astume kalurimajakesse;loc_c
hiigelformaat;hiigelformaadis;hiigelformaadis lito vastas jooksis non-stop tantsuvideo;state
saunatrepp;saunatrepil;Parajasti ta saunatrepil istus;loc_c
jalgotsi;jalgotsis;Enn-Aksel istus ta jalgotsis;error
kolt;koldist;aastat ei lahkunud hetkekski koldist;dependent
peolaud;peolauas;mõned istusid peolauas;loc_c
foogt;Foogtile;Estrada astus Foogtile lähemale;other
vä;vä;paaritusmäng käib vä;error
puhmas;puhmastes;sa mehega puhmastes käisid;loc_c
autokumm;autokummile;Istusin autokummile;loc_c
Wilde;Wilde'is;Istun Wilde'is koos majanaabriga;loc_c
Teise;Teises;Teises istus maani hobusevaras öövalvur;loc_c
kaupmeheelamu;kaupmeheelamus;Nüüd ma siis istusin kaupmeheelamus kamina ees;loc_c
tulepaiste;tulepaistel;nende keskel tulepaistel liiguvad haldjad;state
dise;disesse;minutid enne keskpäeva astus luurerühm saarelt neljateistkümnekraa disesse vette;error
Dinamo;Dinamos;Dmitri jooksis koos eestlasega platsile alguses Moskva Dinamos aga detsembrist saati Permi;loc_a
kodutu;kodututele;varjupaigas käib korda kodututele jagamas liige;owner
ritv;ridval;Pavel istub ridval;loc_c
diakooniamaja;diakooniamajas;diakooniamajas käib võimlemisrühm;loc_c
lumesadu;lumesajus;lumesajus ringi liikunud;event
tutvumisõhtu;tutvumisõhtul;Õhtul käisime matkamajas tutvumisõhtul mängimas;event
Metz;Metzis;Metzis käinud;loc_c
HETA;HETAst;tänaseks HETAst lahkunud;loc_a
Aeron;Aeronil;Istun hetkel Aeronil;loc_c
rütmika;rütmikalt;liigub rütmikalt;manner
Dixielant;Dixielandis;varem käisime Dixielandis;loc_c
lindla;lindlas;lindlas käib parasjagu kaalumine;loc_c
kümnepallisüsteem;kümnepallisüsteemis;Punktiarvestus käis kümnepallisüsteemis;state
Ikarus-buss;Ikarus-bussi;Ta istus jaamas lõpp-peatuses aktsiaseltsile Ikarus-bussi;loc_c
telefonivabrik;telefonivabrikus;Nad on telefonivabrikus korda vaatamas käinud;loc_c
ekstaas;ekstaasi;ekstaasi asemele astub salvimine;error
jalanõudekapp;jalanõudekapile;istusin luristades kirudes esikus jalanõudekapile;loc_c
hommikukaste;Hommikukastes;Hommikukastes istusin ta kõrval kerkis;loc_a
porimülgas;porimülkast;too astus porimülkast rambivalgusse;loc_a
maainimene;maainimestel;maainimestel käib lehti;owner
puhkebaas;puhkebaasides;puhkebaasides käinud;loc_c
teabmima;teabmis;istunuks ta seal teabmis ajast;error
purskkaevupark;purskkaevupargis;ta siis ekspeditsiooni algul purskkaevupargis istus raamat;loc_c
poroloontugitool;Poroloontugitoolis;Poroloontugitoolis jalg istus Toomas;loc_c
boheem;Boheemis;ooperit käisin kuulamas poisikesena Boheemis;loc_c
Meinhard;Meinhardi;Korraks jooksin Meinhardi kägaras kogu poole;error
toetuskonverents;toetuskonverentsil;spetsialist käis juuni algul Mongoolias toetuskonverentsil;event
väljavisatu;väljavisatutele;kaameramehed jooksid väljavisatutele tormi;owner
tippmees;tippmeestelegi;Piirsalu astus lõpus tippmeestelegi kandadele;owner
neeger;neegrist;suunal liigub shokolaadinali neegrist sõbra pihta;error
ringrõdu;ringrõdul;ringrõdul istuvad lamamistoolides kõrvuti kuju;loc_c
telkmaja;telkmajja;astub telkmajja;loc_c
töölispartei;Töölisparteisse;kes astus siis Töölisparteisse;loc_a
maanaisesamm;maanaisesammul;kes maanaisesammul astub nüüd mööda platsi;manner
Coruña;Coruñas;Tihti käis ta Coruñas;loc_c
poksitšempionaat;poksitšempionaadil;Käisin oktoobris esindajana poksitšempionaadil;event
jalaväepataljon;jalaväepataljonis;sõnul käib jalaväepataljonis korda;loc_a
paintball;paintballist;naised käivad sageli paintballist hankimas;event
orav;oraval;käib oraval söömas;error
kasarmuhoone;kasarmuhoonest;mõrvar oli laskeharjutustele mineku eel käinud kasarmuhoonest teise;loc_c
maabumiskoridor;maabumiskoridoris;jooksevad maabumiskoridoris liivaluiteni;loc_c
muusikakihistus;muusikakihistustesse;tähendus liiguks helikeelest korraks muusikakihistustesse;loc_a
saepukk;saepukil;Nad istusid saepukil nii;loc_c
toojuur;toojuures;Jutuajamine käis neil toojuures enamaste malli järgi;error
sügisrõske;sügisrõskes;ta nüüd siin sügisrõskes keldritoas istus;error
eeden;Eedenist;Luuletajad on vaikselt lahkunud Eedenist;loc_c
veesoon;veesoontel;veesoontel käisid kustutamas loomad;loc_c
õlipõrgu;õlipõrgus;kuis sul õlipõrgus istub;loc_a
pressiruum;pressiruumi;astus vaiprada pressiruumi;loc_c
orelikontsert;orelikontserdil;Enne sõjaväge käis Lukk Vanemuises orelikontserdil;event
näitemänguselts;näitemänguseltsis;Praegu käib näitemänguseltsis sõnul noort;loc_a
šefluskord;šefluskorras;ta šefluskorras käis ehitamas;reason
jazzifestival;jazzifestivalil;jazzifestivalil astuvad maailmastaaride kõrval üles muusikud;event
tankiluuk;tankiluukidel;tankiluukidel istuvad;loc_c
Kahvli;Kahvlist;Hannes lahkus Kahvlist sügisel;loc_a
reduperiood;reduperioodidel;ta reduperioodidel öömajal käinud;time
rahvaüritus;rahvaüritustel;rahvaüritustel agaralt käinud;event
murre;murdes;külalisi jooksis messikeskuses ummisjalu rahva seast läbi murdes huvikeskuse boksi juurde näha;error
alpimägi;alpimägedes;käis alpimägedes ekskursioonil;loc_c
mikrogramm;mikrogrammidest;jutt käib mikrogrammidest kg kohta;other
laenutus;Laenutustes;Laenutustes käivad uisud tihtipeale jalast jalga;loc_c
kummitus;kummitusest;käivad jutud kummitusest;other
mõttekus;mõttekusest;USAs käib diskussioon üle dollari mõttekusest;other
enesetapp;enesetapust;surma kohta on liikunud legende alates enesetapust kuni allatulistamiseni;other
tolmupilv;tolmupilves;tolmupilves liigub tonte;loc_c
moesalong;moesalongi;naine astub moesalongi;loc_c
õunapuu;õunapuudel;Need liiguvad õunapuudel;loc_c
kolmekümnes;kolmekümnendatel;Ülejäänud astusid kodakondsusse kolmekümnendatel;time
Lõuna-Rootsi;Lõuna-Rootsis;hommikul lahkub Eckard kodust Lõuna-Rootsis tuua;loc_c
moemess;moemessil;Veebruaris käisid ülemused Itaalias moemessil;event
Sussex;Sussexis;Käisin aga jälle Sussexis vaatamas;loc_c
arvutiturg;arvutiturult;Mitsubishi lahkub arvutiturult;loc_a
õmbluskursus;õmbluskursustel;Kõigepealt käisin õmbluskursustel;event
töökaitseamet;töökaitseametis;Vallandatud käisid nädalal töökaitseametis;loc_a
ametnikkond;ametnikkonnale;kehtestamine ühekorraga käib ametnikkonnale;owner
riigipüha;riigipühal;Käige riigipühal mööda asulat;event
mudilasmaja;Mudilasmajas;laps käis varem eralasteaias Mudilasmajas;loc_a
võimetus;võimetusest;Jutt käib võimetusest;other
korrelatsioon;korrelatsioonis;teada siis liiguvad hinnad korrelatsioonis;manner
koristamistöö;koristamistöödelt;töölised koristamistöödelt lahkusid;event
vererõhk;Vererõhku;Vererõhku käib siin mõõtmas inimest;error
ploomike;Ploomikeses;Ploomikeses käib haigeid;loc_c
Managua;Managuas;Istusime abikaasaga juunil Managuas lennukisse sõita;loc_c
kirjanduspäev;kirjanduspäevadel;olen käinud kirjanduspäevadel;event
lisavõimalus;lisavõimalusest;Seega käib jutt ilmselt lisavõimalusest;other
valgerand;Valgerannas;nooruses istun Valgerannas kivi otsas;loc_c
Engqui;Engquist;Engquist jookseb lisaks põhidistantsile m;error
menupaik;menupaigas;aega käivad menupaigas ettevalmistused ümberehituseks;loc_c
Amuurimaa;Amuurimaal;Carl käis Amuurimaal;loc_c
listaku;Listakult;kes Listakult Võrru tööle käib;loc_c
muusikapress;Muusikapressis;Muusikapressis liiguvad jutud;loc_a
mõõk;Mõõgal;tuusadest astuvad Mõõgal rajale vanameister;loc_a
poliitkool;poliitkooli;nooruk astus poliitkooli;loc_a
taasvalimine;taasvalimisest;Parlamendis käivad jutud taasvalimisest saladus;other
bluusifestival;bluusifestivalil;käin bluusifestivalil;event
riigikaitseakadeemia;Riigikaitseakadeemias;Kaitseminister käis laupäeval pidamas Riigikaitseakadeemias;loc_c
mahakandmine;mahakandmisest;Jutt käib mahakandmisest;other
lõpuetapp;lõpuetapil;lõpuetapil astus Lasse eile lähemale sarja üldvõidu poole edestades;event
kivimaja;kivimajas;kivimajas on käinud varas;loc_c
restruktureerimine;restruktureerimisel;Ukraina on restruktureerimisel kaugemale astunud Eesti;event
GSM-mobiilivõrk;GSM-mobiilivõrgus;edastamine käib GSM-mobiilivõrgus;loc_a
tantsureivi;tantsureividel;kes korral käis tantsureividel keerutamas;event
kirgas;kirkal;kirkal talvepäeval astus ta sõber;error
rahasüst;rahasüstile;Venemaa liigub rahasüstile vaatamata allamäge;other
Burjaatia;Burjaatias;kunagi käisin Burjaatias;loc_c
raudpingike;raudpingikesele;Istu korraks raudpingikesele;loc_c
tipptasand;tipptasandil;mismoodi elu tipptasandil käib;state
vaal-galerii;Vaal-galeriis;Leonhard näituse aastal Tallinnas Vaal-galeriis avalikkuse ette astus;loc_c
ööriie;ööriietes;hiigelfotol istus rühm ööriietes tüdrukuid;state
ruutmeeter;ruutmeetrilt;praegu käib piirmäär ruutmeetrilt veel üle jõu;other
mineja;minejast;aastal käis klassi minejast kolmandik valmistumas;other
rahvalikkus;rahvalikkuselt;Festivaliprogrammis oli päevaks rõhuasetus sujuvalt liikunud rahvalikkuselt elitaarsuse poole;state
naaberrada;naaberradadel;on intuitiivselt liikunud naaberradadel;loc_c
tudengiaeg;tudengiajal;tudengiajal käis ta otsimas;time
rocklaager;Rocklaagril;sõnul on ta käinud Rocklaagril;event
rockmuusika;rockmuusikast;33selt lahkub ta rockmuusikast tegelema;loc_a
lukustamisasend;lukustamisasendisse;laadimisel ei liikunud lukustamisasendisse pealesõidusild;state
kalapaat;kalapaatidel;Kassid käivad kalapaatidel sadamas vastas;other
autoomanik;autoomanikest;jutt käib rikkujate puhul siiski autoomanikest;other
elamispind;elamispindadelt;maksujõuetud lahkuvad elamispindadelt;loc_c
Mordvamaa;Mordvamaal;Paraku on lahendamine käinud Mordvamaal üle kivide;loc_c
nahakiht;nahakihtidesse;UV-kiirguse mõjul liigub see nahakihtidesse;loc_c
videolaenutus;videolaenutuses;videolaenutuses leti taga istunud;loc_c
rajatähis;rajatähisele;astus kurvis rajatähisele;loc_c
alagrupimäng;alagrupimängus;The istus koos tütrega pingil alagrupimängus;event
arengukõver;arengukõveral;Eesti liigub arengukõveral;loc_a
Charlton;Charltonisse;Juunis lahkus Charltonisse vasakkaitsja;loc_a
sideasutus;sideasutuses;kes on käinud sideasutuses pensioni järel;loc_c
Linnavalitsus;Linnavalitsusest;ajaks oli E. Tamm Linnavalitsusest juba lahkunud;loc_a
filmilinastus;filmilinastustel;liikusid koos filmilinastustel;event
teleasjandus;teleasjanduses;teleasjanduses käib info-;loc_a
sõjakolledzh;sõjakolledzhisse;sõjakolledzhisse astus aastal noormeest;loc_a
agitatsioonikoosolek;agitatsioonikoosolekul;käisin linnukasvatuses agitatsioonikoosolekul;event
talurahvaerakond;talurahvaerakonnast;talurahvaerakonnast läbi käinud;loc_a
radioloogiaosakond;radioloogiaosakonnas;radioloogiaosakonnas oli tänavu alguseks uuringutel käinud naist;loc_c
tantsulugu;tantsuloos;tantsuloos istus täht endast korda mulati süles;loc_a
päikeseprill;päikeseprillides;Üllatuseks astub ta lavale päikeseprillides;state
lemmiksigaretipood;lemmiksigaretipoes;viimati käisin lemmiksigaretipoes;loc_c
baltlane;baltlastele;lääneriik ei tõtta baltlastele pakkuma;owner
eurovõistlus;eurovõistlusel;käib käsi eurovõistlusel;event
peyote-tseremoonia;peyote-tseremoonial;Käisime korda peyote-tseremoonial;event
detail;detailides;Nikolajev ei lahkunud eriarvamuse tõttu detailides;error
saareküla;Saarekülas;tihti te Saarekülas käite;loc_c
lõpukolmandik;Lõpukolmandikul;Lõpukolmandikul kõndis noateral;time
IQ;IQst;Jutt käib IQst;other
voodikate;voodikattele;Ta istus voodikattele;loc_c
sotsiaalminister;sotsiaalministril;aastatel sotsiaalministril toolil istunud;owner
matshidel-maavõistlus;matshidel-maavõistlustel;Alates aastast olen käinud matshidel-maavõistlustel;event
kuldvillak;Kuldvillakus;võistkonnast on Kuldvillakus käinud Uno;event
eurokõnelus;eurokõnelustel;kas Eesti liigub eurokõnelustel kiiresti;event
Siro;Sirol;Igatahes astus Milan Sirol seisus;loc_c
solfedžotund;solfedžotundides;nuku-teatrilased solfedžotundides käivad;loc_a
regionaalliiga;Regionaalliigas;Regionaalliigas käib matil juunior;loc_a
voorimine;voorimisest;voorimisest hoolimata istus;other
raadiosaade;raadiosaates;Kõigepealt käis sõna välja linnapea raadiosaates;event
veelomp;veelombis;järsku istusin veelombis aitasid;loc_c
söögikord;söögikorrast;Meie aga mitte aja pärast astumegi suplusest söögikorrast heatujulistena laeva;event
Giro;Girol;Taas istus itaallane sadulasse Girol;event
maffiasaal;maffiasaalis;maffiasaalis eile istunud;loc_c
vaatamisaeg;vaatamisajal;see käib eetris vaatamisajal varaõhtuti;time
Vääna;Väänal;kinnitusel käis mullu Väänal massiliselt püüdjaid antud;loc_c
Tottenhami;Tottenhamist;aastal klubist Tottenhamist lahkunud;loc_a
Brodway;Brodwayl;Brodwayl pole ma käinud;loc_c
tuhkatriinu;tuhkatriinust;aatekaaslased istusid tuhkatriinust tõusmise ajal nördinult fraktsiooni toas;error
põhimaantee;põhimaanteedel;sõnul käivad politseinikud põhimaanteedel patrullimas korravalvuritega;loc_c
OBU-galerii;OBU-galeriisse;OBU-galeriisse astub inimene tänavalt;loc_c
Andre;Andrest;kes Andrest toona haiglas vaatamas käis;error
sunnitöövangla;sunnitöövanglas;Viimasega istus diktaator algul koos sunnitöövanglas harrastati;loc_c
Rotermanni;Rotermannis;ma pole Rotermannis veel käinud;loc_c
kiirendusrada;kiirendusrajal;Kella viie paiku hommikul käis kiirendusrajal mürakas;loc_c
igamehe-sõudevõistlus;igamehe-sõudevõistlusel;meil oli üks kambast käinud igamehe-sõudevõistlusel;event
teatesõit;teatesõitudes;teatesõitudes liikusid teistest nobedamalt Kristina;event
tänavarõivas;tänavarõivastes;kontrollmängul istus Sprewell pingil tänavarõivastes;state
rajoonivalitsus;rajoonivalitsuses;aastat tagasi käisime koos konsuli rajoonivalitsuses õigust;loc_a
gümnaasiumiharidus;gümnaasiumiharidusest;Jutt käib niisiis aastal gümnaasiumiharidusest;other
Sumatra;Sumatral;Davies on käinud tänavu ekspeditsioonil Sumatral otsis;loc_c
amnestiakampaania;amnestiakampaaniast;Jutt käib amnestiakampaaniast;event
ratsatreening;ratsatreeningutel;Gümnasist käib Säreveres ratsatreeningutel;event
rahvarõivakleit;rahvarõivakleidis;Modell astub altari ette punases rahvarõivakleidis saris;state
hapnikumask;hapnikumaskis;läbi reisijatesalongi jooksid hapnikumaskis mehed;state
perekoolitus;perekoolitusel;Talvel aga käivad isad-emad tervisekeskuste juures perekoolitusel;event
kaotusmäng;kaotusmängus;kaotusmängus mees pingil istus;event
Rahumägi;Rahumäel;kes aprillil Rahumäel tänaval poisiga seksuaalvahekorda astus;loc_c
eru;erru;aastat tagasi astus Karen modelliametist erru;state
Talki;Talkist;sõnul on Talkist lahkunud juba juhatusest;loc_a
Isamaaliit;Isamaaliidust;Kindlasti ei lahku ma Isamaaliidust;loc_a
kaubaagent;kaubaagendist;Tartus liigub legende kaubaagendist;other
robotkoduabiline;robotkoduabilistest;Jutt ei käi robotkoduabilistest;other
hobuveski;Hobuveskist;autogrammikütt lahkus Hobuveskist kell õhtul;loc_c
palliklubi;Palliklubist;suvel lahkus Dorbeku Palliklubist noortegruppi korvpalliklubisse;loc_a
30.;30ndates;30ndates Lauri käinud;time
kokkupõrkepiirkond;kokkupõrkepiirkonnast;lahkus kokkupõrkepiirkonnast helikopteritel;loc_c
valimissõda;valimissõjas;jookseb valimissõjas;event
lollitamine;lollitamisest;jutt käib lollitamisest;other
liikuv;liikuvale;Töötades liiguvad inglased rohkem liikuvale;error
peatreeneripost;peatreeneripostile;kes astub peatreeneripostile;loc_a
Puhkus;Puhkusel;Puhkusel pole ma aastat käinud;event
hoovõtt;hoovõtul;aastal liikusin hoovõtul vanaema;time
testimiskeskus;testimiskeskuses;Urmo käis alguses Tšehhimaal testimiskeskuses proovimas;loc_c
testikatse;testikatsel;kord istub rooli testikatsel;event
tagantotsasõit;tagantotsasõidul;istmel liigub peatugi tagantotsasõidul ette- püüdes;event
memuaarid;memuaaridest;Käivad jutud memuaaridest;other
kaalujälgija;Kaalujälgijates;ema käis aeg Kaalujälgijates;event
bodypump;bodypump'is;Käib bodypump'is;event
kättemaks;kättemaksust;kättemaksust käib jutt olete;other
büstilõikus;büstilõikusel;= käis büstilõikusel;event
inglis-maa;Inglis-maal;Inglis-maal käib suuroperatsioon;loc_c
Gunnar;Gunnar's;Üles astusid Gunnar's;error
välitekk;välitekile;Jooksin paljajalu välitekile;loc_c
koaksiaalkaabel;Koaksiaalkaablis;Koaksiaalkaablis liigub telepilt kaablis valgusimpulsside näol;loc_c
modellikool;modellikoolis;Olen käinud ka modellikoolis;loc_a
kevadmüük;kevadmüügilt;Tütarlaps lahkus kevadmüügilt jätnud;event
kolhoosikord;kolhoosikorras;Harley-mehed käisid kolhoosikorras kusagil garaažis kastmas;other
sulgpall;sulgpalli-;aastatel käis neiu sulgpalli-;error
kvalifikatsioonisõit;Kvalifikatsioonisõitudes;Kvalifikatsioonisõitudes liikus suurepäraselt kanadalane;event
noorsooamet;noorsooametisse;Kell hommikul astusidki Stefan koos pisipojaga noorsooametisse;loc_c
giidikursus;giidikursustel;Käin giidikursustel;event
keskmäestikulaager;keskmäestikulaagris;Esmakordselt keskmäestikulaagris käinud;loc_c
meditsiinisüsteem;meditsiinisüsteemis;meditsiinisüsteemis info ei liigu;loc_a
mõõtkava;mõõtkavas;Mäng käib mõõtkavas;state
kasvukeskkond;kasvukeskkonnas;tegevus käis kasvukeskkonnas;loc_a
avameeter;Avameetritest;Avameetritest käis Lazutina vahel heitlus;time
maadlusklubi;maadlusklubil;poisid käisid külas maadlusklubil;loc_a
raudpolt;raudpoltidele;keha liigub tänu raudpoltidele;other
vana-aastaöö;vana-aastaööl;Nii käiski neiu vana-aastaööl otsimas;time
skandaal;skandaalile;on loo pärast lõunal käinud aastast saadik skandaalile;error
rabajooks;rabajooksul;õpilane käis pühapäeval rabajooksul;event
jmt;jmt;läheb katkestab astub õhtukooli ilma otsuseta jmt;error
peatool;peatoolil;peatoolil istus ta aastal;loc_a
matkaking;matkakingades;käid päevast päeva matkakingades;state
õudukas;õudukas;parajasti jookseb õudukas;error
ansambliliige;ansambliliikmetel;Lisaks käis ansambliliikmetel nagin;owner
keskpark;Keskparki;Pillimängijad liikusid piki avenüüd Keskparki;loc_c
kosmoselaev;kosmoselaevalt;inimesena astus juulil Kuule astronaut kosmoselaevalt;loc_c
remondiruum;remondiruumis;istuvad jõude remondiruumis masinate vahel tundi;loc_c
magama;magad;kõnni magad;error
aastavahetusepidu;aastavahetusepeol;ta korraks ansambliga väliseestlastele aastavahetusepeol esinemas käis;event
Vince;Vince'il;Jen istus Vince'il kaksiratsi süles;owner
pidutseja;pidutsejatelt;kes öösel peaga pidutsejatelt küsimas käis;owner
Hawaii;Hawaiil;Pole küll Hawaiil käinud;loc_c
aerutamine;aerutamises;spordialal aerutamises astuvad täna võistlustulle linna-;event
ilmsikstulek;ilmsikstulekul;ilmsikstulekul lahkus ametist põllumajandusminister;reason
tuumakatsetus;tuumakatsetustel;me tuumakatsetustel ei käinud;event
SS-diviis;SS-diviisi;Johannes astus noormehena korras 17aastaselt SS-diviisi;loc_a
joonistamine;joonistamisse;astun joonistamisse tule;error
juunioriklass;juunioriklassist;Loomulikult lahkub Trepp praegu juunioriklassist ujujana;loc_a
klaaspuur;klaaspuuris;eemal klaaspuuris käib etendus;loc_c
klassikamaraton;klassikamaratonidel;Seni käis Ollega klassikamaratonidel Koidu;event
maailmavõistlus;maailmavõistlusel;korda maailmavõistlusel käinud;event
väljaütlemine;väljaütlemistes;kes väljaütlemistes korda tõsiselt ämbrisse astus;dependent
loomejõud;loomejõus;Tegelikult lahkus ta teatrist ju loomejõus;state
vetsupott;vetsupotist;vetsupotist ei käi jutt;other
Maidan;Maidanil;Me pole seal Maidanil revolutsiooni ajal kordagi käinud;loc_c
metsaloom;metsaloomadele;selleks metsaloomadele appi tõttab;owner
raudteeülesõidukoht;raudteeülesõidukohas;raudteeülesõidukohas jooksis rong rööbastelt maha;loc_c
taluköök;taluköögis;istuvad koos lähedastega taluköögis;loc_c
sõrmeoperatsioon;sõrmeoperatsioonil;Pack käis sõrmeoperatsioonil;event
põrgutuli;põrgutulele;tõttasid hoopiski vilistades põrgutulele;error
ahjutulevalge;ahjutulevalgel;sina istud seal ahjutulevalgel;state
Koronio;Koronios;Panathinaikose vastu jookseb platsile Koronios;error
Uuno;Uunos;Uunos jookseb ta laupäeviti juba alates novembrist on;loc_a
näiteklass;näiteklassis;kes juba käis näiteklassis;loc_a
rannajalgpall;rannajalgpallis;Siin käivad meistrivõistlused rannajalgpallis;dependent
rattasport;rattaspordist;rattaspordist lahkunud;loc_a
Joker;Jokeritesse;hooaja vahel Maardu Jokeritesse liikunud;loc_a
Jordani;Jordanist;sõitja lahkub Jordanist;loc_c
rahamaja;rahamajas;Marss liigub märgi rahamajas;loc_a
jõesäng;Jõesängis;Jõesängis jooksis jõevesi;loc_c
pisike;pisikesest;Olen pisikesest peale arstide juures käinud;other
sööma-joom;sööma-jooma;osavõtjad istusid sööma-jooma heietama;error
jõukurei;jõukureile;soetamine käiks ilmselt üle jõu jõukureile;error
komplekteerimine;komplekteerimisel;Paralleelselt mänguks käib BC leeris veel komplekteerimisel;dependent
õhuseirekeskus;õhuseirekeskuses;Jänkid käivad õhuseirekeskuses;loc_c
Šaruna;Šarunas;palluritest käisid tõmbamas Šarunas;error
kirurgiakeskus;kirurgiakeskuses;leedi käis eile koos abikaasa kirurgiakeskuses;loc_c
DV;DV-st;valmistatud lahkus Heinz alias DV-st lõpus Friedrichstrasse vaksali kaudu;loc_c
Orlando;Orlandost;Lahkus ju O aastat tagasi Orlandost Los vaatamata pakkumisele;loc_a
loomatohter;loomatohtril;loomatohtril käib abiks meest;owner
kunstfotoateljee;kunstfotoateljeedes;kunstfotoateljeedes ei käi enam keegi;loc_c
nimekam;nimekamatest;Klubist on nimekamatest lahkunud veteran;other
maim;Maimu;perenaine Maimu õhtul Raplamaal külas laudast lahkus;error
jõujuurikas;jõujuurikas;olümpial jooksis sugulane jõujuurikas ga;error
allfilm;Allfilmis;Raivo käis Allfilmis täitmas;loc_a
välisministeeriumihoone;välisministeeriumihoones;reporter käis välisministeeriumihoones uudistamas;loc_c
pidudel-vastuvõtt;pidudel-vastuvõttudel;pidudel-vastuvõttudel paarike on kuul käinud;event
ajabilanss;ajabilansile;teised käivad vastavalt ajabilansile talle toeks;other
löögirusikas;löögirusikas;Seni liigub löögirusikas kursil;error
pesupäev;pesupäevadel;lapsed tal pesupäevadel seltsiks käisid;event
hansa;Hansas;õhtul käisime Olde Hansas;loc_c
riigipolikliinik;riigipolikliinikuis;nii see ajal riigipolikliinikuis käis;loc_a
spordiüritus;spordiüritustel;Albert käib spordiüritustel;event
kehaosa;kehaosast;kehaosast jutt käib;other
motoringrada;motoringrajal;käib motoringrajal mehhaanikuks;loc_c
sõnavahetus;sõnavahetusse;Nigol sõnavahetusse astusid;loc_a
Harkivi;Harkivist;Täna lahkume Harkivist;loc_c
mustlaslaps;mustlaslapsest;Kesk-Eesti mustlaslapsest käib koolis seitse;other
Fårö;Fårös;Filmilegend lahkus meie hulgast eile kodus Fårös vanuselt;loc_c
kultussari;kultussarjast;soulikuulsus lahkub kultussarjast haavus;loc_a
ooperimaailm;ooperimaailma;inimene astus ooperimaailma korda;loc_a
RS4;RS4ga;Röövel lahkus kuriteokohalt Rosset ’ i RS4ga;error
lossiruum;lossiruumis;lossiruumis Keldris käis aga töö;loc_c
barakkõllekas;barakkõllekates;käinud barakkõllekates;loc_c
Põldroos;Põldroosil;fänn käis Põldroosil koduukse taga skandaalitsemas;owner
Bremen;Bremenist;novembris lahkus Bremenist pardal USA-sse tõesti ohvitser;loc_c
geiprideiparaad;geiprideiparaadil;Sellest Sokrates käis Rootsimaal geiprideiparaadil svenssonitele tegemas;event
naisegrimm;naisegrimmis;Kuskil istuvad nägudega naisegrimmis mehed;state
A-rühm;A-rühmas;A-rühmas on hooaja keskel kuute istunud;loc_a
teivasjaam;teivasjaamas;need lahkuvad rongist teivasjaamas;loc_c
sirin;sirinal;Siis jooksid ihumahlad sirinal tuletõrjuja;manner
torus-tikk;torus-tikust;Vesi jookseb masinasse automaatselt torus-tikust;loc_c
põrandalseisev;põrandalseisvatest;jutt käib siis põrandalseisvatest;other
PMPO;PMPO-st;satelliidid Jutt ei käi PMPO-st;other
suusahoolderuum;suusahoolderuumis;suusahoolderuumis lii-guvad näod saabub;loc_c
lasteiste;lasteistmel;Istus lasteistmel tagapingil;loc_c
infolaat;infolaadal;õpilane käis infolaadal aastal;event
mõnes-mõte;mõnes-mõttes;mõnes-mõttes käib kah;manner
px;px;siis hiir liigub kogemata px vasakule;error
ajupoolkera;ajupoolkeras;asjade-välja-selgitamis mõtlemine käib seal ajupoolkeras;loc_c
TIK;TIK'is;sa käid TIK'is;loc_a
esikolmikukoht;esikolmikukohtadel;esikolmikukohtadel liikunud;state
maalikunst;maalikunstis;siis maalikunstis see PR-trikiga ei käi;loc_a
marmorsaal;marmorsaalis;Rufus istus mugavalt marmorsaalis troonil juhtida;loc_c
Valgus;Valgusest;Valgusest kiiremini ei liigu miski;other
hiiekoht;hiiekohtades;ysna hiiekohtades käivad rahvas siiamaani;loc_c
hullar;hullaris;Mees istus päevad hullaris ära;loc_c
topicus;topicusse;saade siia topicusse imehästi istub;dependent
komisariaadima;komisariaadis;käisin täna siis komisariaadis;loc_a
kõhklus;kõhklustele;Vaatamata kõhklustele võimeline käis koostamine;other
haiglatöö;haiglatöölt;sõnul lahkuvad õed haiglatöölt suunduda;loc_a
ülehelikiirus;ülehelikiirusel;autot teadupärast ülehelikiirusel ei liigu;manner
vormelipiloot;vormelipiloodil;vormelipiloodil asi kähku käib;owner
kivihunnik;kivihunnikus;Istusime kivihunnikus tundi;loc_c
kiltmaa;kiltmaal;Ta kõndis meeleldi tundide viisi kiltmaal;loc_c
taluturg;Taluturul;aeg tagasi käis omanik Taluturul kaupleb;loc_c
läänlane;läänlasest;läänlasest käis kutse õppel;other
meestekas;meestekas;mehed istuvad ajal meestekas;loc_c
esilaulja;esilauljal;President käib vahepeal esilauljal surumas;owner
Capr;Capril;Capril käinud;loc_c
msni;msnis;nüüd istuvad kõik rõõmsalt msnis;loc_a
vigane;vigaselt;sugulase juures Netscapes jooksis foorum vigaselt;manner
sadist;sadistil;sadistil jooksevad numbrid kiiremini;owner
manager;manageris;programmid sul task manageris jooksevad;loc_a
6V;6V;Athlon64 jookseb 1 6V;error
Tänavusuvine;Tänavusuvisel;Tänavusuvisel moenädalal käisid gigandid sammu;time
kaubalennuk;kaubalennukitel;liikus Hollandisse kaubalennukitel;loc_c
sügistuur;sügistuurist;Jutud käivad sügistuurist Ameerikas Lauryn;other
varjusurm;varjusurmas;Kanal on areenilt lahkunud varjusurmas;state
35mm;35mm;Töö käib 35mm;error
vc;vc's;vc's käis pinda see;error
deiv;deivi;meil käib see kordamööda deivi;error
Bangalore;Bangalore'is;kes on ka ise Bangalore'is käinud;loc_c
5;5-st;Muidugi lahkuvad 5-st ka vaidlejad;loc_a
lõpusõrmus;lõpusõrmustest;Jutt käib siis lõpusõrmustest;other
automaatika;automaatikast;jutt käib ikka automaatikast;other
10;10-nes;ise ka jooksen 10-nes;error
teisipeäva;teisipeäval;teisipeäval käin;error
sõreste;sõrestes;Noniii eile sõrestes käisid;loc_c
meelelahutusmaailm;meelelahutusmaailmas;meelelahutusmaailmas liigub raha seal;loc_a
kiirabihaigla;kiirabihaiglasse;Arst liikus koos osakonnaga Keskhaiglast kiirabihaiglasse;loc_c
nurgapalse;nurgapalses;käin nurgapalses;error
statoili;statoilis;käige statoilis sixbacki järel enam;loc_c
vanaduspension;vanaduspensionist;jutt käib vanaduspensionist;other
välipark;välipargis;Ma käisin välipargis;loc_c
kummipall;kummipallist;jutt käib kummipallist;other
aianduskauplus;aianduskaupluses;käib aianduskaupluses;loc_c
otsejoon;otsejoonele;siis astus ta korvi all otsejoonele;loc_c
rahatrepp;rahatrepil;sünniga liigub pere rahatrepil allapoole;loc_a
10Mb;10Mb;seda panna siis andmed jooksevad ikka 10Mb;error
sry;sry;sry megadest siiski jutt käib;error
firewalli;firewallist;jutt käiks firewallist;other
maardla;maardlatesse;võetud liigub kaevandamine maardlatesse;loc_c
muskelauto;muskelautodest;jutt käib muskelautodest;other
Hedvig;Hedvigil;Üldse käib Hedvigil töö;owner
krrr;krrr;Siis käis juba krrr;error
varn;Varnas;Käisin suvel Varnas;loc_c
kutsekates;kutsekatesse;kutsekatesse käivad ikka kodust lähe;loc_a
misjonijaam;misjonijaamast;andmeil lahkus Rael koos kolleegiga misjonijaamast jaanuaril;loc_c
palvela;palvelas;Riigisekretär käis pärastlõunal koos saatjatega vallas külas palvelas;loc_c
asuküla;Asukülas;käis põldudel Asukülas;loc_c
suusahüppaja;suusahüppajatest;jutt käib suusahüppajatest;other
keskkonnakomisjon;keskkonnakomisjonis;taanlast käisid keskkonnakomisjonis;loc_c
siber;siberis;käisin siberis tööl;loc_c
tripp;tripil;veel käisin klassiga tripil;event
neonats;neonatsidest;neonatsidest küll mitte töö käib;other
ksa;ksa-s;Käisin ksa-s;loc_c
rattamaraton;rattamaratonil;Käisin eile rattamaratonil;event
peapea;peapeal;käin mcdonaldsi taga peapeal;manner
Mustjala;Mustjalas;Mustjalas käib perekonnavalss;loc_c
kaugküttesüsteem;kaugküttesüsteemist;kaugküttesüsteemist lahkus maja;loc_a
välissuhe;välissuhetesse;Nüüd aga astub riik välissuhetesse;loc_a
karjuja;karjujatest;palju karjujatest ise valimas käis;other
konkurentsipoliitika;konkurentsipoliitikas;me konkurentsipoliitikas suunas liigume;loc_a
lade;lademes;busse käis juba enne lademes;manner
õiguskomisjon;õiguskomisjonis;Käisin praegu õiguskomisjonis lootuses;loc_c
sierra;sierral;Minuteada istuvad nad põiki vahel aga sierral pikimootor;loc_c
Melasi;Melasis;Käisin täna Melasis;loc_c
tagadiffr;tagadiffrisse;õli käib tagadiffrisse;loc_c
plaadiriiul;plaadiriiulil;ehk kunagi istub plaadiriiulil enne;loc_c
cruisim;cruisimas;vennaga käisime linnapial maz'iga cruisimas;error
nuppu;nuppul;nii back nuppul klõps käis;owner
hoor;hoora;mäng käib ümber selle hoora;error
Kurgja;Kurgjal;käin ka Kurgjal;loc_c
as;as;käisin sööömas ale as;error
pyg;pyg;ta käib pyg;error
jooxma;jooxmas;käisin jooxmas;error
kukkeseene;kukkeseenele;käi honoluluga kukkeseenele;event
ptslhm;ptslhm;käi ptslhm;error
mmi;mmis;mmis pidu käib kah;error
jalkpa;jalkpal;jalkpal käib;error
pedeleht;pedelehtedel;käid pedelehtedel;loc_a
võistlustte;võistlusttel;võistlusttel käisin känza;event
viiene;viiesel;Silent_Trigger jah ma käisin viiesel;error
ztv;ztv;lugu käib ztv;error
7esi;7ees;7ees käite;error
knght;knght;irw knght astu tehtud;error
okas;okkas;selle pärast okkas vahet käibki;error
piibe;piibes;ma pole piibes käinud;loc_c
hüppetornioca;hüppetorniocas;istub hüppetorniocas;state
ttg;ttg-s;ttg-s käin;loc_a
närvie;närviele;närviele käib ju;loc_a
aegviidu;aegviidus;ma käisin aegviidus 1kord;loc_c
ssee;ssees;sa käisid ikka ssees;loc_a
terariumi;terariumis;äksion käis terariumis;loc_c
bättel;bättelil;hvakk ma käisin eile bättelil;event
sja;sjal;istuvad sjal teleka taga;error
rannakas;rannakas;ciel käisid eile rannakas vä;loc_c
makoiha;makoihal;makoihal käin;error
diskett;disketilt;jookseb disketilt;loc_c
OnaFest;OnaFestil;käisin OnaFestil;event
süntesaator;süntesaatorist;jutt käib süntesaatorist;other
hormooniravi;hormooniravil;hormooniravil käinud;loc_a
nnnn;nnnn;kas kõik käis kõigi kohta vee nnnn;error
amigo;amigos;rahvas amigos käib maimu;loc_c
Vetsitall;Vetsitallist;käib kord Vetsitallist;loc_c
kook;kooku;pommiauk käib kooku freek;state
kalevispordihall;kalevispordihallis;raffast on kes käisid see kalevispordihallis;loc_c
päinaka;päinakas;slow sa käid päinakas;error
aurama;auras;ma käis täna auras;loc_c
il;il;keegi RAHZEL il ka käis;error
lasteaija;lasteaijas;ma käin lasteaijas;loc_a
