,lemma,form,naitelause
0,riba,ribadeks,papagoi oligi varem restoranikülalisel käe ribadeks tirinud
1,õige,õigeks,kes ajaloo jälle õigeks sätib
2,tühi,tühjaks,raputavad tühjaks rohukarpe
3,liider,liidriks,Silma torkab liidriks
4,paljas,paljaks,naisel tiris DiMaio lausa rinnad paljaks
5,surnu,surnuks,hetke pärast torkas Enn sealsamas köögis surnuks lapsed
6,järgmine,järgmiseks,järgmiseks torkavad silma prügihunnikud
9,tööloom,tööloomadeks,tööloomadeks paiskab Camacho ilmselt Juan
10,heategija,heategijaks,raha pärast firma end heategijaks ei säti
11,hooaeg,hooajaks,Tänavu sättis Padrik koguni hooajaks
12,ohver,ohvriks,Sättisin end ohvriks tahtsin
13,sodi,sodiks,Väikeses linnakeses loopis inimest kolmapäeval tomatisõja käigus üksteise pihta sodiks tomateid
14,rõõm,rõõmuks,tiris sõidukit koos fotograafi rõõmuks õuemurul
15,merekõlblik,merekõlblikuks,sätivad laeva taas merekõlblikuks
16,salatileht,salatileheks,serva alla säti salatileheks
17,kallim,kallimaks,Evans linnaosast endale Clare kallimaks tiris
18,suurem,suuremaks,omanik pärast numbreid suuremaks ei säti
19,kild,kildudeks,lööklaine paiskas kildudeks koridori klaasplokkidest otsaseina
20,hell,hellaks,detailina torkas korraga hellaks silma viisnurk
21,finishispurt,finishispurdiks,sättis end finishispurdiks Martinseni seljataha
22,tugi,toeks,mees sättis lumelabida toeks vastu seina
24,tali,talveks,Sarnaselt sätivad kalamehed talveks rahuldada
25,üllatus,üllatusteks,sätime vaimu valmis üllatusteks
26,kohane,kohaseks,mille järgi Eesti sätib asju kohaseks
27,puhk,puhuks,töötajad riputavad vanalinna hoonetele lõpus alguse puhuks jõuluvanikuid
30,vaba,vabaks,ametnikud ta vabaks tirisid
31,vastus,vastuseks,ametnik on kategooriliselt pead raputanud vastuseks spekulatsioonile
32,endine,endiseks,kolmesed sättisid olukorra endiseks
33,nina,ninaks,torkasid kraadiklaasi ninaks
34,puhtam,puhtamaks,eessõitjad loobivad tee puhtamaks
35,maraton,maratoniks,maratoniks sättis hingamisrütmi kõrgusel üle merepinna
36,lahtiolekupäev,lahtiolekupäevadeks,lahtiolekupäevadeks riputavad töötajad üles kauplemisest
38,poolaeg,poolajaks,poolajaks paiskas peatreener edurivvi ründajat
39,arutelu,aruteluks,Televisioon riputas täna kodulehel aruteluks kokkuvõtte
42,suur,suureks,mis on töökoormuse suureks paisanud
43,jõuluõhtu,jõuluõhtuks,Ülikoolides sättisid õppejõud jõuluõhtuks arvestusi
44,pidulik,pidulikuks,eurolauljad olid end õhtuks pidulikuks sättinud
45,eesmärk,eesmärgiks,Ärielu on pakkumise eesmärgiks sättinud
46,protest,protestiks,loopisid saatkonna pihta värvipudeleid protestiks
47,allalaadine,allalaadiseks,popstaar on lood Ameerikas allalaadiseks internetti paisanud
49,esindaja,esindajaks,ta sättis end USA kõrvale leeri esindajaks
50,jututeema,jututeemaks,vahel raha topib ennast ise jututeemaks
51,neljas,neljandaks,see paiskas eestlase kohalt neljandaks
52,padi,padjaks,heites sättisid padjaks pea tarakani
53,paikne,paikseks,Praegu oleme siin end paikseks sättinud
54,kolmas,kolmandaks,tulemus paiskas Rahnu kolmandaks
55,sobiv,sobivaks,Sätin juhiistme sobivaks
56,kuues,kuuendaks,paiskas mehe kuuendaks
57,nohuaeg,nohuajaks,Sättige nohuajaks peaalune kõrgemaks
58,kõrgem,kõrgemaks,Sättige nohuajaks peaalune kõrgemaks
60,prii,priiks,nimetuse vasarast priiks raputas
61,surnud,surnuks,põllumehed ta kartulitega surnuks loobivad
62,hüvang,hüvanguks,kes riputas hüvanguks jõulupreemiale külge palgatõus
63,võidusõit,võidusõiduks,nädalavahetusel sättisid end võidusõiduks stardivalmis robotit
65,prioriteet,prioriteediks,poliitika ei säti polaaruurimist prioriteediks tuleks
66,veerandtund,veerandtunniks,lapselapsed end veerandtunniks äri akna alla sättisid
67,jõulud,jõuludeks,Kodus ei säti veel keegi jõuludeks
69,pealöök,pealöögiks,Klavan riputas palli vasakult pealöögiks
70,kättesaadav,kättesaadavaks,Riigiarvutuskeskus on riputanud võrku kättesaadavaks
72,vahelüli,vahelüliks,riputas keegi ta vahelüliks
74,garantii,Garantiiks,Garantiiks nii toppis mulle pihku passi
75,jalutuskäik,jalutuskäiguks,jalutuskäiguks sättis end kollektiiv
77,müük,müügiks,kes presidendikandidaate poole kangesti müügiks topivad
78,tihedam,tihedamaks,Säti päevaplaan tihedamaks
79,kraater,kraatriks,meteoriiditükk paiskas dolomiidi kraatriks
80,sirge,sirgeks,Sätivad kokamütsi sirgeks
81,kodune,Koduseks,Koduseks sätid söögitoale
82,käepärasem,käepärasemaks,käepärasemaks sättinud
84,lõbu,lõbuks,kes kividega aknaid sisse loobib lõbuks
87,märklaud,märklauaks,pildi peaminister järgmisena märklauaks riputab
88,siht,sihiks,murdmaakoondis sättis sihiks kuldmedalit
89,nõrgem,nõrgemaks,saavutanud säti kuumus nõrgemaks
90,pihk,pihuks,kellesse armumine elu viimaks pihuks paiskas
91,õhtupoolik,õhtupoolikuks,Puurilukk sätib vaimu õhtupoolikuks valmis
92,kättemaks,kättemaksuks,inglanna riputas kättemaksuks internetti üles fotod
93,kõver,kõveraks,sättis jalad põlvedest kõveraks
94,hoiatav,hoiatavaks,fotod riputas päästeteenistus hoiatavaks neljapäeval
96,ilus,ilusaks,Muuhulgas sätib ta serveerides need ilusaks
101,madalam,madalamaks,Sätin algkõrguse madalamaks
102,kõrghooaeg,kõrghooajaks,tootjad paiskavad kõrghooajaks müüki tagatisrahamärgiga
104,lätipärane,lätipäraseks,Paiskavad kaubamärgi vahenditega lätipäraseks
105,õigem,õigemaks,Teisega sätib modelli ihuliikmeid sutt õigemaks
106,paras,parajaks,sätiks kuue enda järgi parajaks
107,varu,varuks,topivad puukoore vahele pragudesse endale varuks
108,tunnistaja,tunnistajaks,kaitseks tunnistajaks tirinud
109,vabandus,vabanduseks,näitlejale ei riputa keegi vabanduseks silti rinda
110,stsenaarium,stsenaariumiks,Esimese torkab silma kokku lõikamine stsenaariumiks
112,viies,viiendaks,käigukastirike paiskas Märtini katse järel viiendaks
120,eeltingimus,eeltingimuseks,kohalolu sättis Taylor eeltingimuseks
121,mugav,mugavaks,Sättisin olemise mugavaks võimalik
122,sallimatus,sallimatuseks,kalduvust sallimatuseks mulle küll silma ei torganud
123,puhas,puhtaks,Raputas lumest puhtaks
125,enesekaitse,enesekaitseks,paiskas blondiin kohtusaalis võlausaldajatele enesekaitseks
126,au,auks,perekond paiskas aga auks Cuvée
127,lõunatund,lõunatunniks,kutsel sättisid tuttavad külastuse lõunatunniks
136,eitus,eituseks,emane raputas eituseks pead
139,saade,saateks,saateks paiskas ta heitgaase
140,taksoraha,taksorahaks,toppis rinnataskusse taksorahaks sajakroonise
141,taust,taustaks,kes sättis taustaks paberit
144,peaalune,peaaluseks,Endale torkab ta peaaluseks lina alla tussa
145,vari,varjuks,topib korvi küljekontidele varjuks
146,mugavam,mugavamaks,sättis ennast voodis mugavamaks
150,kuiv,kuivaks,siis kasukat kellegi kõrval kuivaks raputab
152,kaitse,kaitseks,seadus sätib kaitseks tingimuse
153,lõdvestus,lõdvestuseks,stardis raputavad pilgu välgud lõdvestuseks reielihaseid
154,nööp,nööpideks,torkab padrunid lumememmele nööpideks
155,jahe,jahedaks,raputas jahedaks
156,öökardin,öökardinaks,Anna riputas sängilina akna ette öökardinaks
157,avaram,avaramaks,mis tiris avaramaks aluspükse
159,karistus,karistuseks,Muu hulgas torkas ta pärast tõmbamist karistuseks sõrmed elektripistikusse
161,olümpiamängud,olümpiamängudeks,vormitipu sätime olümpiamängudeks
164,kauss,kausiks,ma pihud kausiks sätin
165,rekord,rekordiks,Teatavasti paiskas ta aega tagasi seitsmekilost rekordiks
168,arv,arvuks,esimees paiskas nädalat tagasi arvuks kolm
170,ori,orjaks,reetmine paiskab ta aadlimehe juurde orjaks
171,öömajaline,öömajaliseks,kellega Rodolpho end perekonna juurde öömajaliseks sätib
172,kiht,kihiks,kihiks säti vahukoor
173,õigustus,õigustuseks,sõdalane sätib esseedes olemasolu õigustuseks esteetika
174,põhiargument,põhiargumendiks,vastaspool sätib põhiargumendiks muusikakogemuse
176,koduväljakumäng,koduväljakumänguks,Coventry paiskas koduväljakumänguks välja jõud
177,tõmbenumber,tõmbenumbriks,ta sätib nime tõmbenumbriks
179,MM,MMiks,Aus sätib vormi MMiks
180,väiksem,väiksemaks,Sätid sakke väiksemaks
181,start,startideks,koht paiskas keskendatuse startideks segi
182,platvorm,platvormiks,mille ta oli endale platvormiks sättinud
183,element,elemendiks,disainer on otsad jällegi elemendiks sättinud
184,kõma,kõmaks,Helga paiskas kõmaks diivanilt põrandale
185,kaaslane,kaaslaseks,sättinud end taldrikul kaaslaseks
187,märk,märgiks,märgiks tirisid üliõpilased trollibussil sarved maha
188,kümnevõistlus,kümnevõistluseks,vormitipu sätime kümnevõistluseks
190,maavanem,maavanemaks,Laarlased sätivad Peep maavanemaks
192,koolivaheaeg,koolivaheaegadeks,Sätin puhkused koolivaheaegadeks
196,poolsurnud,poolsurnuks,teed külalisi poolsurnuks ei raputaks
197,rusu,rusudeks,Tromb paiskas bussiootepaviljoni kaugusele rusudeks
199,mälestusvõistlus,mälestusvõistluseks,vormiharja sätib mälestusvõistluseks
200,lai,laiaks,loopis need vastu esiklaasi laiaks
203,pealtvaataja,pealtvaatajaks,sättis end sillaotsa juurde kaldale pealtvaatajaks
204,juus,juusteks,nelgid juusteks torganud
210,magusroog,Magusroaks,Magusroaks tirisin
211,linnuke,linnukeseks,vennas ära torka sõrme piiga sisse linnukeseks armukeseks
212,armuke,armukeseks,vennas ära torka sõrme piiga sisse linnukeseks armukeseks
213,õhtusöök,õhtusöögiks,Meie sättisime end Dagmariga õhtusöögiks valmis
214,nägus,nägusaks,Säti õlast jakk nägusaks
215,võttevalm,võttevalmiks,Rekvisiitor on sättinud võttevalmiks kolikambri
216,varasem,varasemaks,Nad sättisid abiellu päeva varasemaks
217,homne,Homseks,Homseks on lõunas madalrõhkkond end teele sättinud
221,vastukaal,vastukaaluks,1981 paiskas Spelling vastukaaluks telekanal ekraanile seebiooperi
228,ajaviide,ajaviiteks,reisijad loobivad ajaviiteks üle parda päästerõngaid
229,etteaste,etteasteks,kes sätib etteasteks
230,vaheajavile,vaheajavileks,kolmene sättis vaheajavileks tabloole eduseisu
233,vürts,vürtsiks,ta riputab võtteid laulude vahele vürtsiks
234,rahulikum,rahulikumaks,rahustamiseks sätib ta ilmega tuka rahulikumaks
236,tulehakatis,tulehakatiseks,hakata võib-olla loopis tulehakatiseks pliidi alla
238,maipüha,maipühadeks,venelane sätib end maipühadeks datšasse
239,pilt,pildiks,fotograafid sätivad pildiks mehi
242,staar,staariks,staariks püüdlejad pildid üles riputavad
243,lühem,lühemaks,ta koolivormiseeliku lühemaks sättis
245,rändnäitus,rändnäituseks,riputas tulemused üles rändnäituseks
251,värv,värviks,need värviks soengusse sätiks
252,lödi,lödiks,tomatilahingus loopis võitlejat üksteise pihta lödiks tomateid
254,raskem,raskemaks,Teades sättisime aerud raskemaks
255,häbimärg,häbimärjaks,Nendega loobib mehe naksti häbimärjaks
256,kaunistus,kaunistuseks,Kõige peale säti kaunistuseks maasikad
258,hirm,hirmuks,hirmuks loobivad ameeriklased mäenõlvadele lõhkekehi
260,karikaturniir,karikaturniiriks,Pere sätivad vormi karikaturniiriks
261,kompensatsioon,kompensatsiooniks,kompensatsiooniks paiskan ma temperamendi ajel vajakajäämised välja
263,vabam,vabamaks,Mercedes-Benz raputab end imagost järjekindlalt vabamaks
264,samasugudse,samasugudseks,säti need XP-s samasugudseks
265,püha,pühadeks,Jagades sätib kultuurisekretär ka ennast pühadeks valmis
268,pikem,pikemaks,tiris pikemaks
271,näide,näiteks,näiteks riputasin pildid netti
272,proov,prooviks,Toppisin ka lakke prooviks
273,presidendikandidaat,presidendikandidaatideks,nõukogu sättis presidendikandidaatideks
275,adressaat,adressaadiks,mis sättis adressaadiks
279,täpsem,täpsemaks,tirisin mingid täpsemaks
280,lahing,lahinguks,sätiks osa valmis lahinguks
281,tühjem,tühjemaks,torm raputas puud lehtedest silmanähtavalt tühjemaks
283,meelehea,meeleheaks,riputasid verd valvajale meeleheaks
284,ehe,ehteks,mida nad meelsasti nurka ehteks sätivad
286,kõrgune,kõrguseks,ajas saadik olen kõrguseks sättinud nii ulatub
287,kolmapäev,kolmapäevaks,tagasisõiduks sätiks end juuliks kolmapäevaks laevale
288,ergas,erksaks,üllatused raputavad teid erksaks
290,retk,retkeks,Habemes sätib kaluripaati retkeks valmis
291,viimane,viimaseks,Valencias sättis Nool end passikontrolli sabas viimaseks
293,kold,kollaks,ükskõik lehel ei kollaks loobib miski värdja akna ette
295,slave,slaveks,olen varem ka slaveks torganud
296,suurus,suuruseks,koguaeg topib kirja suuruseks 10 määratud
297,tulemus,tulemuseks,toppisin juhtmed tulemuseks
298,draiver,draiveriks,Säti draiveriks
299,sõelapõhi,sõelapõhjaks,ta torkab selle lihtsalt sõelapõhjaks
301,nimeline,nimeliseks,tegija nimeliseks ei topi siis ehk mailin sulle õuna
305,haige,haigeks,pärast pausi raputab kihutamine lihased haigeks
306,soeng,soenguks,juuksed on Monica nüüd soenguks sättinud
307,kirjasõber,kirjasõbraks,Hillar pole end esialgu veel kirjasõbraks sättinud
314,must,mustaks,säti sealt mustaks
315,taysta,taystaks,enne v2rvi k2kerdise taystaks topin
316,avapauk,avapauguks,Maavanem meeskonnad sätivad end avapauguks paatidesse
319,kodulehekülg,koduleheküljeks,mis pidevalt iseennast koduleheküljeks sättis
320,täpne,täpseks,sättisin süüte täpseks
322,ööpäev,ööpäevaks,riputavad ööpäevaks puu otsa
323,väetis,väetiseks,paiskab seejärel murule väetiseks
326,pime,pimedaks,nurgad torkavad su pimedaks veel
329,null,nulliks,marginid säti nulliks
331,kõrge,kõrgeks,Number sättis piltidele lati kõrgeks
