verb,verb_compound,morph_case,ex_count,loc_count,actor_count,time_count,event_count,unk_count,label_count,labels,loc_percent,actor_percent,time_percent,event_percent,unk_percent
abielluma,,in,14,9,0,4,0,1,3,"('UNK', 'loc', 'time')",64.28571428571429,0.0,28.57142857142857,0.0,7.142857142857142
aeguma,,in,3,0,0,0,0,3,1,"('UNK',)",0.0,0.0,0.0,0.0,100.0
aitama,,in,19,17,0,0,1,1,3,"('UNK', 'event', 'loc')",89.47368421052632,0.0,0.0,5.263157894736842,5.263157894736842
ajama,,all,35,21,7,0,0,7,3,"('UNK', 'actor', 'loc')",60.0,20.0,0.0,0.0,20.0
ajama,,el,26,10,4,0,0,12,3,"('UNK', 'actor', 'loc')",38.46153846153847,15.384615384615385,0.0,0.0,46.15384615384615
alanema,,in,9,8,0,0,0,1,2,"('UNK', 'loc')",88.88888888888889,0.0,0.0,0.0,11.11111111111111
algama,,el,27,18,1,2,2,4,5,"('UNK', 'actor', 'event', 'loc', 'time')",66.66666666666666,3.7037037037037033,7.4074074074074066,7.4074074074074066,14.814814814814813
algatama,,all,3,1,0,0,0,2,2,"('UNK', 'loc')",33.33333333333333,0.0,0.0,0.0,66.66666666666666
alistama,,in,23,20,1,0,1,1,4,"('UNK', 'actor', 'event', 'loc')",86.95652173913044,4.3478260869565215,0.0,4.3478260869565215,4.3478260869565215
alistuma,,all,15,5,3,0,1,6,4,"('UNK', 'actor', 'event', 'loc')",33.33333333333333,20.0,0.0,6.666666666666667,40.0
alistuma,,in,8,6,0,0,1,1,3,"('UNK', 'event', 'loc')",75.0,0.0,0.0,12.5,12.5
alluma,,all,35,14,8,0,1,12,4,"('UNK', 'actor', 'event', 'loc')",40.0,22.857142857142858,0.0,2.857142857142857,34.285714285714285
alustama,,all,24,16,1,0,1,6,4,"('UNK', 'actor', 'event', 'loc')",66.66666666666666,4.166666666666666,0.0,4.166666666666666,25.0
alustama,,el,25,19,0,0,1,5,3,"('UNK', 'event', 'loc')",76.0,0.0,0.0,4.0,20.0
ammutama,,el,23,23,0,0,0,0,1,"('loc',)",100.0,0.0,0.0,0.0,0.0
andma,,adit,28,17,1,0,0,10,3,"('UNK', 'actor', 'loc')",60.71428571428571,3.571428571428571,0.0,0.0,35.714285714285715
andma,ette,all,23,14,2,0,0,7,3,"('UNK', 'actor', 'loc')",60.86956521739131,8.695652173913043,0.0,0.0,30.434782608695656
andma,välja,all,16,11,4,0,0,1,3,"('UNK', 'actor', 'loc')",68.75,25.0,0.0,0.0,6.25
andma,üle,all,29,19,8,0,0,2,3,"('UNK', 'actor', 'loc')",65.51724137931035,27.586206896551722,0.0,0.0,6.896551724137931
annetama,,all,27,19,4,0,0,4,3,"('UNK', 'actor', 'loc')",70.37037037037037,14.814814814814813,0.0,0.0,14.814814814814813
arendama,,ad,5,3,0,0,0,2,2,"('UNK', 'loc')",60.0,0.0,0.0,0.0,40.0
arutama,,all,15,13,1,0,0,1,3,"('UNK', 'actor', 'loc')",86.66666666666667,6.666666666666667,0.0,0.0,6.666666666666667
asendama,,in,16,15,0,0,0,1,2,"('UNK', 'loc')",93.75,0.0,0.0,0.0,6.25
astuma,,el,23,9,8,1,0,5,4,"('UNK', 'actor', 'loc', 'time')",39.130434782608695,34.78260869565217,4.3478260869565215,0.0,21.73913043478261
astuma,,ill,30,29,0,0,0,1,2,"('UNK', 'loc')",96.66666666666667,0.0,0.0,0.0,3.3333333333333335
astuma,tagasi,el,4,4,0,0,0,0,1,"('loc',)",100.0,0.0,0.0,0.0,0.0
astuma,välja,el,24,24,0,0,0,0,1,"('loc',)",100.0,0.0,0.0,0.0,0.0
astuma,üles,el,5,2,2,0,0,1,3,"('UNK', 'actor', 'loc')",40.0,40.0,0.0,0.0,20.0
asuma,,ad,19,12,2,3,0,2,4,"('UNK', 'actor', 'loc', 'time')",63.1578947368421,10.526315789473683,15.789473684210526,0.0,10.526315789473683
asuma,,adit,27,24,1,0,0,2,3,"('UNK', 'actor', 'loc')",88.88888888888889,3.7037037037037033,0.0,0.0,7.4074074074074066
asuma,,all,31,24,2,0,5,0,3,"('actor', 'event', 'loc')",77.41935483870968,6.451612903225806,0.0,16.129032258064516,0.0
asutama,,el,5,2,2,0,0,1,3,"('UNK', 'actor', 'loc')",40.0,40.0,0.0,0.0,20.0
avaldama,,in,35,34,0,0,0,1,2,"('UNK', 'loc')",97.14285714285714,0.0,0.0,0.0,2.857142857142857
avanema,,all,31,24,5,0,1,1,4,"('UNK', 'actor', 'event', 'loc')",77.41935483870968,16.129032258064516,0.0,3.225806451612903,3.225806451612903
edastama,,all,28,21,5,0,0,2,3,"('UNK', 'actor', 'loc')",75.0,17.857142857142858,0.0,0.0,7.142857142857142
edestama,,in,19,18,0,0,1,0,2,"('event', 'loc')",94.73684210526315,0.0,0.0,5.263157894736842,0.0
eelistama,,all,27,15,1,0,0,11,3,"('UNK', 'actor', 'loc')",55.55555555555556,3.7037037037037033,0.0,0.0,40.74074074074074
eemaldama,,el,16,16,0,0,0,0,1,"('loc',)",100.0,0.0,0.0,0.0,0.0
eemalduma,,el,19,15,0,0,0,4,2,"('UNK', 'loc')",78.94736842105263,0.0,0.0,0.0,21.052631578947366
ehitama,,ad,6,4,0,0,0,2,2,"('UNK', 'loc')",66.66666666666666,0.0,0.0,0.0,33.33333333333333
eitama,,all,3,2,1,0,0,0,2,"('actor', 'loc')",66.66666666666666,33.33333333333333,0.0,0.0,0.0
eksima,,in,20,12,1,0,0,7,3,"('UNK', 'actor', 'loc')",60.0,5.0,0.0,0.0,35.0
elama,,adit,21,5,4,2,2,8,5,"('UNK', 'actor', 'event', 'loc', 'time')",23.809523809523807,19.047619047619047,9.523809523809524,9.523809523809524,38.095238095238095
ennustama,,all,26,19,3,0,0,4,3,"('UNK', 'actor', 'loc')",73.07692307692307,11.538461538461538,0.0,0.0,15.384615384615385
ennustama,,in,16,10,2,0,1,3,4,"('UNK', 'actor', 'event', 'loc')",62.5,12.5,0.0,6.25,18.75
eraldama,,el,26,23,0,1,0,2,3,"('UNK', 'loc', 'time')",88.46153846153845,0.0,3.8461538461538463,0.0,7.6923076923076925
eraldama,,in,2,2,0,0,0,0,1,"('loc',)",100.0,0.0,0.0,0.0,0.0
eralduma,,el,19,19,0,0,0,0,1,"('loc',)",100.0,0.0,0.0,0.0,0.0
esietenduma,,in,17,16,0,0,0,1,2,"('UNK', 'loc')",94.11764705882352,0.0,0.0,0.0,5.88235294117647
esinema,,el,24,11,5,2,0,6,4,"('UNK', 'actor', 'loc', 'time')",45.83333333333333,20.833333333333336,8.333333333333332,0.0,25.0
esitama,,all,23,20,3,0,0,0,2,"('actor', 'loc')",86.95652173913044,13.043478260869565,0.0,0.0,0.0
esitama,,in,30,25,1,1,1,2,5,"('UNK', 'actor', 'event', 'loc', 'time')",83.33333333333334,3.3333333333333335,3.3333333333333335,3.3333333333333335,6.666666666666667
etendama,,in,16,14,0,0,0,2,2,"('UNK', 'loc')",87.5,0.0,0.0,0.0,12.5
haarama,,el,36,27,2,0,0,7,3,"('UNK', 'actor', 'loc')",75.0,5.555555555555555,0.0,0.0,19.444444444444446
haarama,,in,32,27,1,0,0,4,3,"('UNK', 'actor', 'loc')",84.375,3.125,0.0,0.0,12.5
hakkama,,abl,31,20,4,1,0,6,4,"('UNK', 'actor', 'loc', 'time')",64.51612903225806,12.903225806451612,3.225806451612903,0.0,19.35483870967742
hakkama,vastu,in,4,3,0,1,0,0,2,"('loc', 'time')",75.0,0.0,25.0,0.0,0.0
hankima,,abl,6,3,3,0,0,0,2,"('actor', 'loc')",50.0,50.0,0.0,0.0,0.0
harjuma,,ad,15,8,1,2,0,4,4,"('UNK', 'actor', 'loc', 'time')",53.333333333333336,6.666666666666667,13.333333333333334,0.0,26.666666666666668
harjutama,,ad,22,17,0,3,0,2,3,"('UNK', 'loc', 'time')",77.27272727272727,0.0,13.636363636363635,0.0,9.090909090909092
harrastama,,ad,7,4,0,1,0,2,3,"('UNK', 'loc', 'time')",57.14285714285714,0.0,14.285714285714285,0.0,28.57142857142857
heitlema,,in,10,10,0,0,0,0,1,"('loc',)",100.0,0.0,0.0,0.0,0.0
heitma,,all,27,21,2,0,1,3,4,"('UNK', 'actor', 'event', 'loc')",77.77777777777779,7.4074074074074066,0.0,3.7037037037037033,11.11111111111111
heitma,ette,all,22,11,10,0,0,1,3,"('UNK', 'actor', 'loc')",50.0,45.45454545454545,0.0,0.0,4.545454545454546
helistama,,in,8,6,0,1,0,1,3,"('UNK', 'loc', 'time')",75.0,0.0,12.5,0.0,12.5
hiilgama,,in,16,12,1,0,0,3,3,"('UNK', 'actor', 'loc')",75.0,6.25,0.0,0.0,18.75
hindama,,in,27,17,5,0,0,5,3,"('UNK', 'actor', 'loc')",62.96296296296296,18.51851851851852,0.0,0.0,18.51851851851852
hoiatama,,in,16,14,0,2,0,0,2,"('loc', 'time')",87.5,0.0,12.5,0.0,0.0
hoidma,,all,25,17,2,0,2,4,4,"('UNK', 'actor', 'event', 'loc')",68.0,8.0,0.0,8.0,16.0
hoidma,,in,27,23,1,1,0,2,4,"('UNK', 'actor', 'loc', 'time')",85.18518518518519,3.7037037037037033,3.7037037037037033,0.0,7.4074074074074066
hoidma,eemale,el,21,18,2,0,0,1,3,"('UNK', 'actor', 'loc')",85.71428571428571,9.523809523809524,0.0,0.0,4.761904761904762
hoidma,kokku,all,5,2,0,0,0,3,2,"('UNK', 'loc')",40.0,0.0,0.0,0.0,60.0
hukkuma,,ad,23,12,1,2,5,3,5,"('UNK', 'actor', 'event', 'loc', 'time')",52.17391304347826,4.3478260869565215,8.695652173913043,21.73913043478261,13.043478260869565
hävima,,ad,10,6,1,0,2,1,4,"('UNK', 'actor', 'event', 'loc')",60.0,10.0,0.0,20.0,10.0
hävima,,all,5,3,1,0,0,1,3,"('UNK', 'actor', 'loc')",60.0,20.0,0.0,0.0,20.0
hävitama,,ad,10,4,1,2,1,2,5,"('UNK', 'actor', 'event', 'loc', 'time')",40.0,10.0,20.0,10.0,20.0
hõiskama,,ad,1,0,1,0,0,0,1,"('actor',)",0.0,100.0,0.0,0.0,0.0
hõivama,,el,4,2,0,0,0,2,2,"('UNK', 'loc')",50.0,0.0,0.0,0.0,50.0
hõlmama,,el,27,16,3,2,0,6,4,"('UNK', 'actor', 'loc', 'time')",59.25925925925925,11.11111111111111,7.4074074074074066,0.0,22.22222222222222
hüppama,,el,8,4,1,0,0,3,3,"('UNK', 'actor', 'loc')",50.0,12.5,0.0,0.0,37.5
igatsema,,el,4,2,1,0,0,1,3,"('UNK', 'actor', 'loc')",50.0,25.0,0.0,0.0,25.0
ilmnema,,in,28,25,0,1,0,2,3,"('UNK', 'loc', 'time')",89.28571428571429,0.0,3.571428571428571,0.0,7.142857142857142
ilmuma,,all,26,22,0,0,1,3,3,"('UNK', 'event', 'loc')",84.61538461538461,0.0,0.0,3.8461538461538463,11.538461538461538
ilmuma,,el,26,16,7,0,2,1,4,"('UNK', 'actor', 'event', 'loc')",61.53846153846154,26.923076923076923,0.0,7.6923076923076925,3.8461538461538463
ilmuma,,in,31,24,2,3,0,2,4,"('UNK', 'actor', 'loc', 'time')",77.41935483870968,6.451612903225806,9.67741935483871,0.0,6.451612903225806
ilmutama,,in,29,23,0,1,0,5,3,"('UNK', 'loc', 'time')",79.3103448275862,0.0,3.4482758620689653,0.0,17.24137931034483
istuma,,ad,25,21,1,2,0,1,4,"('UNK', 'actor', 'loc', 'time')",84.0,4.0,8.0,0.0,4.0
jaksama,,in,5,3,0,0,0,2,2,"('UNK', 'loc')",60.0,0.0,0.0,0.0,40.0
jalutama,ringi,ad,4,2,0,0,0,2,2,"('UNK', 'loc')",50.0,0.0,0.0,0.0,50.0
jooksma,,el,40,29,5,0,0,6,3,"('UNK', 'actor', 'loc')",72.5,12.5,0.0,0.0,15.0
jooma,,el,17,10,0,1,0,6,3,"('UNK', 'loc', 'time')",58.82352941176471,0.0,5.88235294117647,0.0,35.294117647058826
joonistama,,all,8,6,1,0,1,0,3,"('actor', 'event', 'loc')",75.0,12.5,0.0,12.5,0.0
juhatama,,all,18,13,1,0,1,3,4,"('UNK', 'actor', 'event', 'loc')",72.22222222222221,5.555555555555555,0.0,5.555555555555555,16.666666666666664
juhatama,,el,6,3,0,0,1,2,3,"('UNK', 'event', 'loc')",50.0,0.0,0.0,16.666666666666664,33.33333333333333
juhtima,,in,36,34,1,1,0,0,3,"('actor', 'loc', 'time')",94.44444444444444,2.7777777777777777,2.7777777777777777,0.0,0.0
juhtuma,,ad,32,14,9,4,3,2,5,"('UNK', 'actor', 'event', 'loc', 'time')",43.75,28.125,12.5,9.375,6.25
juhtuma,,el,27,16,2,1,2,6,5,"('UNK', 'actor', 'event', 'loc', 'time')",59.25925925925925,7.4074074074074066,3.7037037037037033,7.4074074074074066,22.22222222222222
jälgima,,el,18,13,1,0,0,4,3,"('UNK', 'actor', 'loc')",72.22222222222221,5.555555555555555,0.0,0.0,22.22222222222222
järgnema,,el,15,9,0,0,0,6,2,"('UNK', 'loc')",60.0,0.0,0.0,0.0,40.0
jätkama,,abl,7,4,1,0,0,2,3,"('UNK', 'actor', 'loc')",57.14285714285714,14.285714285714285,0.0,0.0,28.57142857142857
jätma,,in,20,14,2,0,1,3,4,"('UNK', 'actor', 'event', 'loc')",70.0,10.0,0.0,5.0,15.0
jätma,ära,in,3,3,0,0,0,0,1,"('loc',)",100.0,0.0,0.0,0.0,0.0
jääma,,abl,38,15,3,2,0,18,4,"('UNK', 'actor', 'loc', 'time')",39.473684210526315,7.894736842105263,5.263157894736842,0.0,47.368421052631575
jääma,,adit,42,30,2,1,0,9,4,"('UNK', 'actor', 'loc', 'time')",71.42857142857143,4.761904761904762,2.380952380952381,0.0,21.428571428571427
jääma,,all,36,19,12,0,0,5,3,"('UNK', 'actor', 'loc')",52.77777777777778,33.33333333333333,0.0,0.0,13.88888888888889
jääma,,el,26,19,1,0,0,6,3,"('UNK', 'actor', 'loc')",73.07692307692307,3.8461538461538463,0.0,0.0,23.076923076923077
jääma,alla,all,24,21,0,0,0,3,2,"('UNK', 'loc')",87.5,0.0,0.0,0.0,12.5
jääma,alla,in,20,20,0,0,0,0,1,"('loc',)",100.0,0.0,0.0,0.0,0.0
jääma,alles,el,25,15,2,1,1,6,5,"('UNK', 'actor', 'event', 'loc', 'time')",60.0,8.0,4.0,4.0,24.0
jääma,ette,ad,8,5,0,1,1,1,4,"('UNK', 'event', 'loc', 'time')",62.5,0.0,12.5,12.5,12.5
jääma,ilma,el,21,15,1,0,0,5,3,"('UNK', 'actor', 'loc')",71.42857142857143,4.761904761904762,0.0,0.0,23.809523809523807
jääma,ilma,in,7,7,0,0,0,0,1,"('loc',)",100.0,0.0,0.0,0.0,0.0
jääma,järele,el,29,24,4,0,0,1,3,"('UNK', 'actor', 'loc')",82.75862068965517,13.793103448275861,0.0,0.0,3.4482758620689653
jääma,kõrvale,in,6,4,0,0,0,2,2,"('UNK', 'loc')",66.66666666666666,0.0,0.0,0.0,33.33333333333333
jääma,välja,el,25,18,2,0,0,5,3,"('UNK', 'actor', 'loc')",72.0,8.0,0.0,0.0,20.0
jääma,ära,el,7,2,1,0,0,4,3,"('UNK', 'actor', 'loc')",28.57142857142857,14.285714285714285,0.0,0.0,57.14285714285714
jõudma,,abl,22,18,2,0,0,2,3,"('UNK', 'actor', 'loc')",81.81818181818183,9.090909090909092,0.0,0.0,9.090909090909092
jõudma,,all,24,22,1,0,0,1,3,"('UNK', 'actor', 'loc')",91.66666666666666,4.166666666666666,0.0,0.0,4.166666666666666
jõudma,,el,30,26,1,0,0,3,3,"('UNK', 'actor', 'loc')",86.66666666666667,3.3333333333333335,0.0,0.0,10.0
jõudma,,in,34,30,2,0,1,1,4,"('UNK', 'actor', 'event', 'loc')",88.23529411764706,5.88235294117647,0.0,2.941176470588235,2.941176470588235
jõudma,ette,el,9,7,0,0,0,2,2,"('UNK', 'loc')",77.77777777777779,0.0,0.0,0.0,22.22222222222222
jõudma,järele,all,12,10,2,0,0,0,2,"('actor', 'loc')",83.33333333333334,16.666666666666664,0.0,0.0,0.0
kaaluma,,all,11,4,3,0,0,4,3,"('UNK', 'actor', 'loc')",36.36363636363637,27.27272727272727,0.0,0.0,36.36363636363637
kaaluma,,in,13,7,0,0,0,6,2,"('UNK', 'loc')",53.84615384615385,0.0,0.0,0.0,46.15384615384615
kaduma,,all,17,10,2,0,1,4,4,"('UNK', 'actor', 'event', 'loc')",58.82352941176471,11.76470588235294,0.0,5.88235294117647,23.52941176470588
kaebama,,in,7,5,0,0,1,1,3,"('UNK', 'event', 'loc')",71.42857142857143,0.0,0.0,14.285714285714285,14.285714285714285
kaevama,,ad,4,1,0,1,0,2,3,"('UNK', 'loc', 'time')",25.0,0.0,25.0,0.0,50.0
kaevama,,all,3,2,1,0,0,0,2,"('actor', 'loc')",66.66666666666666,33.33333333333333,0.0,0.0,0.0
kahandama,,in,2,0,0,0,1,1,2,"('UNK', 'event')",0.0,0.0,0.0,50.0,50.0
kahanema,,in,12,9,0,0,0,3,2,"('UNK', 'loc')",75.0,0.0,0.0,0.0,25.0
kahetsema,,el,3,1,1,1,0,0,3,"('actor', 'loc', 'time')",33.33333333333333,33.33333333333333,33.33333333333333,0.0,0.0
kajastuma,,in,34,26,0,1,1,6,4,"('UNK', 'event', 'loc', 'time')",76.47058823529412,0.0,2.941176470588235,2.941176470588235,17.647058823529413
kaklema,,ad,6,3,1,1,1,0,4,"('actor', 'event', 'loc', 'time')",50.0,16.666666666666664,16.666666666666664,16.666666666666664,0.0
kalduma,,ad,5,2,0,0,0,3,2,"('UNK', 'loc')",40.0,0.0,0.0,0.0,60.0
kalduma,,all,16,8,0,0,0,8,2,"('UNK', 'loc')",50.0,0.0,0.0,0.0,50.0
kamandama,,all,1,1,0,0,0,0,1,"('loc',)",100.0,0.0,0.0,0.0,0.0
kandideerima,,el,10,4,5,0,0,1,3,"('UNK', 'actor', 'loc')",40.0,50.0,0.0,0.0,10.0
kandma,,all,21,17,1,0,0,3,3,"('UNK', 'actor', 'loc')",80.95238095238095,4.761904761904762,0.0,0.0,14.285714285714285
kandma,üle,all,5,2,2,0,0,1,3,"('UNK', 'actor', 'loc')",40.0,40.0,0.0,0.0,20.0
kanduma,,all,25,20,3,1,0,1,4,"('UNK', 'actor', 'loc', 'time')",80.0,12.0,4.0,0.0,4.0
kannatama,,in,24,18,0,2,1,3,4,"('UNK', 'event', 'loc', 'time')",75.0,0.0,8.333333333333332,4.166666666666666,12.5
kaotama,,all,17,14,3,0,0,0,2,"('actor', 'loc')",82.35294117647058,17.647058823529413,0.0,0.0,0.0
kaotama,,in,25,24,0,1,0,0,2,"('loc', 'time')",96.0,0.0,4.0,0.0,0.0
karistama,,in,5,2,0,0,1,2,3,"('UNK', 'event', 'loc')",40.0,0.0,0.0,20.0,40.0
karjuma,,ad,9,6,0,1,0,2,3,"('UNK', 'loc', 'time')",66.66666666666666,0.0,11.11111111111111,0.0,22.22222222222222
karjuma,,el,6,3,1,0,0,2,3,"('UNK', 'actor', 'loc')",50.0,16.666666666666664,0.0,0.0,33.33333333333333
kasseerima,,in,2,2,0,0,0,0,1,"('loc',)",100.0,0.0,0.0,0.0,0.0
kasutama,ära,in,6,5,0,0,0,1,2,"('UNK', 'loc')",83.33333333333334,0.0,0.0,0.0,16.666666666666664
kasvama,,ad,18,5,5,2,2,4,5,"('UNK', 'actor', 'event', 'loc', 'time')",27.77777777777778,27.77777777777778,11.11111111111111,11.11111111111111,22.22222222222222
kasvama,,all,31,16,0,0,0,15,2,"('UNK', 'loc')",51.61290322580645,0.0,0.0,0.0,48.38709677419355
kasvama,välja,el,27,26,0,0,0,1,2,"('UNK', 'loc')",96.29629629629629,0.0,0.0,0.0,3.7037037037037033
kasvatama,,ad,13,5,0,3,1,4,4,"('UNK', 'event', 'loc', 'time')",38.46153846153847,0.0,23.076923076923077,7.6923076923076925,30.76923076923077
kattuma,,el,4,3,0,0,0,1,2,"('UNK', 'loc')",75.0,0.0,0.0,0.0,25.0
kavandama,,all,20,13,4,0,0,3,3,"('UNK', 'actor', 'loc')",65.0,20.0,0.0,0.0,15.0
kavatsema,,in,25,20,0,2,1,2,4,"('UNK', 'event', 'loc', 'time')",80.0,0.0,8.0,4.0,8.0
keelduma,,abl,1,0,1,0,0,0,1,"('actor',)",0.0,100.0,0.0,0.0,0.0
keelduma,,in,16,7,2,1,0,6,4,"('UNK', 'actor', 'loc', 'time')",43.75,12.5,6.25,0.0,37.5
keelustama,,el,1,1,0,0,0,0,1,"('loc',)",100.0,0.0,0.0,0.0,0.0
keerama,ette,ad,5,4,0,1,0,0,2,"('loc', 'time')",80.0,0.0,20.0,0.0,0.0
keerlema,,ad,4,1,0,1,0,2,3,"('UNK', 'loc', 'time')",25.0,0.0,25.0,0.0,50.0
kehtestama,,in,11,9,0,1,0,1,3,"('UNK', 'loc', 'time')",81.81818181818183,0.0,9.090909090909092,0.0,9.090909090909092
kehtima,,ad,30,12,2,5,5,6,5,"('UNK', 'actor', 'event', 'loc', 'time')",40.0,6.666666666666667,16.666666666666664,16.666666666666664,20.0
kerkima,,el,21,10,2,1,2,6,5,"('UNK', 'actor', 'event', 'loc', 'time')",47.61904761904761,9.523809523809524,4.761904761904762,9.523809523809524,28.57142857142857
kestma,,ad,23,12,5,1,1,4,5,"('UNK', 'actor', 'event', 'loc', 'time')",52.17391304347826,21.73913043478261,4.3478260869565215,4.3478260869565215,17.391304347826086
kihutama,,ad,19,11,0,3,0,5,3,"('UNK', 'loc', 'time')",57.89473684210527,0.0,15.789473684210526,0.0,26.31578947368421
kihutama,otsa,ad,1,1,0,0,0,0,1,"('loc',)",100.0,0.0,0.0,0.0,0.0
kihutama,välja,ad,6,5,0,0,0,1,2,"('UNK', 'loc')",83.33333333333334,0.0,0.0,0.0,16.666666666666664
kiirustama,,all,10,7,1,0,0,2,3,"('UNK', 'actor', 'loc')",70.0,10.0,0.0,0.0,20.0
kiitma,,in,19,13,1,0,2,3,4,"('UNK', 'actor', 'event', 'loc')",68.42105263157895,5.263157894736842,0.0,10.526315789473683,15.789473684210526
kindlustama,,in,29,22,0,2,0,5,3,"('UNK', 'loc', 'time')",75.86206896551724,0.0,6.896551724137931,0.0,17.24137931034483
kindlustama,võidu,all,2,2,0,0,0,0,1,"('loc',)",100.0,0.0,0.0,0.0,0.0
kinnitama,,adit,6,5,0,0,0,1,2,"('UNK', 'loc')",83.33333333333334,0.0,0.0,0.0,16.666666666666664
kinnitama,,all,20,11,5,0,0,4,3,"('UNK', 'actor', 'loc')",55.00000000000001,25.0,0.0,0.0,20.0
kinnitama,,el,28,17,4,0,0,7,3,"('UNK', 'actor', 'loc')",60.71428571428571,14.285714285714285,0.0,0.0,25.0
kippuma,,all,17,15,0,0,0,2,2,"('UNK', 'loc')",88.23529411764706,0.0,0.0,0.0,11.76470588235294
kirjutama,,in,25,19,4,1,0,1,4,"('UNK', 'actor', 'loc', 'time')",76.0,16.0,4.0,0.0,4.0
koguma,,in,32,25,2,3,1,1,5,"('UNK', 'actor', 'event', 'loc', 'time')",78.125,6.25,9.375,3.125,3.125
kogunema,,all,35,27,3,1,0,4,4,"('UNK', 'actor', 'loc', 'time')",77.14285714285715,8.571428571428571,2.857142857142857,0.0,11.428571428571429
kogunema,,el,22,16,2,0,0,4,3,"('UNK', 'actor', 'loc')",72.72727272727273,9.090909090909092,0.0,0.0,18.181818181818183
kohama,,ad,7,3,1,1,0,2,4,"('UNK', 'actor', 'loc', 'time')",42.857142857142854,14.285714285714285,14.285714285714285,0.0,28.57142857142857
kohtama,,ad,27,21,2,1,1,2,5,"('UNK', 'actor', 'event', 'loc', 'time')",77.77777777777779,7.4074074074074066,3.7037037037037033,3.7037037037037033,7.4074074074074066
kohtama,,all,2,0,1,0,0,1,2,"('UNK', 'actor')",0.0,50.0,0.0,0.0,50.0
kohtuma,,el,13,3,6,0,1,3,4,"('UNK', 'actor', 'event', 'loc')",23.076923076923077,46.15384615384615,0.0,7.6923076923076925,23.076923076923077
kolima,,in,8,6,0,0,0,2,2,"('UNK', 'loc')",75.0,0.0,0.0,0.0,25.0
kommenteerima,,all,7,3,1,0,1,2,4,"('UNK', 'actor', 'event', 'loc')",42.857142857142854,14.285714285714285,0.0,14.285714285714285,28.57142857142857
kommenteerima,,el,10,3,3,1,0,3,4,"('UNK', 'actor', 'loc', 'time')",30.0,30.0,10.0,0.0,30.0
kontrollima,,el,17,10,1,1,3,2,5,"('UNK', 'actor', 'event', 'loc', 'time')",58.82352941176471,5.88235294117647,5.88235294117647,17.647058823529413,11.76470588235294
koondama,,all,5,3,0,0,1,1,3,"('UNK', 'event', 'loc')",60.0,0.0,0.0,20.0,20.0
koostama,,in,18,11,2,1,0,4,4,"('UNK', 'actor', 'loc', 'time')",61.111111111111114,11.11111111111111,5.555555555555555,0.0,22.22222222222222
korjama,,abl,10,10,0,0,0,0,1,"('loc',)",100.0,0.0,0.0,0.0,0.0
korjama,kokku,abl,4,4,0,0,0,0,1,"('loc',)",100.0,0.0,0.0,0.0,0.0
kuhjuma,,all,3,3,0,0,0,0,1,"('loc',)",100.0,0.0,0.0,0.0,0.0
kujundama,,el,17,8,3,2,0,4,4,"('UNK', 'actor', 'loc', 'time')",47.05882352941176,17.647058823529413,11.76470588235294,0.0,23.52941176470588
kujunema,,el,32,20,4,2,1,5,5,"('UNK', 'actor', 'event', 'loc', 'time')",62.5,12.5,6.25,3.125,15.625
kujutama,,all,24,14,6,0,0,4,3,"('UNK', 'actor', 'loc')",58.333333333333336,25.0,0.0,0.0,16.666666666666664
kukkuma,välja,el,23,22,0,0,0,1,2,"('UNK', 'loc')",95.65217391304348,0.0,0.0,0.0,4.3478260869565215
kulgema,,ad,21,16,0,3,0,2,3,"('UNK', 'loc', 'time')",76.19047619047619,0.0,14.285714285714285,0.0,9.523809523809524
kuluma,,el,23,13,0,1,3,6,4,"('UNK', 'event', 'loc', 'time')",56.52173913043478,0.0,4.3478260869565215,13.043478260869565,26.08695652173913
kutsuma,,el,22,15,4,0,0,3,3,"('UNK', 'actor', 'loc')",68.18181818181817,18.181818181818183,0.0,0.0,13.636363636363635
kutsuma,,in,24,17,1,0,0,6,3,"('UNK', 'actor', 'loc')",70.83333333333334,4.166666666666666,0.0,0.0,25.0
kutsuma,esile,in,19,12,4,1,0,2,4,"('UNK', 'actor', 'loc', 'time')",63.1578947368421,21.052631578947366,5.263157894736842,0.0,10.526315789473683
kuuluma,,all,29,18,11,0,0,0,2,"('actor', 'loc')",62.06896551724138,37.93103448275862,0.0,0.0,0.0
kuuluma,,el,37,18,10,1,2,6,5,"('UNK', 'actor', 'event', 'loc', 'time')",48.64864864864865,27.027027027027028,2.7027027027027026,5.405405405405405,16.216216216216218
kuuluma,,ill,21,20,0,0,0,1,2,"('UNK', 'loc')",95.23809523809523,0.0,0.0,0.0,4.761904761904762
kuulutama,,in,26,20,1,1,0,4,4,"('UNK', 'actor', 'loc', 'time')",76.92307692307693,3.8461538461538463,3.8461538461538463,0.0,15.384615384615385
kuulutama,välja,all,15,7,4,0,0,4,3,"('UNK', 'actor', 'loc')",46.666666666666664,26.666666666666668,0.0,0.0,26.666666666666668
kuulutama,välja,in,12,7,1,1,1,2,5,"('UNK', 'actor', 'event', 'loc', 'time')",58.333333333333336,8.333333333333332,8.333333333333332,8.333333333333332,16.666666666666664
käima,,abl,27,18,5,0,0,4,3,"('UNK', 'actor', 'loc')",66.66666666666666,18.51851851851852,0.0,0.0,14.814814814814813
käima,,el,29,23,2,1,1,2,5,"('UNK', 'actor', 'event', 'loc', 'time')",79.3103448275862,6.896551724137931,3.4482758620689653,3.4482758620689653,6.896551724137931
käima,läbi,abl,7,5,0,1,0,1,3,"('UNK', 'loc', 'time')",71.42857142857143,0.0,14.285714285714285,0.0,14.285714285714285
käima,ringi,ad,9,6,0,1,0,2,3,"('UNK', 'loc', 'time')",66.66666666666666,0.0,11.11111111111111,0.0,22.22222222222222
käima,välja,in,8,8,0,0,0,0,1,"('loc',)",100.0,0.0,0.0,0.0,0.0
käima,ära,ad,13,7,0,2,0,4,3,"('UNK', 'loc', 'time')",53.84615384615385,0.0,15.384615384615385,0.0,30.76923076923077
käima,üle,el,18,13,1,0,0,4,3,"('UNK', 'actor', 'loc')",72.22222222222221,5.555555555555555,0.0,0.0,22.22222222222222
käituma,,in,33,30,0,0,0,3,2,"('UNK', 'loc')",90.9090909090909,0.0,0.0,0.0,9.090909090909092
kõikuma,,ad,11,8,1,1,1,0,4,"('actor', 'event', 'loc', 'time')",72.72727272727273,9.090909090909092,9.090909090909092,9.090909090909092,0.0
kõlama,,el,24,15,1,1,0,7,4,"('UNK', 'actor', 'loc', 'time')",62.5,4.166666666666666,4.166666666666666,0.0,29.166666666666668
kõlama,,in,19,18,0,0,0,1,2,"('UNK', 'loc')",94.73684210526315,0.0,0.0,0.0,5.263157894736842
küsitlema,,in,3,3,0,0,0,0,1,"('loc',)",100.0,0.0,0.0,0.0,0.0
küündima,,ill,3,2,0,0,0,1,2,"('UNK', 'loc')",66.66666666666666,0.0,0.0,0.0,33.33333333333333
laastama,,in,3,3,0,0,0,0,1,"('loc',)",100.0,0.0,0.0,0.0,0.0
laekuma,,all,16,12,2,1,0,1,4,"('UNK', 'actor', 'loc', 'time')",75.0,12.5,6.25,0.0,6.25
laenama,,all,12,9,0,0,0,3,2,"('UNK', 'loc')",75.0,0.0,0.0,0.0,25.0
laiendama,,all,8,7,0,0,0,1,2,"('UNK', 'loc')",87.5,0.0,0.0,0.0,12.5
laienema,,all,26,17,3,1,0,5,4,"('UNK', 'actor', 'loc', 'time')",65.38461538461539,11.538461538461538,3.8461538461538463,0.0,19.230769230769234
laienema,,el,4,2,1,0,0,1,3,"('UNK', 'actor', 'loc')",50.0,25.0,0.0,0.0,25.0
langema,,abl,21,12,0,0,0,9,2,"('UNK', 'loc')",57.14285714285714,0.0,0.0,0.0,42.857142857142854
langema,,adit,14,7,1,1,1,4,5,"('UNK', 'actor', 'event', 'loc', 'time')",50.0,7.142857142857142,7.142857142857142,7.142857142857142,28.57142857142857
langema,,all,23,12,1,2,1,7,5,"('UNK', 'actor', 'event', 'loc', 'time')",52.17391304347826,4.3478260869565215,8.695652173913043,4.3478260869565215,30.434782608695656
langema,,in,33,29,0,2,1,1,4,"('UNK', 'event', 'loc', 'time')",87.87878787878788,0.0,6.0606060606060606,3.0303030303030303,3.0303030303030303
langetama,,in,13,9,0,0,1,3,3,"('UNK', 'event', 'loc')",69.23076923076923,0.0,0.0,7.6923076923076925,23.076923076923077
laskma,,all,35,24,5,0,0,6,3,"('UNK', 'actor', 'loc')",68.57142857142857,14.285714285714285,0.0,0.0,17.142857142857142
laskma,,el,31,19,2,1,0,9,4,"('UNK', 'actor', 'loc', 'time')",61.29032258064516,6.451612903225806,3.225806451612903,0.0,29.03225806451613
laskma,välja,in,3,1,0,0,0,2,2,"('UNK', 'loc')",33.33333333333333,0.0,0.0,0.0,66.66666666666666
laskuma,,in,2,2,0,0,0,0,1,"('loc',)",100.0,0.0,0.0,0.0,0.0
laulma,,in,29,23,0,0,2,4,3,"('UNK', 'event', 'loc')",79.3103448275862,0.0,0.0,6.896551724137931,13.793103448275861
lausuma,,all,15,7,5,0,0,3,3,"('UNK', 'actor', 'loc')",46.666666666666664,33.33333333333333,0.0,0.0,20.0
lehvima,,ad,11,9,0,0,0,2,2,"('UNK', 'loc')",81.81818181818183,0.0,0.0,0.0,18.181818181818183
lehvitama,,ad,4,3,0,0,0,1,2,"('UNK', 'loc')",75.0,0.0,0.0,0.0,25.0
leiduma,,ad,32,24,5,1,1,1,5,"('UNK', 'actor', 'event', 'loc', 'time')",75.0,15.625,3.125,3.125,3.125
leiduma,,el,28,17,2,0,0,9,3,"('UNK', 'actor', 'loc')",60.71428571428571,7.142857142857142,0.0,0.0,32.142857142857146
leppima,kokku,in,18,12,0,0,3,3,3,"('UNK', 'event', 'loc')",66.66666666666666,0.0,0.0,16.666666666666664,16.666666666666664
levima,,ad,23,12,0,7,1,3,4,"('UNK', 'event', 'loc', 'time')",52.17391304347826,0.0,30.434782608695656,4.3478260869565215,13.043478260869565
levima,,all,15,12,0,0,1,2,3,"('UNK', 'event', 'loc')",80.0,0.0,0.0,6.666666666666667,13.333333333333334
levima,,el,30,15,1,1,3,10,5,"('UNK', 'actor', 'event', 'loc', 'time')",50.0,3.3333333333333335,3.3333333333333335,10.0,33.33333333333333
libisema,,ad,10,8,0,0,1,1,3,"('UNK', 'event', 'loc')",80.0,0.0,0.0,10.0,10.0
liginema,,all,10,5,1,0,0,4,3,"('UNK', 'actor', 'loc')",50.0,10.0,0.0,0.0,40.0
liikuma,,ad,28,15,3,2,1,7,5,"('UNK', 'actor', 'event', 'loc', 'time')",53.57142857142857,10.714285714285714,7.142857142857142,3.571428571428571,25.0
liikuma,ringi,ad,4,3,0,1,0,0,2,"('loc', 'time')",75.0,0.0,25.0,0.0,0.0
liituma,,in,23,15,1,1,0,6,4,"('UNK', 'actor', 'loc', 'time')",65.21739130434783,4.3478260869565215,4.3478260869565215,0.0,26.08695652173913
lisama,,adit,10,8,0,0,1,1,3,"('UNK', 'event', 'loc')",80.0,0.0,0.0,10.0,10.0
lisama,,ill,22,22,0,0,0,0,1,"('loc',)",100.0,0.0,0.0,0.0,0.0
lisanduma,,abl,6,5,1,0,0,0,2,"('actor', 'loc')",83.33333333333334,16.666666666666664,0.0,0.0,0.0
lisanduma,,adit,13,9,0,0,0,4,2,"('UNK', 'loc')",69.23076923076923,0.0,0.0,0.0,30.76923076923077
lisanduma,,all,26,14,3,1,1,7,5,"('UNK', 'actor', 'event', 'loc', 'time')",53.84615384615385,11.538461538461538,3.8461538461538463,3.8461538461538463,26.923076923076923
lisanduma,,in,33,29,0,1,1,2,4,"('UNK', 'event', 'loc', 'time')",87.87878787878788,0.0,3.0303030303030303,3.0303030303030303,6.0606060606060606
loksuma,,ad,4,0,2,1,0,1,3,"('UNK', 'actor', 'time')",0.0,50.0,25.0,0.0,25.0
loobuma,,all,18,9,4,0,0,5,3,"('UNK', 'actor', 'loc')",50.0,22.22222222222222,0.0,0.0,27.77777777777778
loobuma,,in,34,27,2,1,0,4,4,"('UNK', 'actor', 'loc', 'time')",79.41176470588235,5.88235294117647,2.941176470588235,0.0,11.76470588235294
looklema,,ad,1,1,0,0,0,0,1,"('loc',)",100.0,0.0,0.0,0.0,0.0
looma,lahku,el,5,4,0,0,0,1,2,"('UNK', 'loc')",80.0,0.0,0.0,0.0,20.0
lootma,,el,29,22,3,1,1,2,5,"('UNK', 'actor', 'event', 'loc', 'time')",75.86206896551724,10.344827586206897,3.4482758620689653,3.4482758620689653,6.896551724137931
lootma,,in,37,22,5,0,2,8,4,"('UNK', 'actor', 'event', 'loc')",59.45945945945946,13.513513513513514,0.0,5.405405405405405,21.62162162162162
loovutama,,all,31,27,3,0,0,1,3,"('UNK', 'actor', 'loc')",87.09677419354838,9.67741935483871,0.0,0.0,3.225806451612903
loovutama,,el,6,4,1,0,0,1,3,"('UNK', 'actor', 'loc')",66.66666666666666,16.666666666666664,0.0,0.0,16.666666666666664
lubama,,in,28,20,2,2,0,4,4,"('UNK', 'actor', 'loc', 'time')",71.42857142857143,7.142857142857142,7.142857142857142,0.0,14.285714285714285
lähenema,,all,19,12,0,0,2,5,3,"('UNK', 'event', 'loc')",63.1578947368421,0.0,0.0,10.526315789473683,26.31578947368421
lähtuma,,in,21,19,0,0,1,1,3,"('UNK', 'event', 'loc')",90.47619047619048,0.0,0.0,4.761904761904762,4.761904761904762
läkitama,,all,15,10,5,0,0,0,2,"('actor', 'loc')",66.66666666666666,33.33333333333333,0.0,0.0,0.0
lõhkuma,,ad,9,4,3,0,0,2,3,"('UNK', 'actor', 'loc')",44.44444444444444,33.33333333333333,0.0,0.0,22.22222222222222
lõpetama,,abl,6,3,1,0,0,2,3,"('UNK', 'actor', 'loc')",50.0,16.666666666666664,0.0,0.0,33.33333333333333
lõpetama,,all,26,11,4,1,1,9,5,"('UNK', 'actor', 'event', 'loc', 'time')",42.30769230769231,15.384615384615385,3.8461538461538463,3.8461538461538463,34.61538461538461
lõpma,,in,27,21,0,2,1,3,4,"('UNK', 'event', 'loc', 'time')",77.77777777777779,0.0,7.4074074074074066,3.7037037037037033,11.11111111111111
lööma,,in,27,24,1,0,0,2,3,"('UNK', 'actor', 'loc')",88.88888888888889,3.7037037037037033,0.0,0.0,7.4074074074074066
lööma,lahku,el,5,5,0,0,0,0,1,"('loc',)",100.0,0.0,0.0,0.0,0.0
lööma,lahti,ad,2,1,0,1,0,0,2,"('loc', 'time')",50.0,0.0,50.0,0.0,0.0
lükkama,,all,17,14,0,1,0,2,3,"('UNK', 'loc', 'time')",82.35294117647058,0.0,5.88235294117647,0.0,11.76470588235294
lükkama,,el,8,5,1,0,1,1,4,"('UNK', 'actor', 'event', 'loc')",62.5,12.5,0.0,12.5,12.5
lülitama,välja,in,4,4,0,0,0,0,1,"('loc',)",100.0,0.0,0.0,0.0,0.0
maabuma,,ad,9,8,0,1,0,0,2,"('loc', 'time')",88.88888888888889,0.0,11.11111111111111,0.0,0.0
maadlema,,in,6,6,0,0,0,0,1,"('loc',)",100.0,0.0,0.0,0.0,0.0
maalima,,el,9,5,3,0,0,1,3,"('UNK', 'actor', 'loc')",55.55555555555556,33.33333333333333,0.0,0.0,11.11111111111111
maanduma,,ad,15,12,0,2,0,1,3,"('UNK', 'loc', 'time')",80.0,0.0,13.333333333333334,0.0,6.666666666666667
mahtuma,,all,17,13,2,0,1,1,4,"('UNK', 'actor', 'event', 'loc')",76.47058823529412,11.76470588235294,0.0,5.88235294117647,5.88235294117647
mahtuma,,ill,28,28,0,0,0,0,1,"('loc',)",100.0,0.0,0.0,0.0,0.0
maksma,,abl,20,8,2,0,1,9,4,"('UNK', 'actor', 'event', 'loc')",40.0,10.0,0.0,5.0,45.0
maksma,ära,all,4,4,0,0,0,0,1,"('loc',)",100.0,0.0,0.0,0.0,0.0
minema,,abl,24,18,2,1,0,3,4,"('UNK', 'actor', 'loc', 'time')",75.0,8.333333333333332,4.166666666666666,0.0,12.5
minema,,all,25,24,1,0,0,0,2,"('actor', 'loc')",96.0,4.0,0.0,0.0,0.0
minema,,el,24,20,1,1,0,2,4,"('UNK', 'actor', 'loc', 'time')",83.33333333333334,4.166666666666666,4.166666666666666,0.0,8.333333333333332
minema,edasi,all,7,5,1,0,0,1,3,"('UNK', 'actor', 'loc')",71.42857142857143,14.285714285714285,0.0,0.0,14.285714285714285
minema,edasi,el,6,6,0,0,0,0,1,"('loc',)",100.0,0.0,0.0,0.0,0.0
minema,ette,el,4,2,2,0,0,0,2,"('actor', 'loc')",50.0,50.0,0.0,0.0,0.0
minema,mööda,el,24,23,0,0,0,1,2,"('UNK', 'loc')",95.83333333333334,0.0,0.0,0.0,4.166666666666666
minema,tagasi,in,5,4,0,0,0,1,2,"('UNK', 'loc')",80.0,0.0,0.0,0.0,20.0
minema,vaja,in,11,9,0,0,0,2,2,"('UNK', 'loc')",81.81818181818183,0.0,0.0,0.0,18.181818181818183
minema,ümber,ad,3,0,1,0,2,0,2,"('actor', 'event')",0.0,33.33333333333333,0.0,66.66666666666666,0.0
moodustama,,all,21,8,2,0,2,9,4,"('UNK', 'actor', 'event', 'loc')",38.095238095238095,9.523809523809524,0.0,9.523809523809524,42.857142857142854
moodustama,,in,31,26,0,0,0,5,2,"('UNK', 'loc')",83.87096774193549,0.0,0.0,0.0,16.129032258064516
murdma,,el,6,5,0,0,0,1,2,"('UNK', 'loc')",83.33333333333334,0.0,0.0,0.0,16.666666666666664
murdma,,in,28,22,0,1,1,4,4,"('UNK', 'event', 'loc', 'time')",78.57142857142857,0.0,3.571428571428571,3.571428571428571,14.285714285714285
murdma,läbi,el,6,6,0,0,0,0,1,"('loc',)",100.0,0.0,0.0,0.0,0.0
murdma,maha,ad,2,1,1,0,0,0,2,"('actor', 'loc')",50.0,50.0,0.0,0.0,0.0
murduma,,in,10,7,1,2,0,0,3,"('actor', 'loc', 'time')",70.0,10.0,20.0,0.0,0.0
muutuma,,adit,10,5,0,0,1,4,3,"('UNK', 'event', 'loc')",50.0,0.0,0.0,10.0,40.0
mängima,,in,25,24,1,0,0,0,2,"('actor', 'loc')",96.0,4.0,0.0,0.0,0.0
märkama,,el,9,5,2,1,1,0,4,"('actor', 'event', 'loc', 'time')",55.55555555555556,22.22222222222222,11.11111111111111,11.11111111111111,0.0
märkima,,el,16,7,3,0,0,6,3,"('UNK', 'actor', 'loc')",43.75,18.75,0.0,0.0,37.5
määrama,,in,25,17,0,0,0,8,2,"('UNK', 'loc')",68.0,0.0,0.0,0.0,32.0
mõistma,,in,30,12,0,1,10,7,4,"('UNK', 'event', 'loc', 'time')",40.0,0.0,3.3333333333333335,33.33333333333333,23.333333333333332
mõistma,välja,abl,12,2,10,0,0,0,2,"('actor', 'loc')",16.666666666666664,83.33333333333334,0.0,0.0,0.0
mõjuma,,adit,3,1,0,0,0,2,2,"('UNK', 'loc')",33.33333333333333,0.0,0.0,0.0,66.66666666666666
mõjuma,,in,31,23,0,2,0,6,3,"('UNK', 'loc', 'time')",74.19354838709677,0.0,6.451612903225806,0.0,19.35483870967742
möllama,,ad,20,13,1,2,1,3,5,"('UNK', 'actor', 'event', 'loc', 'time')",65.0,5.0,10.0,5.0,15.0
müüma,,all,25,19,6,0,0,0,2,"('actor', 'loc')",76.0,24.0,0.0,0.0,0.0
müüma,,el,23,16,0,1,0,6,3,"('UNK', 'loc', 'time')",69.56521739130434,0.0,4.3478260869565215,0.0,26.08695652173913
naasma,,in,9,6,0,2,0,1,3,"('UNK', 'loc', 'time')",66.66666666666666,0.0,22.22222222222222,0.0,11.11111111111111
naeratama,,in,7,5,0,0,0,2,2,"('UNK', 'loc')",71.42857142857143,0.0,0.0,0.0,28.57142857142857
nakatuma,,ad,3,1,0,0,0,2,2,"('UNK', 'loc')",33.33333333333333,0.0,0.0,0.0,66.66666666666666
nentima,,all,6,3,1,0,0,2,3,"('UNK', 'actor', 'loc')",50.0,16.666666666666664,0.0,0.0,33.33333333333333
nihkuma,,all,11,6,0,1,0,4,3,"('UNK', 'loc', 'time')",54.54545454545454,0.0,9.090909090909092,0.0,36.36363636363637
nurjuma,,in,4,4,0,0,0,0,1,"('loc',)",100.0,0.0,0.0,0.0,0.0
nägema,,all,33,19,3,0,0,11,3,"('UNK', 'actor', 'loc')",57.57575757575758,9.090909090909092,0.0,0.0,33.33333333333333
nägema,,in,26,24,2,0,0,0,2,"('actor', 'loc')",92.3076923076923,7.6923076923076925,0.0,0.0,0.0
nägema,ette,in,17,13,0,1,0,3,3,"('UNK', 'loc', 'time')",76.47058823529412,0.0,5.88235294117647,0.0,17.647058823529413
nägema,välja,in,41,31,0,0,0,10,2,"('UNK', 'loc')",75.60975609756098,0.0,0.0,0.0,24.390243902439025
nähtuma,,ad,9,5,0,3,0,1,3,"('UNK', 'loc', 'time')",55.55555555555556,0.0,33.33333333333333,0.0,11.11111111111111
näima,,abl,4,3,1,0,0,0,2,"('actor', 'loc')",75.0,25.0,0.0,0.0,0.0
näima,,in,24,16,1,0,1,6,4,"('UNK', 'actor', 'event', 'loc')",66.66666666666666,4.166666666666666,0.0,4.166666666666666,25.0
nõudma,tagasi,abl,6,3,3,0,0,0,2,"('actor', 'loc')",50.0,50.0,0.0,0.0,0.0
nõustuma,,in,15,15,0,0,0,0,1,"('loc',)",100.0,0.0,0.0,0.0,0.0
olema,,el,30,25,1,0,0,4,3,"('UNK', 'actor', 'loc')",83.33333333333334,3.3333333333333335,0.0,0.0,13.333333333333334
olema,alles,el,18,12,0,0,0,6,2,"('UNK', 'loc')",66.66666666666666,0.0,0.0,0.0,33.33333333333333
olema,kinni,in,28,21,1,0,0,6,3,"('UNK', 'actor', 'loc')",75.0,3.571428571428571,0.0,0.0,21.428571428571427
olema,kohal,el,9,3,5,0,0,1,3,"('UNK', 'actor', 'loc')",33.33333333333333,55.55555555555556,0.0,0.0,11.11111111111111
olema,koht,el,6,4,1,0,0,1,3,"('UNK', 'actor', 'loc')",66.66666666666666,16.666666666666664,0.0,0.0,16.666666666666664
olema,vaja,abl,10,4,2,0,0,4,3,"('UNK', 'actor', 'loc')",40.0,20.0,0.0,0.0,40.0
olema,vaja,all,26,15,5,0,0,6,3,"('UNK', 'actor', 'loc')",57.692307692307686,19.230769230769234,0.0,0.0,23.076923076923077
olema,vaja,el,28,16,3,2,0,7,4,"('UNK', 'actor', 'loc', 'time')",57.14285714285714,10.714285714285714,7.142857142857142,0.0,25.0
omandama,,abl,9,8,1,0,0,0,2,"('actor', 'loc')",88.88888888888889,11.11111111111111,0.0,0.0,0.0
ootama,,el,22,14,3,2,1,2,5,"('UNK', 'actor', 'event', 'loc', 'time')",63.63636363636363,13.636363636363635,9.090909090909092,4.545454545454546,9.090909090909092
osalema,,el,12,8,1,0,0,3,3,"('UNK', 'actor', 'loc')",66.66666666666666,8.333333333333332,0.0,0.0,25.0
osalema,,in,27,26,0,0,0,1,2,"('UNK', 'loc')",96.29629629629629,0.0,0.0,0.0,3.7037037037037033
oskama,,in,27,16,2,0,1,8,4,"('UNK', 'actor', 'event', 'loc')",59.25925925925925,7.4074074074074066,0.0,3.7037037037037033,29.629629629629626
ostma,,abl,24,15,6,0,0,3,3,"('UNK', 'actor', 'loc')",62.5,25.0,0.0,0.0,12.5
ostma,,in,24,23,1,0,0,0,2,"('actor', 'loc')",95.83333333333334,4.166666666666666,0.0,0.0,0.0
osutuma,,in,26,18,0,0,2,6,3,"('UNK', 'event', 'loc')",69.23076923076923,0.0,0.0,7.6923076923076925,23.076923076923077
otsima,,abl,18,12,4,0,0,2,3,"('UNK', 'actor', 'loc')",66.66666666666666,22.22222222222222,0.0,0.0,11.11111111111111
otsima,,all,34,22,1,0,0,11,3,"('UNK', 'actor', 'loc')",64.70588235294117,2.941176470588235,0.0,0.0,32.35294117647059
otsima,,in,30,24,1,1,0,4,4,"('UNK', 'actor', 'loc', 'time')",80.0,3.3333333333333335,3.3333333333333335,0.0,13.333333333333334
otsustama,,in,28,22,0,1,0,5,3,"('UNK', 'loc', 'time')",78.57142857142857,0.0,3.571428571428571,0.0,17.857142857142858
paigaldama,,el,2,1,0,0,0,1,2,"('UNK', 'loc')",50.0,0.0,0.0,0.0,50.0
paiskuma,välja,ad,2,1,0,0,0,1,2,"('UNK', 'loc')",50.0,0.0,0.0,0.0,50.0
paistma,,el,34,25,1,0,2,6,4,"('UNK', 'actor', 'event', 'loc')",73.52941176470588,2.941176470588235,0.0,5.88235294117647,17.647058823529413
pakkuma,,abl,5,4,0,0,0,1,2,"('UNK', 'loc')",80.0,0.0,0.0,0.0,20.0
pakkuma,välja,in,11,8,0,1,0,2,3,"('UNK', 'loc', 'time')",72.72727272727273,0.0,9.090909090909092,0.0,18.181818181818183
paljastama,,in,9,8,0,1,0,0,2,"('loc', 'time')",88.88888888888889,0.0,11.11111111111111,0.0,0.0
palkama,,el,3,1,1,0,0,1,3,"('UNK', 'actor', 'loc')",33.33333333333333,33.33333333333333,0.0,0.0,33.33333333333333
panema,,abl,14,7,0,0,1,6,3,"('UNK', 'event', 'loc')",50.0,0.0,0.0,7.142857142857142,42.857142857142854
panema,ette,all,10,5,4,0,0,1,3,"('UNK', 'actor', 'loc')",50.0,40.0,0.0,0.0,10.0
panema,üles,all,3,2,1,0,0,0,2,"('actor', 'loc')",66.66666666666666,33.33333333333333,0.0,0.0,0.0
peatuma,,ad,18,12,2,1,1,2,5,"('UNK', 'actor', 'event', 'loc', 'time')",66.66666666666666,11.11111111111111,5.555555555555555,5.555555555555555,11.11111111111111
pedaalima,,in,2,2,0,0,0,0,1,"('loc',)",100.0,0.0,0.0,0.0,0.0
peituma,,el,6,1,1,0,0,4,3,"('UNK', 'actor', 'loc')",16.666666666666664,16.666666666666664,0.0,0.0,66.66666666666666
peksma,,ad,7,5,1,1,0,0,3,"('actor', 'loc', 'time')",71.42857142857143,14.285714285714285,14.285714285714285,0.0,0.0
peksma,läbi,ad,2,2,0,0,0,0,1,"('loc',)",100.0,0.0,0.0,0.0,0.0
petma,,in,1,1,0,0,0,0,1,"('loc',)",100.0,0.0,0.0,0.0,0.0
pidama,,abl,8,4,1,0,0,3,3,"('UNK', 'actor', 'loc')",50.0,12.5,0.0,0.0,37.5
pidama,vastu,in,18,13,1,1,0,3,4,"('UNK', 'actor', 'loc', 'time')",72.22222222222221,5.555555555555555,5.555555555555555,0.0,16.666666666666664
pihtima,,in,4,4,0,0,0,0,1,"('loc',)",100.0,0.0,0.0,0.0,0.0
pikendama,,in,2,1,0,0,0,1,2,"('UNK', 'loc')",50.0,0.0,0.0,0.0,50.0
plaanima,,all,10,5,0,2,1,2,4,"('UNK', 'event', 'loc', 'time')",50.0,0.0,20.0,10.0,20.0
plaanima,,in,11,6,0,2,0,3,3,"('UNK', 'loc', 'time')",54.54545454545454,0.0,18.181818181818183,0.0,27.27272727272727
planeerima,,all,5,3,0,1,0,1,3,"('UNK', 'loc', 'time')",60.0,0.0,20.0,0.0,20.0
poseerima,,ad,13,6,0,1,0,6,3,"('UNK', 'loc', 'time')",46.15384615384615,0.0,7.6923076923076925,0.0,46.15384615384615
puhkama,,ad,23,17,1,3,0,2,4,"('UNK', 'actor', 'loc', 'time')",73.91304347826086,4.3478260869565215,13.043478260869565,0.0,8.695652173913043
puhkema,,el,8,7,0,0,0,1,2,"('UNK', 'loc')",87.5,0.0,0.0,0.0,12.5
puhuma,,ad,13,7,0,2,2,2,4,"('UNK', 'event', 'loc', 'time')",53.84615384615385,0.0,15.384615384615385,15.384615384615385,15.384615384615385
purunema,,el,4,3,0,0,0,1,2,"('UNK', 'loc')",75.0,0.0,0.0,0.0,25.0
purunema,,in,8,5,0,1,1,1,4,"('UNK', 'event', 'loc', 'time')",62.5,0.0,12.5,12.5,12.5
puuduma,,ad,24,10,12,0,0,2,3,"('UNK', 'actor', 'loc')",41.66666666666667,50.0,0.0,0.0,8.333333333333332
pälvima,,el,16,7,3,0,1,5,4,"('UNK', 'actor', 'event', 'loc')",43.75,18.75,0.0,6.25,31.25
pärinema,,abl,25,15,8,0,0,2,3,"('UNK', 'actor', 'loc')",60.0,32.0,0.0,0.0,8.0
pärinema,,el,22,21,0,0,0,1,2,"('UNK', 'loc')",95.45454545454545,0.0,0.0,0.0,4.545454545454546
pääsema,,el,27,20,1,1,1,4,5,"('UNK', 'actor', 'event', 'loc', 'time')",74.07407407407408,3.7037037037037033,3.7037037037037033,3.7037037037037033,14.814814814814813
pääsema,,in,35,30,1,0,0,4,3,"('UNK', 'actor', 'loc')",85.71428571428571,2.857142857142857,0.0,0.0,11.428571428571429
pääsema,ligi,all,17,14,1,0,0,2,3,"('UNK', 'actor', 'loc')",82.35294117647058,5.88235294117647,0.0,0.0,11.76470588235294
päästma,,in,13,11,0,0,1,1,3,"('UNK', 'event', 'loc')",84.61538461538461,0.0,0.0,7.6923076923076925,7.6923076923076925
põgenema,,in,9,3,0,2,0,4,3,"('UNK', 'loc', 'time')",33.33333333333333,0.0,22.22222222222222,0.0,44.44444444444444
põhjendama,,all,19,13,2,0,0,4,3,"('UNK', 'actor', 'loc')",68.42105263157895,10.526315789473683,0.0,0.0,21.052631578947366
põhjendama,,in,21,18,0,1,0,2,3,"('UNK', 'loc', 'time')",85.71428571428571,0.0,4.761904761904762,0.0,9.523809523809524
põlema,,ad,30,16,3,7,0,4,4,"('UNK', 'actor', 'loc', 'time')",53.333333333333336,10.0,23.333333333333332,0.0,13.333333333333334
põlema,maha,ad,7,5,0,1,0,1,3,"('UNK', 'loc', 'time')",71.42857142857143,0.0,14.285714285714285,0.0,14.285714285714285
põletama,,ad,5,4,0,0,0,1,2,"('UNK', 'loc')",80.0,0.0,0.0,0.0,20.0
põrkama,kokku,ad,14,9,0,1,1,3,4,"('UNK', 'event', 'loc', 'time')",64.28571428571429,0.0,7.142857142857142,7.142857142857142,21.428571428571427
põrutama,,all,10,10,0,0,0,0,1,"('loc',)",100.0,0.0,0.0,0.0,0.0
pöörduma,,all,6,5,1,0,0,0,2,"('actor', 'loc')",83.33333333333334,16.666666666666664,0.0,0.0,0.0
pöörduma,,el,14,8,4,1,0,1,4,"('UNK', 'actor', 'loc', 'time')",57.14285714285714,28.57142857142857,7.142857142857142,0.0,7.142857142857142
pöörduma,,in,23,17,0,2,0,4,3,"('UNK', 'loc', 'time')",73.91304347826086,0.0,8.695652173913043,0.0,17.391304347826086
püsima,,ad,32,17,7,2,0,6,4,"('UNK', 'actor', 'loc', 'time')",53.125,21.875,6.25,0.0,18.75
püsima,,in,24,19,0,0,0,5,2,"('UNK', 'loc')",79.16666666666666,0.0,0.0,0.0,20.833333333333336
püüdma,,el,24,15,1,0,1,7,4,"('UNK', 'actor', 'event', 'loc')",62.5,4.166666666666666,0.0,4.166666666666666,29.166666666666668
rahuldama,,in,8,4,0,2,0,2,3,"('UNK', 'loc', 'time')",50.0,0.0,25.0,0.0,25.0
randuma,,ad,4,3,0,1,0,0,2,"('loc', 'time')",75.0,0.0,25.0,0.0,0.0
raputama,,in,8,6,0,0,0,2,2,"('UNK', 'loc')",75.0,0.0,0.0,0.0,25.0
realiseerima,,in,6,2,1,2,0,1,4,"('UNK', 'actor', 'loc', 'time')",33.33333333333333,16.666666666666664,33.33333333333333,0.0,16.666666666666664
rebima,välja,el,6,6,0,0,0,0,1,"('loc',)",100.0,0.0,0.0,0.0,0.0
reetma,,in,11,10,0,1,0,0,2,"('loc', 'time')",90.9090909090909,0.0,9.090909090909092,0.0,0.0
registreerima,,in,11,9,0,1,0,1,3,"('UNK', 'loc', 'time')",81.81818181818183,0.0,9.090909090909092,0.0,9.090909090909092
rentima,,all,14,8,4,0,0,2,3,"('UNK', 'actor', 'loc')",57.14285714285714,28.57142857142857,0.0,0.0,14.285714285714285
rippuma,,ad,16,6,2,2,0,6,4,"('UNK', 'actor', 'loc', 'time')",37.5,12.5,12.5,0.0,37.5
ristuma,,in,5,5,0,0,0,0,1,"('loc',)",100.0,0.0,0.0,0.0,0.0
rulluma,,ad,3,3,0,0,0,0,1,"('loc',)",100.0,0.0,0.0,0.0,0.0
ruttama,,all,9,8,0,0,1,0,2,"('event', 'loc')",88.88888888888889,0.0,0.0,11.11111111111111,0.0
rääkima,,abl,14,9,3,0,0,2,3,"('UNK', 'actor', 'loc')",64.28571428571429,21.428571428571427,0.0,0.0,14.285714285714285
ründama,,el,10,8,2,0,0,0,2,"('actor', 'loc')",80.0,20.0,0.0,0.0,0.0
rüüstama,,ad,2,1,0,1,0,0,2,"('loc', 'time')",50.0,0.0,50.0,0.0,0.0
saabuma,,all,21,16,2,1,0,2,4,"('UNK', 'actor', 'loc', 'time')",76.19047619047619,9.523809523809524,4.761904761904762,0.0,9.523809523809524
saabuma,,in,27,18,0,2,1,6,4,"('UNK', 'event', 'loc', 'time')",66.66666666666666,0.0,7.4074074074074066,3.7037037037037033,22.22222222222222
saama,,abl,34,28,6,0,0,0,2,"('actor', 'loc')",82.35294117647058,17.647058823529413,0.0,0.0,0.0
saama,,el,19,13,4,0,0,2,3,"('UNK', 'actor', 'loc')",68.42105263157895,21.052631578947366,0.0,0.0,10.526315789473683
saama,,in,29,27,1,0,1,0,3,"('actor', 'event', 'loc')",93.10344827586206,3.4482758620689653,0.0,3.4482758620689653,0.0
saama,kokku,el,13,4,1,1,0,7,4,"('UNK', 'actor', 'loc', 'time')",30.76923076923077,7.6923076923076925,7.6923076923076925,0.0,53.84615384615385
saama,pihta,in,1,1,0,0,0,0,1,"('loc',)",100.0,0.0,0.0,0.0,0.0
saama,valmis,in,11,7,0,2,0,2,3,"('UNK', 'loc', 'time')",63.63636363636363,0.0,18.181818181818183,0.0,18.181818181818183
saama,vastu,in,10,8,0,1,1,0,3,"('event', 'loc', 'time')",80.0,0.0,10.0,10.0,0.0
saama,võidu,in,4,4,0,0,0,0,1,"('loc',)",100.0,0.0,0.0,0.0,0.0
saatma,,all,29,24,3,0,0,2,3,"('UNK', 'actor', 'loc')",82.75862068965517,10.344827586206897,0.0,0.0,6.896551724137931
saatma,,el,26,17,5,1,0,3,4,"('UNK', 'actor', 'loc', 'time')",65.38461538461539,19.230769230769234,3.8461538461538463,0.0,11.538461538461538
saatma,,in,29,20,1,3,0,5,4,"('UNK', 'actor', 'loc', 'time')",68.96551724137932,3.4482758620689653,10.344827586206897,0.0,17.24137931034483
saatma,edasi,all,3,3,0,0,0,0,1,"('loc',)",100.0,0.0,0.0,0.0,0.0
sattuma,,all,34,27,1,0,1,5,4,"('UNK', 'actor', 'event', 'loc')",79.41176470588235,2.941176470588235,0.0,2.941176470588235,14.705882352941178
sattuma,,el,29,19,2,1,1,6,5,"('UNK', 'actor', 'event', 'loc', 'time')",65.51724137931035,6.896551724137931,3.4482758620689653,3.4482758620689653,20.689655172413794
seadma,,all,29,15,5,0,1,8,4,"('UNK', 'actor', 'event', 'loc')",51.724137931034484,17.24137931034483,0.0,3.4482758620689653,27.586206896551722
seisma,,ad,34,20,6,2,2,4,5,"('UNK', 'actor', 'event', 'loc', 'time')",58.82352941176471,17.647058823529413,5.88235294117647,5.88235294117647,11.76470588235294
seisma,,el,34,18,3,0,1,12,4,"('UNK', 'actor', 'event', 'loc')",52.94117647058824,8.823529411764707,0.0,2.941176470588235,35.294117647058826
seisma,ees,all,2,1,0,0,0,1,2,"('UNK', 'loc')",50.0,0.0,0.0,0.0,50.0
seletama,,el,9,3,3,0,0,3,3,"('UNK', 'actor', 'loc')",33.33333333333333,33.33333333333333,0.0,0.0,33.33333333333333
selgitama,,el,22,15,2,1,0,4,4,"('UNK', 'actor', 'loc', 'time')",68.18181818181817,9.090909090909092,4.545454545454546,0.0,18.181818181818183
selguma,,in,25,20,0,1,2,2,4,"('UNK', 'event', 'loc', 'time')",80.0,0.0,4.0,8.0,8.0
seljatama,,in,5,3,2,0,0,0,2,"('actor', 'loc')",60.0,40.0,0.0,0.0,0.0
sisaldama,,el,24,12,0,1,1,10,4,"('UNK', 'event', 'loc', 'time')",50.0,0.0,4.166666666666666,4.166666666666666,41.66666666666667
soosima,,all,1,0,1,0,0,0,1,"('actor',)",0.0,100.0,0.0,0.0,0.0
soovima,,abl,30,18,9,0,0,3,3,"('UNK', 'actor', 'loc')",60.0,30.0,0.0,0.0,10.0
soovitama,,abl,1,1,0,0,0,0,1,"('loc',)",100.0,0.0,0.0,0.0,0.0
soovitama,,el,29,17,1,1,0,10,4,"('UNK', 'actor', 'loc', 'time')",58.620689655172406,3.4482758620689653,3.4482758620689653,0.0,34.48275862068966
suitsetama,,ad,2,2,0,0,0,0,1,"('loc',)",100.0,0.0,0.0,0.0,0.0
sulama,,in,5,5,0,0,0,0,1,"('loc',)",100.0,0.0,0.0,0.0,0.0
surema,,all,3,2,0,0,0,1,2,"('UNK', 'loc')",66.66666666666666,0.0,0.0,0.0,33.33333333333333
suunama,,el,8,5,1,0,0,2,3,"('UNK', 'actor', 'loc')",62.5,12.5,0.0,0.0,25.0
suurendama,,all,12,6,1,1,0,4,4,"('UNK', 'actor', 'loc', 'time')",50.0,8.333333333333332,8.333333333333332,0.0,33.33333333333333
suurenema,,all,26,13,1,0,3,9,4,"('UNK', 'actor', 'event', 'loc')",50.0,3.8461538461538463,0.0,11.538461538461538,34.61538461538461
suurenema,,in,29,25,0,2,0,2,3,"('UNK', 'loc', 'time')",86.20689655172413,0.0,6.896551724137931,0.0,6.896551724137931
suutma,,in,20,17,1,1,0,1,4,"('UNK', 'actor', 'loc', 'time')",85.0,5.0,5.0,0.0,5.0
säilima,,ad,27,11,6,2,2,6,5,"('UNK', 'actor', 'event', 'loc', 'time')",40.74074074074074,22.22222222222222,7.4074074074074066,7.4074074074074066,22.22222222222222
säilima,,el,16,13,0,2,0,1,3,"('UNK', 'loc', 'time')",81.25,0.0,12.5,0.0,6.25
sättima,,all,17,12,2,0,0,3,3,"('UNK', 'actor', 'loc')",70.58823529411765,11.76470588235294,0.0,0.0,17.647058823529413
sõdima,,ad,3,2,0,0,0,1,2,"('UNK', 'loc')",66.66666666666666,0.0,0.0,0.0,33.33333333333333
sõdima,,in,6,4,0,1,0,1,3,"('UNK', 'loc', 'time')",66.66666666666666,0.0,16.666666666666664,0.0,16.666666666666664
sõitma,,all,31,25,5,0,0,1,3,"('UNK', 'actor', 'loc')",80.64516129032258,16.129032258064516,0.0,0.0,3.225806451612903
sõitma,,in,24,22,0,0,0,2,2,"('UNK', 'loc')",91.66666666666666,0.0,0.0,0.0,8.333333333333332
sõitma,ette,ad,3,2,1,0,0,0,2,"('actor', 'loc')",66.66666666666666,33.33333333333333,0.0,0.0,0.0
sõitma,kokku,ad,3,2,0,0,0,1,2,"('UNK', 'loc')",66.66666666666666,0.0,0.0,0.0,33.33333333333333
sõitma,kokku,all,5,5,0,0,0,0,1,"('loc',)",100.0,0.0,0.0,0.0,0.0
sõitma,otsa,ad,6,5,0,0,0,1,2,"('UNK', 'loc')",83.33333333333334,0.0,0.0,0.0,16.666666666666664
sõitma,ringi,ad,3,1,0,0,1,1,3,"('UNK', 'event', 'loc')",33.33333333333333,0.0,0.0,33.33333333333333,33.33333333333333
sõitma,"tagant, otsa",ad,1,0,0,1,0,0,1,"('time',)",0.0,0.0,100.0,0.0,0.0
sõitma,vastu,ad,5,3,0,1,0,1,3,"('UNK', 'loc', 'time')",60.0,0.0,20.0,0.0,20.0
sõitma,välja,ad,11,5,0,5,0,1,3,"('UNK', 'loc', 'time')",45.45454545454545,0.0,45.45454545454545,0.0,9.090909090909092
sõlmima,,all,6,5,0,0,0,1,2,"('UNK', 'loc')",83.33333333333334,0.0,0.0,0.0,16.666666666666664
sõlmima,,in,25,17,1,1,1,5,5,"('UNK', 'actor', 'event', 'loc', 'time')",68.0,4.0,4.0,4.0,20.0
sõnama,,all,22,15,5,0,0,2,3,"('UNK', 'actor', 'loc')",68.18181818181817,22.727272727272727,0.0,0.0,9.090909090909092
sõnama,,el,12,8,3,0,0,1,3,"('UNK', 'actor', 'loc')",66.66666666666666,25.0,0.0,0.0,8.333333333333332
süttima,,ad,21,13,2,2,1,3,5,"('UNK', 'actor', 'event', 'loc', 'time')",61.904761904761905,9.523809523809524,9.523809523809524,4.761904761904762,14.285714285714285
süvendama,,in,4,4,0,0,0,0,1,"('loc',)",100.0,0.0,0.0,0.0,0.0
süüdistama,,all,9,5,0,0,2,2,3,"('UNK', 'event', 'loc')",55.55555555555556,0.0,0.0,22.22222222222222,22.22222222222222
süütama,,ad,7,4,0,2,0,1,3,"('UNK', 'loc', 'time')",57.14285714285714,0.0,28.57142857142857,0.0,14.285714285714285
tabama,,el,28,19,5,0,1,3,4,"('UNK', 'actor', 'event', 'loc')",67.85714285714286,17.857142857142858,0.0,3.571428571428571,10.714285714285714
taganema,,el,9,7,0,0,0,2,2,"('UNK', 'loc')",77.77777777777779,0.0,0.0,0.0,22.22222222222222
taganema,,in,4,2,0,0,0,2,2,"('UNK', 'loc')",50.0,0.0,0.0,0.0,50.0
tagurdama,otsa,ad,1,0,1,0,0,0,1,"('actor',)",0.0,100.0,0.0,0.0,0.0
tahtma,,abl,37,19,11,0,0,7,3,"('UNK', 'actor', 'loc')",51.35135135135135,29.72972972972973,0.0,0.0,18.91891891891892
taipama,,in,3,1,0,1,0,1,3,"('UNK', 'loc', 'time')",33.33333333333333,0.0,33.33333333333333,0.0,33.33333333333333
tajuma,,in,16,11,0,0,1,4,3,"('UNK', 'event', 'loc')",68.75,0.0,0.0,6.25,25.0
takistama,,ad,18,8,8,0,2,0,3,"('actor', 'event', 'loc')",44.44444444444444,44.44444444444444,0.0,11.11111111111111,0.0
taluma,,ad,2,1,0,1,0,0,2,"('loc', 'time')",50.0,0.0,50.0,0.0,0.0
tantsima,,in,18,15,0,0,0,3,2,"('UNK', 'loc')",83.33333333333334,0.0,0.0,0.0,16.666666666666664
taotlema,,el,20,15,2,0,0,3,3,"('UNK', 'actor', 'loc')",75.0,10.0,0.0,0.0,15.0
tasuma,,all,25,11,9,0,0,5,3,"('UNK', 'actor', 'loc')",44.0,36.0,0.0,0.0,20.0
teadma,,abl,14,6,5,0,0,3,3,"('UNK', 'actor', 'loc')",42.857142857142854,35.714285714285715,0.0,0.0,21.428571428571427
teatama,,all,29,18,8,0,0,3,3,"('UNK', 'actor', 'loc')",62.06896551724138,27.586206896551722,0.0,0.0,10.344827586206897
teatama,,in,22,17,2,1,1,1,5,"('UNK', 'actor', 'event', 'loc', 'time')",77.27272727272727,9.090909090909092,4.545454545454546,4.545454545454546,4.545454545454546
teenindama,,in,8,6,0,0,0,2,2,"('UNK', 'loc')",75.0,0.0,0.0,0.0,25.0
tegelema,,abl,2,1,0,0,0,1,2,"('UNK', 'loc')",50.0,0.0,0.0,0.0,50.0
tegema,,abl,30,17,3,1,0,9,4,"('UNK', 'actor', 'loc', 'time')",56.666666666666664,10.0,3.3333333333333335,0.0,30.0
tegema,,all,23,16,6,0,0,1,3,"('UNK', 'actor', 'loc')",69.56521739130434,26.08695652173913,0.0,0.0,4.3478260869565215
tegutsema,,ad,30,24,1,3,1,1,5,"('UNK', 'actor', 'event', 'loc', 'time')",80.0,3.3333333333333335,10.0,3.3333333333333335,3.3333333333333335
tekitama,,ad,35,21,6,3,2,3,5,"('UNK', 'actor', 'event', 'loc', 'time')",60.0,17.142857142857142,8.571428571428571,5.714285714285714,8.571428571428571
tekitama,,in,22,16,1,0,0,5,3,"('UNK', 'actor', 'loc')",72.72727272727273,4.545454545454546,0.0,0.0,22.727272727272727
tekkima,,abl,6,2,2,1,0,1,4,"('UNK', 'actor', 'loc', 'time')",33.33333333333333,33.33333333333333,16.666666666666664,0.0,16.666666666666664
tekkima,,all,33,26,5,0,0,2,3,"('UNK', 'actor', 'loc')",78.78787878787878,15.151515151515152,0.0,0.0,6.0606060606060606
tellima,,abl,30,17,11,0,0,2,3,"('UNK', 'actor', 'loc')",56.666666666666664,36.666666666666664,0.0,0.0,6.666666666666667
toetama,,all,24,18,3,0,0,3,3,"('UNK', 'actor', 'loc')",75.0,12.5,0.0,0.0,12.5
toetama,,in,25,18,0,1,0,6,3,"('UNK', 'loc', 'time')",72.0,0.0,4.0,0.0,24.0
toimuma,,el,30,22,1,2,1,4,5,"('UNK', 'actor', 'event', 'loc', 'time')",73.33333333333333,3.3333333333333335,6.666666666666667,3.3333333333333335,13.333333333333334
tooma,,abl,29,24,4,0,0,1,3,"('UNK', 'actor', 'loc')",82.75862068965517,13.793103448275861,0.0,0.0,3.4482758620689653
tooma,,all,25,23,2,0,0,0,2,"('actor', 'loc')",92.0,8.0,0.0,0.0,0.0
tooma,,in,19,13,3,0,0,3,3,"('UNK', 'actor', 'loc')",68.42105263157895,15.789473684210526,0.0,0.0,15.789473684210526
tooma,kaasa,all,33,20,10,0,0,3,3,"('UNK', 'actor', 'loc')",60.60606060606061,30.303030303030305,0.0,0.0,9.090909090909092
tooma,sisse,all,16,10,3,0,0,3,3,"('UNK', 'actor', 'loc')",62.5,18.75,0.0,0.0,18.75
tooma,võidu,all,6,6,0,0,0,0,1,"('loc',)",100.0,0.0,0.0,0.0,0.0
tootma,,all,18,15,0,0,1,2,3,"('UNK', 'event', 'loc')",83.33333333333334,0.0,0.0,5.555555555555555,11.11111111111111
tormama,,all,22,17,5,0,0,0,2,"('actor', 'loc')",77.27272727272727,22.727272727272727,0.0,0.0,0.0
treenima,,ad,13,9,0,2,0,2,3,"('UNK', 'loc', 'time')",69.23076923076923,0.0,15.384615384615385,0.0,15.384615384615385
triivima,,ad,1,0,0,0,0,1,1,"('UNK',)",0.0,0.0,0.0,0.0,100.0
tulema,,abl,31,23,7,0,0,1,3,"('UNK', 'actor', 'loc')",74.19354838709677,22.58064516129032,0.0,0.0,3.225806451612903
tulema,,all,29,21,8,0,0,0,2,"('actor', 'loc')",72.41379310344827,27.586206896551722,0.0,0.0,0.0
tulema,,in,29,27,2,0,0,0,2,"('actor', 'loc')",93.10344827586206,6.896551724137931,0.0,0.0,0.0
tulema,juurde,all,5,3,1,0,0,1,3,"('UNK', 'actor', 'loc')",60.0,20.0,0.0,0.0,20.0
tulema,tagasi,abl,16,16,0,0,0,0,1,"('loc',)",100.0,0.0,0.0,0.0,0.0
tulema,välja,el,29,22,0,1,1,5,4,"('UNK', 'event', 'loc', 'time')",75.86206896551724,0.0,3.4482758620689653,3.4482758620689653,17.24137931034483
tulema,välja,in,23,19,0,1,0,3,3,"('UNK', 'loc', 'time')",82.6086956521739,0.0,4.3478260869565215,0.0,13.043478260869565
tundma,,abl,4,2,0,0,0,2,2,"('UNK', 'loc')",50.0,0.0,0.0,0.0,50.0
tunduma,,in,29,21,0,2,0,6,3,"('UNK', 'loc', 'time')",72.41379310344827,0.0,6.896551724137931,0.0,20.689655172413794
tungima,kallale,ad,5,4,0,1,0,0,2,"('loc', 'time')",80.0,0.0,20.0,0.0,0.0
tunglema,,ad,4,4,0,0,0,0,1,"('loc',)",100.0,0.0,0.0,0.0,0.0
tunnistama,,all,34,20,6,0,3,5,4,"('UNK', 'actor', 'event', 'loc')",58.82352941176471,17.647058823529413,0.0,8.823529411764707,14.705882352941178
tunnistama,,in,33,18,3,2,5,5,5,"('UNK', 'actor', 'event', 'loc', 'time')",54.54545454545454,9.090909090909092,6.0606060606060606,15.151515151515152,15.151515151515152
tutvustama,,el,12,5,3,1,1,2,5,"('UNK', 'actor', 'event', 'loc', 'time')",41.66666666666667,25.0,8.333333333333332,8.333333333333332,16.666666666666664
tähendama,,adit,12,8,1,0,0,3,3,"('UNK', 'actor', 'loc')",66.66666666666666,8.333333333333332,0.0,0.0,25.0
tähendama,,all,29,16,11,1,0,1,4,"('UNK', 'actor', 'loc', 'time')",55.172413793103445,37.93103448275862,3.4482758620689653,0.0,3.4482758620689653
tähistama,,adit,4,3,0,0,0,1,2,"('UNK', 'loc')",75.0,0.0,0.0,0.0,25.0
täituma,,in,10,7,0,0,0,3,2,"('UNK', 'loc')",70.0,0.0,0.0,0.0,30.0
tõmbama,,all,25,15,0,0,0,10,2,"('UNK', 'loc')",60.0,0.0,0.0,0.0,40.0
tõmbama,,el,32,23,2,0,0,7,3,"('UNK', 'actor', 'loc')",71.875,6.25,0.0,0.0,21.875
tõstma,,in,30,25,1,0,0,4,3,"('UNK', 'actor', 'loc')",83.33333333333334,3.3333333333333335,0.0,0.0,13.333333333333334
tõstma,üles,el,3,3,0,0,0,0,1,"('loc',)",100.0,0.0,0.0,0.0,0.0
tõttama,,all,23,20,3,0,0,0,2,"('actor', 'loc')",86.95652173913044,13.043478260869565,0.0,0.0,0.0
tõukama,,ill,1,1,0,0,0,0,1,"('loc',)",100.0,0.0,0.0,0.0,0.0
tõusma,,adit,20,17,1,0,1,1,4,"('UNK', 'actor', 'event', 'loc')",85.0,5.0,0.0,5.0,5.0
tõusma,,all,24,9,1,0,1,13,4,"('UNK', 'actor', 'event', 'loc')",37.5,4.166666666666666,0.0,4.166666666666666,54.166666666666664
tõusma,esile,in,9,8,0,0,0,1,2,"('UNK', 'loc')",88.88888888888889,0.0,0.0,0.0,11.11111111111111
töötama,,ad,24,8,3,4,1,8,5,"('UNK', 'actor', 'event', 'loc', 'time')",33.33333333333333,12.5,16.666666666666664,4.166666666666666,33.33333333333333
ulatuma,,ill,17,16,0,0,0,1,2,"('UNK', 'loc')",94.11764705882352,0.0,0.0,0.0,5.88235294117647
unistama,,el,39,20,2,0,2,15,4,"('UNK', 'actor', 'event', 'loc')",51.28205128205128,5.128205128205128,0.0,5.128205128205128,38.46153846153847
unistama,,in,11,10,0,1,0,0,2,"('loc', 'time')",90.9090909090909,0.0,9.090909090909092,0.0,0.0
ununema,,in,4,2,0,0,0,2,2,"('UNK', 'loc')",50.0,0.0,0.0,0.0,50.0
unustama,,all,10,5,2,0,0,3,3,"('UNK', 'actor', 'loc')",50.0,20.0,0.0,0.0,30.0
unustama,,in,7,5,0,1,0,1,3,"('UNK', 'loc', 'time')",71.42857142857143,0.0,14.285714285714285,0.0,14.285714285714285
uppuma,,ad,9,6,0,2,1,0,3,"('event', 'loc', 'time')",66.66666666666666,0.0,22.22222222222222,11.11111111111111,0.0
uurima,,el,14,9,0,1,0,4,3,"('UNK', 'loc', 'time')",64.28571428571429,0.0,7.142857142857142,0.0,28.57142857142857
vaatama,,el,16,11,0,0,1,4,3,"('UNK', 'event', 'loc')",68.75,0.0,0.0,6.25,25.0
vaatama,,ill,12,10,0,1,0,1,3,"('UNK', 'loc', 'time')",83.33333333333334,0.0,8.333333333333332,0.0,8.333333333333332
vabanema,,in,12,9,1,0,0,2,3,"('UNK', 'actor', 'loc')",75.0,8.333333333333332,0.0,0.0,16.666666666666664
vabastama,,in,4,3,0,0,0,1,2,"('UNK', 'loc')",75.0,0.0,0.0,0.0,25.0
vahendama,,abl,5,1,2,0,0,2,3,"('UNK', 'actor', 'loc')",20.0,40.0,0.0,0.0,40.0
vahetama,,all,4,0,1,0,0,3,2,"('UNK', 'actor')",0.0,25.0,0.0,0.0,75.0
vajama,,abl,16,7,4,0,0,5,3,"('UNK', 'actor', 'loc')",43.75,25.0,0.0,0.0,31.25
valama,,all,17,10,3,0,1,3,4,"('UNK', 'actor', 'event', 'loc')",58.82352941176471,17.647058823529413,0.0,5.88235294117647,17.647058823529413
valitsema,,ad,28,16,1,7,2,2,5,"('UNK', 'actor', 'event', 'loc', 'time')",57.14285714285714,3.571428571428571,25.0,7.142857142857142,7.142857142857142
vallutama,,in,5,3,0,0,1,1,3,"('UNK', 'event', 'loc')",60.0,0.0,0.0,20.0,20.0
valmima,,el,21,12,2,1,0,6,4,"('UNK', 'actor', 'loc', 'time')",57.14285714285714,9.523809523809524,4.761904761904762,0.0,28.57142857142857
valmistuma,,all,6,5,1,0,0,0,2,"('actor', 'loc')",83.33333333333334,16.666666666666664,0.0,0.0,0.0
vanduma,alla,in,1,1,0,0,0,0,1,"('loc',)",100.0,0.0,0.0,0.0,0.0
vastama,,abl,14,6,2,0,0,6,3,"('UNK', 'actor', 'loc')",42.857142857142854,14.285714285714285,0.0,0.0,42.857142857142854
vastutama,,ad,5,4,0,0,0,1,2,"('UNK', 'loc')",80.0,0.0,0.0,0.0,20.0
vedama,,all,18,18,0,0,0,0,1,"('loc',)",100.0,0.0,0.0,0.0,0.0
vedama,,in,23,18,0,3,0,2,3,"('UNK', 'loc', 'time')",78.26086956521739,0.0,13.043478260869565,0.0,8.695652173913043
vigastama,,in,18,16,0,0,1,1,3,"('UNK', 'event', 'loc')",88.88888888888889,0.0,0.0,5.555555555555555,5.555555555555555
viigistama,,in,13,10,1,1,0,1,4,"('UNK', 'actor', 'loc', 'time')",76.92307692307693,7.6923076923076925,7.6923076923076925,0.0,7.6923076923076925
viima,,all,30,22,0,0,1,7,3,"('UNK', 'event', 'loc')",73.33333333333333,0.0,0.0,3.3333333333333335,23.333333333333332
viima,,in,23,16,0,1,1,5,4,"('UNK', 'event', 'loc', 'time')",69.56521739130434,0.0,4.3478260869565215,4.3478260869565215,21.73913043478261
viima,läbi,el,1,1,0,0,0,0,1,"('loc',)",100.0,0.0,0.0,0.0,0.0
viima,välja,el,14,12,0,0,0,2,2,"('UNK', 'loc')",85.71428571428571,0.0,0.0,0.0,14.285714285714285
visandama,,el,5,3,0,1,0,1,3,"('UNK', 'loc', 'time')",60.0,0.0,20.0,0.0,20.0
viskama,,in,23,17,2,0,0,4,3,"('UNK', 'actor', 'loc')",73.91304347826086,8.695652173913043,0.0,0.0,17.391304347826086
vormistama,,in,8,6,0,0,1,1,3,"('UNK', 'event', 'loc')",75.0,0.0,0.0,12.5,12.5
vägistama,,ad,2,1,0,0,0,1,2,"('UNK', 'loc')",50.0,0.0,0.0,0.0,50.0
vähendama,,all,16,6,3,1,1,5,5,"('UNK', 'actor', 'event', 'loc', 'time')",37.5,18.75,6.25,6.25,31.25
vähendama,,ill,5,4,0,0,0,1,2,"('UNK', 'loc')",80.0,0.0,0.0,0.0,20.0
vähenema,,all,27,7,1,1,0,18,4,"('UNK', 'actor', 'loc', 'time')",25.925925925925924,3.7037037037037033,3.7037037037037033,0.0,66.66666666666666
väitma,,el,12,8,1,0,1,2,4,"('UNK', 'actor', 'event', 'loc')",66.66666666666666,8.333333333333332,0.0,8.333333333333332,16.666666666666664
väitma,,in,24,19,2,1,0,2,4,"('UNK', 'actor', 'loc', 'time')",79.16666666666666,8.333333333333332,4.166666666666666,0.0,8.333333333333332
välistama,,all,9,3,2,0,1,3,4,"('UNK', 'actor', 'event', 'loc')",33.33333333333333,22.22222222222222,0.0,11.11111111111111,33.33333333333333
vältima,,in,15,14,0,1,0,0,2,"('loc', 'time')",93.33333333333333,0.0,6.666666666666667,0.0,0.0
võimutsema,,ad,8,4,0,4,0,0,2,"('loc', 'time')",50.0,0.0,50.0,0.0,0.0
võitlema,,all,12,9,1,0,0,2,3,"('UNK', 'actor', 'loc')",75.0,8.333333333333332,0.0,0.0,16.666666666666664
võitlema,,in,37,29,1,0,1,6,4,"('UNK', 'actor', 'event', 'loc')",78.37837837837837,2.7027027027027026,0.0,2.7027027027027026,16.216216216216218
võitma,,all,17,6,0,0,2,9,3,"('UNK', 'event', 'loc')",35.294117647058826,0.0,0.0,11.76470588235294,52.94117647058824
võlgnema,,all,25,17,3,0,1,4,4,"('UNK', 'actor', 'event', 'loc')",68.0,12.0,0.0,4.0,16.0
võluma,,in,7,4,0,1,0,2,3,"('UNK', 'loc', 'time')",57.14285714285714,0.0,14.285714285714285,0.0,28.57142857142857
võrsuma,,el,16,15,0,0,0,1,2,"('UNK', 'loc')",93.75,0.0,0.0,0.0,6.25
võtma,,all,26,14,1,0,1,10,4,"('UNK', 'actor', 'event', 'loc')",53.84615384615385,3.8461538461538463,0.0,3.8461538461538463,38.46153846153847
võtma,ette,el,4,3,0,0,0,1,2,"('UNK', 'loc')",75.0,0.0,0.0,0.0,25.0
võtma,ette,in,13,8,0,1,1,3,4,"('UNK', 'event', 'loc', 'time')",61.53846153846154,0.0,7.6923076923076925,7.6923076923076925,23.076923076923077
võtma,kokku,in,15,12,0,0,0,3,2,"('UNK', 'loc')",80.0,0.0,0.0,0.0,20.0
võtma,sisse,ad,8,5,0,2,0,1,3,"('UNK', 'loc', 'time')",62.5,0.0,25.0,0.0,12.5
võõrandama,,all,1,1,0,0,0,0,1,"('loc',)",100.0,0.0,0.0,0.0,0.0
õitsema,,ad,10,8,0,2,0,0,2,"('loc', 'time')",80.0,0.0,20.0,0.0,0.0
õnnestuma,,el,23,13,3,0,0,7,3,"('UNK', 'actor', 'loc')",56.52173913043478,13.043478260869565,0.0,0.0,30.434782608695656
õppima,,ad,19,13,1,3,1,1,5,"('UNK', 'actor', 'event', 'loc', 'time')",68.42105263157895,5.263157894736842,15.789473684210526,5.263157894736842,5.263157894736842
ööbima,,ad,5,4,0,1,0,0,2,"('loc', 'time')",80.0,0.0,20.0,0.0,0.0
ühinema,,in,18,11,0,2,0,5,3,"('UNK', 'loc', 'time')",61.111111111111114,0.0,11.11111111111111,0.0,27.77777777777778
ületama,,in,28,15,1,3,2,7,5,"('UNK', 'actor', 'event', 'loc', 'time')",53.57142857142857,3.571428571428571,10.714285714285714,7.142857142857142,25.0
ütlema,,adit,8,7,1,0,0,0,2,"('actor', 'loc')",87.5,12.5,0.0,0.0,0.0
ütlema,,all,29,12,15,0,0,2,3,"('UNK', 'actor', 'loc')",41.37931034482759,51.724137931034484,0.0,0.0,6.896551724137931
ütlema,,el,24,19,2,0,0,3,3,"('UNK', 'actor', 'loc')",79.16666666666666,8.333333333333332,0.0,0.0,12.5
ütlema,välja,in,7,6,0,0,0,1,2,"('UNK', 'loc')",85.71428571428571,0.0,0.0,0.0,14.285714285714285
üürima,,abl,3,1,2,0,0,0,2,"('actor', 'loc')",33.33333333333333,66.66666666666666,0.0,0.0,0.0
