"word","koht","aeg","seisund","sündmus","other_types"
"9/11",,✓,,✓,
aastakäik,,✓,,,ese_semio
aastaring,,✓,,,esitus_kujutis
aastatagune,,✓,,,omadus_aeg
aastatuhat,,✓,,,esitus
aatomielektrijaam,✓,,,,esitus
abiellumisealine,,✓,,,omadus
abilöök,,,,✓,tegevus
abistamisfond,✓,,,,abstr/konkr
abitelefon,✓,,,,abstr/konkr
abjekt,,,✓,,abstr/konkr_omadus
abjektsioon,,,✓,,abstr/konkr_omadus
abjektsus,,,✓,,abstr/konkr_omadus
ablatsioon,,,✓,,nähtus_loodus
aborditegija,✓,,,,in_tegija
abort,,,✓,,tegevus_tegu
abstinentsinäht,,,✓,,nähtus
administratiivüksus,✓,,,,abstr/konkr
admiraliteet,✓,,,,in_tegija
adressaat,✓,,,,in_omadus
adressant,✓,,,,in_omadus
aed,✓,,,,ese_instru
aeroobika,,,,✓,vald
aerutõmme,✓,,,,tegevus_tegu
aevastus,,,✓,,tegevus_tegu
afoonia,,,✓,,nähtus
agentuur,✓,,,,in_elukutse
aglomeraat,✓,,,,materjal/aine
agoraa,✓,,,✓,
agressiivsus,,,✓,,tegevus
agu,,✓,,,nähtus_loodus
ahelik,✓,,,,abstr/konkr
ahelreaktsioon,,,,✓,nähtus_füüs
ahjuesine,✓,,,,omadus_koht
ahjukapp,✓,,,,ese
ahjunurk,✓,,,,ese_instru
ahjupealne,✓,,,,omadus_koht
ahtus,✓,,,,omadus_füüs
ahu,✓,,,,ese_kunst
aiand,✓,,,,abstr/konkr
aianduskooperatiiv,✓,,,,esitus
aiandusühistu,✓,,,,esitus
aiatagune,✓,,,,omadus_koht
aidatud tuntus,,,✓,,omadus_kval
ainering,✓,,,,vald
ainuvalitsus,,,✓,,abstr/konkr
ajahäda,,✓,,,abstr
ajakadu,,✓,,,nähtus
ajakaotus,,✓,,,nähtus
ajakapsel,✓,,,,ese_instru
ajake,,✓,,,esitus_keel_suhtlus
ajakene,,✓,,,esitus_keel_suhtlus
ajaraisk,,✓,,,tegevus
ajaraiskamine,,✓,,,tegevus
ajastus,,✓,,,tegevus_tegu
ajasõit,,,,✓,tegevus
ajasääst,,✓,,✓,
ajateenistus,,,✓,,tegevus
ajavõit,,✓,,✓,
ajavöönd,✓,✓,,,
ajurünnak,,,,✓,tegevus
ajusopp,,,✓,,abstr
ajusurm,,,,✓,nähtus_loodus
akadeemiline kalender,,✓,,,abstr/konkr
akadeemiline tund,,✓,,,esitus
akad t,,✓,,,esitus
aklimatisatsioon,,,✓,,nähtus
ak t,,✓,,,esitus
aktiivne puhkus,,✓,✓,,
aktiivsus- ja tähelepanuhäire,,,✓,,esitus
aktsiakompanii,✓,,,,esitus
aktsiaselts,✓,,,,esitus
akustiline ekraan,✓,,,,konkr
akuutsus,,,✓,,abstr/konkr_omadus
akvaarium,✓,,,,ese_anum
al,,✓,,,esitus
à la carte,✓,,,,omadus_kval
alagrupimäng,,,,✓,tegevus_mäng
alajahtumine,,,✓,,nähtus
alaliit,✓,,,,in_roll
alamalt,✓,,,,abstr
alarahastatus,,,✓,,ese_raha
alarahastus,,,✓,,ese_raha
alates,,✓,,,esitus
algidu,,,✓,,abstr/konkr
algorganisatsioon,✓,,,,inimene
algseis,,,✓,,tegevus
algstaadium,,✓,,,abstr
algus,✓,✓,,,
allaandmine,,,✓,,tegevus
allajäämine,,,✓,✓,
allakäigu spiraal,,,✓,,nähtus
allakäiguspiraal,,,✓,,nähtus
allapoole,✓,,,,abstr
allasurumine,,,✓,,tegevus
allavandumine,,,✓,,tegevus
allergia,,,✓,,omadus_psühh
allilm,✓,,,,in_omadus
allmaailm,✓,,,,in_omadus
allokatsioon,,,✓,,VERB_tegevus
allood,✓,,,,abstr/konkr
allorganisatsioon,✓,,,,inimene
allrentnik,✓,,,,in_roll
alluvus,,,✓,,abstr
allüüriline,✓,,,,in_roll
allüürnik,✓,,,,in_roll
alopeetsia,,,✓,,nähtus_loodus
alpiaas,✓,,,,objekt_loodus
alpiniit,✓,,,,objekt_loodus
altminek,,,✓,✓,
altpoolt,✓,,,,abstr
alusmüür,✓,,,,abstr
aluspõrand,✓,,,,ese
ambulants,✓,,,,ese_instru
ametikõrgendus,,,,✓,tegevus_tegu
ametiliit,✓,,,,abstr/konkr
ametireis,,,,✓,tegevus
ametiseisund,,,✓,,abstr
ametisolek,,,,✓,tegevus
ametisõit,,,,✓,tegevus
ametiühing,✓,,,,abstr/konkr
ametkond,✓,,,,abstr
amneesia,,,✓,,nähtus_psühh
anesteesia,,,✓,,tegevus_tegu
ankurrentnik,✓,,,,in_roll
anosmia,,,✓,,nähtus_loodus
Anschluss,,,,✓,tegevus
anšluss,,,,✓,tegevus
antikliimaks,,,,✓,abstr
antrakt,,✓,,✓,
antree,✓,,,,toit
apartment,✓,,,,osa
apell,,,,✓,tegevus_kõnetegu
apelsinikoorenahk,,,✓,,kehaosa
apelsininahk,,,✓,,kehaosa
apoteoos,,,,✓,tegevus_tegu
apr,,✓,,,esitus
aprillikuu,,✓,,,esitus
aps,,,✓,,tegevus_tegu
apteek,✓,,,,materjal/aine
arapp,,,,✓,tegevus_tegu
arendaja,✓,,,,in_elukutse
arest,,,✓,,abstr/konkr
argipäev,,✓,✓,,
argipäevasus,,,✓,,omadus_kval
argisus,,,✓,,omadus_kval
argus,,,✓,,omadus_psühh
arheoloogiamälestis,✓,,,,objekt
arhiiv,✓,,,,ese_semio
armastusväärsus,,,✓,,tegevus_kõnetegu
armeekorpus,✓,,,,in_elukutse
armurinne,,,✓,,tegevus
arsenal,✓,,,,abstr/konkr
arupidamine,,,,✓,tegevus
arust,,,✓,,abstr
arvamuskorje,,,,✓,tegevus
arvamusküsitlus,,,,✓,tegevus
arvamusuuring,,,,✓,tegevus
arvates,,✓,,,abstr
arvevabrik,✓,,,,tegevus
AS,✓,,,,esitus
asendushooldus,,,✓,,tegevus
asenduskaristus,,,✓,✓,
asjalkäik,,,✓,,tegevus_tegu
asjalkäimine,,,✓,,tegevus_tegu
asjalugu,,,✓,,abstr/konkr
asjaolu,,,✓,,abstr/konkr
asperger,,,✓,,in_omadus
aspirantuur,,✓,,,abstr/konkr
assamblee,✓,,,✓,
assotsiatsioon,✓,,,,abstr
asteeniline,,,✓,,omadus
astenosfäär,✓,,,,osa
astmelaud,✓,,,,ese_instru
asumine,,,✓,,tegevus
asutus,✓,,,,abstr
asümmeetria,,,✓,,omadus_füüs
ATH,,,✓,,esitus
Atlas,✓,,,,in_müt
atoonia,,,✓,,omadus_füüs
auavaldus,,,,✓,tegevus_tegu
auditoorium,✓,,,,inimene
aug,,✓,,,esitus
august,,✓,,,esitus
augustikuu,,✓,,,esitus
aujärg,✓,,,,ese_instru
aukoht,✓,,✓,,
aukõrgendus,,,,✓,tegevus
aura,,,✓,,abstr
auring,,,,✓,tegevus
auruveski,✓,,,,ese_instru
austus,,,✓,,nähtus_psühh
aut,,,✓,,omadus_kval
autasustamine,,,,✓,tegevus
autodafee,,,,✓,tegevus_tegu
autofookus,✓,,,,omadus_füüs
autokauplus,✓,,,,ese_instru
automaatpiloot,,,✓,,ese_instru
autonoomia,,,✓,,abstr/konkr
autoomanik,✓,,,,in_omadus
autopiloot,,,✓,,ese_instru
autoralli,,,,✓,tegevus
auvärav,✓,,,,tegevus_tegu
ava,✓,,,,omadus_kval
avaala,,,,✓,vald
avakõne,,,,✓,ese_semio
avalikkus,,,✓,,inimene
avalik võim,✓,,,,abstr
avalöök,,,,✓,tegevus_tegu
avanemisperiood,,✓,✓,,
avapala,,,,✓,tegevus_tegu
avarii,,,✓,✓,
avastusretk,,,,✓,tegevus
avatakt,,,,✓,ese_kunst
baar,✓,,,,esitus_mõõt
balustraad,✓,,,,ese
banaalsus,,,✓,,tegevus_kõnetegu
bankett,,,,✓,toit
barokkansambel,✓,,,,in_roll
basaar,✓,,,✓,
BC,✓,,,,in_tegija
beebiootele,,,✓,,ADV_seisund
beebit ootama,,,✓,,VERB_seisund
Bermuda kolmnurk,✓,,,,nähtus
betoon,✓,,,,materjal/aine
biblioteek,✓,,,,ese_semio
bioloogiline kell,,✓,,,nähtus_loodus
bioloogiline surm,,,,✓,nähtus_loodus
biomarker,,,✓,,nähtus
bivakk,✓,,,✓,
black box,✓,,,,osa
blackout,,,✓,,omadus_füüs_värv
blokaad,,,✓,,tegevus_tegu
BMW,✓,,,,ese_instru
boks,✓,,,,ese_instru
boutique,✓,,,,esitus
brigaad,✓,,,,inimene
briljantpulm,,✓,,✓,
brutopind,✓,,,,omadus_füüs
Brüssel,✓,,,,in_roll
bufonaad,,,,✓,esitus
bumerang,,,✓,,ese_instru
bussipark,✓,,,,ese_instru
büroo,✓,,,,inimene
Camembert,✓,,,,toit
check-in,✓,,,,tegevus_tegu
Cheddar,✓,,,,toit
circulus vitiosus,,,✓,,abstr
condition humaine,,,✓,,abstr
Cooperi test,,,,✓,ese_semio
daatum,,✓,,,esitus_arv
DDoS-rünnak,,,,✓,tegevus
DDoS-rünne,,,,✓,tegevus
debiilsus,,,✓,,nähtus_psühh
defitsiit,,,✓,,ese
defitsiitne,,,✓,,omadus_kval
degust,,,,✓,tegevus
degustatsioon,,,,✓,tegevus
degusteerimine,,,,✓,tegevus
dehüdratatsioon,,,✓,,tegevus
dehüdratsioon,,,✓,,tegevus
dekoreerima,,,✓,,VERB_tegevus
dekreet,,✓,,,ese_semio
Delfi,✓,,,,ese_semio
delikaatsus,,,✓,,nähtus_psühh
delta,✓,,,,esitus_keel_täht
demarkatsioonijoon,✓,,,,kehaosa
demobilisatsioon,,,,✓,tegevus
demobiliseerima,,,,✓,tegevus
demobiliseerimine,,,,✓,tegevus
demobiliseeruma,,,,✓,tegevus
depoo,✓,,,,materjal/aine
depressioon,,,✓,,nähtus_loodus
dets,,✓,,,esitus
detsember,,✓,,,esitus
detsembrikuu,,✓,,,esitus
deviatsioon,,,✓,,omadus_kval
diabeetiline,,,✓,,omadus
diakrooniline,,✓,,,omadus
diasporaa,,,✓,,inimene
diele,✓,,,,osa
digipööre,,,,✓,tegevus
digisalvestus,,,,✓,nähtus_füüs
digitaalsalvestus,,,,✓,nähtus_füüs
digiärksus,,,✓,,omadus_psühh
diktatuur,,✓,,,abstr/konkr
dinee,,,,✓,toit
dirigendipult,✓,,,,ese_instru
disharmoonia,,,✓,,nähtus
diskontinuiteet,,,✓,,omadus_abstr
dissonants,,,✓,,nähtus_füüs
distress,,,✓,,nähtus_psühh
divertiikul,✓,,✓,,
diviis,✓,,,,esitus_kujutis
doktorikool,,,,✓,abstr
DoS-rünnak,,,,✓,tegevus
DoS-rünne,,,,✓,tegevus
drive-in,✓,,,,omadus_kval
duell,,,,✓,tegevus
dušinurk,✓,,,,ese_instru
duuma,✓,,,,ese_semio
düsosmia,,,✓,,nähtus_loodus
düstress,,,✓,,nähtus_psühh
ead ja ajad,,✓,,,ADV_aeg
eatu,,✓,,,omadus
ebabilanss,,,✓,,esitus_mõõt
ebakorrektsus,,,✓,,omadus_kval
ebakõla,,,✓,,nähtus_füüs
ebaloogilisus,,,✓,,omadus_kval
ebasümmeetria,,,✓,,omadus_füüs
ebatäpsus,,,✓,,abstr/konkr
ebaõiglus,,,✓,,tegevus_tegu
Edam,✓,,,,toit
edasimüüja,✓,,,,in_tegija
edel,✓,,,,esitus_tähis
edemus,,,✓,,abstr/konkr
edulugu,,,✓,✓,
edumaa,,,✓,,abstr/konkr
eduseis,,,✓,,abstr_asend/suund
edutus,,,✓,,VERB_muutust põhjustama
Eeden,✓,,✓,,
Eedeni aed,✓,,✓,,
eelaste,,✓,,,nähtus
eelisjärjekord,,✓,✓,,
eelkaitsmine,,,,✓,tegevus
eellöök,,,,✓,nähtus_füüs
eelnenu,,✓,,✓,
eelpension,,,✓,,ese_raha
eelproov,,,,✓,tegevus_tegu
eelsoodumus,,,✓,,omadus_kval
eeskamber,✓,,,,kehaosa
eeskava,,,,✓,ese_kunst
Eesti Vabariik,✓,,,,esitus_info
eeternarkoos,,,✓,,tegevus_muutus
eetertuimastus,,,✓,,tegevus_muutus
eha,,✓,,,nähtus_loodus
ehakuma,,✓,,,nähtus_loodus
ehalkäik,,,,✓,tegevus_tegu
ehalkäimine,,,,✓,tegevus_tegu
ehapuna,,✓,,,nähtus_loodus
ehholaalia,,,✓,,tegevus_kõnetegu
ehisviil,✓,,,,osa
ehitusjärk,✓,,,,tegevus
eile,,✓,,,ADV_aeg
eine,,,,✓,toit
ei ole kiita,,,✓,,omadus_kval
ekiden,,,,✓,vald
EKP,✓,,,,esitus
eKr,,✓,,,esitus_tähis
eksalteeritus,,,✓,,nähtus_psühh
ekshibitsionism,,,✓,,nähtus_psühh
eksistents,,,✓,,nähtus
eksmatrikulatsioon,,,,✓,tegevus_tegu
eksmatrikuleerimine,,,,✓,tegevus_tegu
eksmatt,,,,✓,tegevus_tegu
eksootikareis,,,,✓,tegevus
ekspertlus,,,✓,,tegevus
ekspo,,,,✓,ese_kunst
eksportija,✓,,,,in_roll
eksportöör,✓,,,,in_roll
ekstraklass,,,✓,,omadus_kval
ekstreem,,,✓,,omadus_kval
elamine,✓,,,,ese_instru
elamus,,,,✓,nähtus_psühh
elamusretk,,,,✓,tegevus
elevaator,✓,,,,ese_instru
elujärg,,,✓,,abstr/konkr
eluköök,✓,,,,osa
elupõlv,,✓,✓,,
elupõlved,,✓,,,ADV_aeg
elurikkus,,,✓,,omadus_kval
eluring,,✓,✓,,
e.m.a,,✓,,,esitus_tähis
emapiim,,,✓,,toit
embus,,,✓,,tegevus_tegu
emmetroopia,,,✓,,nähtus
EN,✓,,,,esitus
enampakkumine,,,,✓,abstr/konkr
energiakadu,,,✓,,nähtus_füüs
eneseisolatsioon,,,✓,,abstr/konkr
ennak,,✓,,,nähtus
enne Kristust,,✓,,,esitus_tähis
enne meie ajaarvamist,,✓,,,esitus_tähis
EP,✓,,,,esitus
epileptiline,,,✓,,omadus
epitsenter,✓,,,,nähtus_loodus
epopöa,,,,✓,ese_semio
eramets,✓,,,,taim
erandkorras,,✓,,,ADV_viis
erasõit,,,,✓,tegevus
eraõiguslik isik,✓,,,,abstr
erekas,,,✓,,ese_instru
eriklass,✓,,,,in_roll
erilaad,,,✓,,abstr/konkr_omadus
erilisus,,,✓,,omadus_kval
eriolümpia,,,,✓,tegevus
eriosakond,✓,,,,inimene
eriprojekt,,,,✓,ese_semio
eripära,,,✓,,abstr/konkr_omadus
eripärasus,,,✓,,abstr/konkr_omadus
erosioon,,,✓,,nähtus_loodus
erruminek,,,,✓,tegevus
ESA,✓,,,,esitus
eshatoloogia,,,,✓,abstr
esiettekanne,,,,✓,tegevus
esikorrus,✓,,,,osa
esimus,,,✓,,abstr_asend/suund
esindus,✓,,,,in_roll
esindusorgan,✓,,,,inimene
esine,✓,,,,omadus_koht
esinemisnärv,,,✓,,omadus_psühh
esinemispalavik,,,✓,,nähtus_psühh
esinemisärevus,,,✓,,nähtus_psühh
esirida,✓,,✓,,
esitelu,,,,✓,tegevus
esitlus,,,,✓,tegevus
esitus,,,,✓,tegevus
eskatoloogia,,,,✓,abstr
esmaesitus,,,,✓,tegevus
esmaettekanne,,,,✓,tegevus
esmaspäev,,✓,,,esitus
esmassünnitus,,,,✓,tegevus_tegu
esmasünnitus,,,,✓,tegevus_tegu
esmatarve,,,✓,,abstr
estraad,✓,,,,vald
etapp,✓,,,,abstr/konkr
etteanne,,,✓,,tegevus
ettelugemine,,,,✓,ese_semio
ettepoole,,✓,,,ADV_koht
ettevõte,✓,,,,tegevus
eufooria,,,✓,,nähtus_psühh
Euroopa Keskpank,✓,,,,esitus
Euroopa Kosmoseagentuur,✓,,,,esitus
Euroopa Nõukogu,✓,,,,esitus
Euroopa Parlament,✓,,,,esitus
europarlament,✓,,,,esitus
EV,✓,,,,esitus_info
evakuatsioon,,,✓,,tegevus
faatsies,✓,,,,abstr/konkr
fallos,✓,,,,esitus_kujutis
farm,✓,,,,esitus
fassaad,✓,,,,nähtus
FC,✓,,,,inimene
fibrillatsioon,,,✓,,tegevus
fibroos,,,✓,,nähtus
fiksidee,,,✓,,nähtus_psühh
filmoteek,✓,,,,ese_kunst
finaalmäng,,,,✓,tegevus_mäng
finaalvõistlus,,,,✓,tegevus_mäng
finiš,✓,,,,abstr/konkr
fissuur,,,✓,,nähtus_loodus
folk,,,,✓,ese_kunst
fondihaldur,✓,,,,in_elukutse
fondijuht,✓,,,,in_elukutse
fondivalitseja,✓,,,,in_elukutse
fonoteek,✓,,,,ese
fontään,✓,,,,materjal/aine
foobia,,,✓,,nähtus_psühh
foonika,✓,,,,abstr/konkr
fortifikatsioon,✓,,,,vald
fosforiidimaardla,✓,,,,materjal/aine
fotoarhiiv,✓,,,,ese
fotosein,✓,,,,ese_kunst
fotosensitiivsus,,,✓,,nähtus_füüs
fototeek,✓,,,,ese_kunst
fraktsioon,✓,,,,materjal/aine
fraktuur,,,✓,,esitus
framuug,✓,,,,ese_instru
frontispiss,✓,,,,ese_semio
föderaalriik,✓,,,,abstr/konkr
füül,✓,,,,inimene
gaala,,,,✓,omadus_abstr
gaasikamber,✓,,,,ese_instru
gaasimaardla,✓,,,,materjal/aine
gaasiplahvatus,,,,✓,nähtus_füüs
gala,,,,✓,omadus_abstr
gallup,,,,✓,tegevus
galopivõidusõit,,,,✓,tegevus
ganglion,,,✓,,objekt_loodus
garantiiparandus,✓,,,,tegevus
gasell,✓,,,,loom
gastroll,,,,✓,tegevus
gastronoom,✓,,,,in_elukutse
geenirike,,,✓,,nähtus_loodus
geograafia,✓,,,,vald
geograafiline laius,✓,,,,esitus_mõõt
geograafiline pikkus,✓,,,,esitus_mõõt
georetk,,,,✓,tegevus
gerilja,,,,✓,in_tegija
gletšer,✓,,,,nähtus_loodus
glämping,✓,,,,abstr/konkr
glüptoteek,✓,,,,ese_kunst
gneiss,,,✓,,materjal/aine
Gorgonzola,✓,,,,toit
graviidne,,,✓,,omadus_füüs
greenroom,✓,,,,osa
Greenwichi aeg,,✓,,,esitus_mõõt
grupimõtlemine,,,✓,,nähtus_psühh
haarang,,,,✓,tegevus_tegu
haav,,,✓,,nähtus_psühh
haavamets,✓,,,,taim
haavik,✓,,,,taim
Hades,✓,,,,in_müt
haigevoodi,,,✓,,ese_instru
haistmisvõimetus,,,✓,,nähtus_loodus
hajala,,,✓,,inimene
hajevil,,,✓,,ADV_viis
hajevile,,,✓,,ADV_viis
hakatus,,✓,,,ese
hakatusel,,✓,,,ADV_põhjus
hakkamasaamine,,,✓,,abstr
haldusaparaat,✓,,,,in_roll
haldusarest,,,✓,,abstr/konkr
haldustrahv,,,✓,,abstr/konkr
haldusüksus,✓,,,,abstr/konkr
haljastus,✓,,,,tegevus
hambaalune,✓,,,,toit
hambaauk,,,✓,,objekt_loodus
hambamurre,,,,✓,tegevus_muutus
hambavahetus,,,,✓,tegevus_muutus
hambavalu,,,✓,,nähtus_psühh
hambus,,,✓,,abstr_asend/suund
hammustus,,,✓,,tegevus_tegu
hankija,✓,,,,in_elukutse
hapnikutarve,,,✓,,abstr/konkr
hapnikuvajadus,,,✓,,abstr/konkr
happening,,,,✓,ese_kunst
haruliit,✓,,,,in_roll
hauarahu,,,✓,,abstr/konkr
haud,✓,,,✓,
heakord,,,✓,,abstr/konkr
heakorrastus,,,✓,,tegevus
heaolutunne,,,✓,,nähtus_psühh
heinakaar,✓,,,,taim
HEJ,✓,,,,esitus
hej,✓,,,,esitus
hekatomb,,,,✓,tegevus_tegu
heliarhiiv,✓,,,,ese
hellenism,,✓,,,esitus_keel
hemolüüs,,,✓,,nähtus
hiaatus,✓,,,,esitus_keel
hiidkasv,,,✓,,omadus_füüs
hiinakas,✓,,,,ese_instru
hiljemini,,✓,,,ADV_aeg
hingats,✓,,,,kehaosa_loom
hingedekuu,,✓,,,esitus
hingeliigutus,,,✓,,nähtus_psühh
hingestatus,,,✓,,omadus_psühh
hingetõmbeaeg,,✓,,✓,
hingetõmbepaus,,✓,,✓,
hinnaralli,,,,✓,tegevus
hirmujudin,,,✓,,nähtus_psühh
hirmuvabin,,,✓,,nähtus_psühh
hirmuvõpatus,,,✓,,nähtus_psühh
hirmuvärin,,,✓,,nähtus_psühh
Hispaania gripp,,,✓,,nähtus_loodus
histooria,,✓,,,vald
hoburaudkaar,✓,,,,osa
hobuserautamine,,,✓,,tegevus
hobuserautus,,,✓,,tegevus
hobuveski,✓,,,,ese_instru
hoiustus,✓,,,,tegevus
hommikuhämar,,✓,✓,,
hommikuhämarik,,✓,✓,,
hommikuhämarus,,✓,✓,,
hommikuoode,,,,✓,toit
hommikupoolne,✓,,,,omadus_aeg
homne,,✓,,,omadus_aeg
homofoobia,,,✓,,nähtus_psühh
homoviha,,,✓,,nähtus_psühh
hoov,✓,,,,inimene
hoovipealne,✓,,,,omadus_koht
hukatus,,,✓,,abstr/konkr_omadus
hulgiostja,✓,,,,in_tegija
hullumaja puhvet,,,✓,,esitus_keel_suhtlus
hullumeelsus,,,✓,,tegevus_tegu
hullus,,,✓,,nähtus_psühh
humanitaarkatastroof,,,✓,✓,
humanitaarkriis,,,✓,✓,
hundiaju,,,,✓,tegevus
hundijaht,,,,✓,tegevus
hundikuu,,✓,,,esitus
huvipuudus,,,✓,,nähtus_psühh
hõbepulm,,✓,,✓,
hõlma all,,,✓,,ADV_koht
hõlma alla,,,✓,,ADV_koht
hõlma alt,,,✓,,ADV_koht
hõrendik,✓,,,,taim
häbe,✓,,,,kehaosa
häbiasi,,,✓,✓,
häbilugu,,,✓,✓,
häbistus,,,✓,,tegevus
hällipäev,,✓,,✓,
hällist peale,✓,,,,abstr/konkr
hälve,,,✓,,omadus_kval
hämarik,,,✓,,nähtus_loodus
hämarus,,,✓,,nähtus_loodus
häpening,,,,✓,ese_kunst
häppening,,,,✓,ese_kunst
härraskond,✓,,,,in_omadus
häälekadu,,,✓,,nähtus
häälestus,,,✓,,tegevus
hääletus,,,✓,,tegevus_tegu
hübriidimmuunsus,,,✓,,nähtus
hübriidsõda,,,,✓,abstr/konkr
hüdroelektrijaam,✓,,,,esitus
hüdrofoobia,,,✓,,nähtus_psühh
hüdrojaam,✓,,,,esitus
hülgejää,✓,,,,tegevus
hümn,,,✓,,ese_kunst
hüperaktiivsus,,,✓,,esitus
hüperinflatsioon,,,✓,,nähtus
hüperplaasia,,,✓,,nähtus
hüpertoonia,,,✓,,nähtus_loodus
hüpertroofia,,,✓,,nähtus_psühh
hüpohondria,,,✓,,nähtus_psühh
hüpostaas,,,✓,,konkr_omadus
hüpoteegipidaja,✓,,,,inimene
hüpotermia,,,✓,,nähtus
hüpotoonia,,,✓,,nähtus_loodus
hütt,✓,,,,loom_lind
hüüvis,,,✓,,materjal/aine
idanaaber,✓,,,,in_rahvas
ideatsioon,,,,✓,tegevus
idée fixe,,,✓,,nähtus_psühh
identiteedikriis,,,✓,✓,
identsus,,,✓,,nähtus_psühh
idiosünkraasia,,,✓,,omadus_kval
idiotism,,,✓,,nähtus_psühh
idüll,,,✓,,abstr
iga,,✓,,,omadus_kval
igavene puhkus,,,✓,,abstr
igavene uni,,,✓,,abstr
igavik,,✓,,,abstr
igikelts,✓,,,,objekt_loodus
Iisrael,✓,,,,in_rahvas
ikaldus,,,✓,,nähtus_loodus
iksjalad,,,✓,,kehaosa
illusoorsus,,,✓,,omadus_psühh
illuviaalhorisont,✓,,,,materjal/aine
ilma,,,✓,,ADV_viis
ilmaelu,,,✓,,nähtus
ilmaime,,,,✓,objekt
ilmaletulek,,,,✓,tegevus
ilmaolud,,,✓,,abstr/konkr
ilmastikuolud,,,✓,,abstr/konkr
ilmastikutingimused,,,✓,,abstr/konkr
ilmasõda,,,,✓,tegevus
ilme,,,✓,,nähtus
ilutuled,,,,✓,nähtus_füüs
ilutulestik,,,,✓,nähtus_füüs
imelaps,✓,,,,in_omadus
IMF,✓,,,,ese_raha
impotentsus,,,✓,,nähtus_loodus
indemniteet,,,✓,,abstr
indolents,,,✓,,nähtus
indolentsus,,,✓,,nähtus
infantiilsus,,,✓,,omadus_psühh
infantilism,,,✓,,omadus_psühh
infarktioht,,,✓,,abstr/konkr
info,✓,,,,esitus_info
ingelinvestor,✓,,,,in_roll
inimareng,,,✓,,nähtus
inimkatastroof,,,✓,✓,
inimnägu,,,✓,,kehaosa
inimohver,,,,✓,in_roll
inimpõlv,,✓,,,inimene
inimväärikus,,,✓,,omadus_psühh
initsiatsiooniriitus,,,,✓,tegevus
inkontinentsus,,,✓,,tegevus
inkubaator,✓,,,,ese_instru
inkubatsiooniaeg,,✓,✓,,
inkubatsiooniperiood,,✓,✓,,
inspektsioon,✓,,,,tegevus
inspiratsioon,,,✓,,nähtus_psühh
institutsioon,✓,,,,abstr/konkr
instituut,✓,,,,abstr
insult,,,✓,,VERB_suhtlus
intensiivravi,✓,,,,vald
inter,✓,,,,in_roll
intermetso,,,,✓,ese_kunst
internatuur,,✓,,,abstr/konkr
internetisõltuvus,,,✓,,nähtus_psühh
internetiäri,✓,,,,tegevus
intolerantsus,,,✓,,nähtus_psühh
inventuur,,,,✓,tegevus_tegu
investeerimisfond,✓,,,,ese_raha
irv,,,✓,,tegevus_kõnetegu
irve,,,✓,,nähtus_psühh
isasus,,,✓,,omadus_kval
isepära,,,✓,,abstr/konkr_omadus
isepärasus,,,✓,,abstr/konkr_omadus
iseteenindus,✓,,,,abstr/konkr
iseteeninduskassa,✓,,,,ese_instru
istekoht,✓,,,,kehaosa
istungjärk,,✓,,✓,
Jaapani aed,✓,,,,abstr/konkr
jaatamine,,,✓,,nähtus_psühh
jada,✓,,,,abstr/konkr
jahikalender,,✓,,,abstr/konkr
jahilkäik,,,,✓,tegevus
jahirentnik,✓,,,,in_roll
jahiretk,,,,✓,tegevus
jahm,,,✓,,nähtus_psühh
jahmatus,,,✓,,nähtus_psühh
jahukaste,,,✓,,toit
jahuveski,✓,,,,ese_instru
jalasirutus,,,✓,,tegevus_tegu
jalgealune,✓,,✓,,
jalgpalliklubi,✓,,,,inimene
jalgpallimuru,✓,,,,taim
jalgpallitreening,,,,✓,tegevus
jalutus,,,✓,,tegevus_tegu
janutunne,,,✓,,nähtus_loodus
jaotuspunkt,✓,,,,esitus
JK,✓,,,,inimene
joastik,✓,,,,nähtus_loodus
jobutus,,,✓,,tegevus_kõnetegu
jonksus,,,✓,,ADV_seisund
joogijanu,,,✓,,nähtus_loodus
jooksja,,,✓,,in_tegija
jooksukross,,,,✓,tegevus_tegu
jooksutreening,,,,✓,tegevus
jooksutrenn,,,,✓,tegevus
joomaaeg,,,,✓,toit_jook
joomahoog,,✓,,,tegevus
joomasööst,,✓,,,tegevus
joomatsükkel,,✓,,,tegevus
joomatuur,,✓,,,tegevus
joone all,✓,,✓,,
joone alla,✓,,✓,,
juhtmerägastik,✓,,,,konkr
julgeolek,✓,,✓,,
julgeolekuorgan,✓,,,,in_elukutse
julgeolekurisk,,,✓,,nähtus_psühh
jumalateenistus,,,,✓,tegevus
Jungfrau,✓,,,,esitus_kujutis
jups,,,✓,,nähtus_psühh
juubel,,✓,,✓,
juudi juubel,,✓,,✓,
juudijuubel,,✓,,✓,
juuksekadu,,,✓,,nähtus_loodus
juukselahk,✓,,,,esitus_kujutis
juuksepiire,✓,,,,esitus_kujutis
juuksur,✓,,,,in_elukutse
juura,,✓,,,vald
juurdeehitis,✓,,,,tegevus
juurdeehitus,✓,,,,tegevus
jv,✓,,,,esitus
jõetagune,✓,,,,omadus_koht
jõukatsumine,,,,✓,tegevus_tegu
jõukus,,,✓,,ese_raha
jõul,,✓,,,ADV_viis
jõulinnak,✓,,,,ese_instru
jõuluehe,,,✓,,ese
jõulukuu,,✓,,,esitus
jõululaat,✓,,,✓,
jõuproov,,,,✓,tegevus_tegu
jõutreening,,,,✓,tegevus
jõutrenn,,,,✓,tegevus
jõuväli,,,✓,,nähtus_psühh
järelevalveorgan,✓,,,,inimene
järelromantism,,✓,,,abstr/konkr
järgselt,,✓,,,abstr/konkr
järjestus,,,✓,,tegevus
järk,,,✓,,abstr/konkr
järv,✓,,,,esitus
järvestik,✓,,,,objekt_loodus
järvetagune,✓,,,,omadus_koht
järvistu,✓,,,,objekt_loodus
jätab soovida,,,✓,,omadus_kval
jätkliide,✓,,,,ese_instru
jätkseotis,✓,,,,ese_instru
jääknäht,,,✓,,nähtus
jääliustik,✓,,,,nähtus_loodus
jäämurdja,✓,,,,ese_instru
jääpuder,,,✓,,materjal/aine
jäärajasõit,,,,✓,tegevus
jäärenn,✓,,,,ese_instru
jääsein,✓,,,,nähtus_psühh
jäätee,✓,,,,toit_jook
jürikuu,,✓,,,esitus
jüripäev,,✓,,✓,
jüüt,✓,,,,in_rahvas
kaablisoon,✓,,,,ese_instru
kaadriarmee,✓,,,,in_roll
kaasus,,,,✓,esitus_keel
kaasvastutus,,,✓,,abstr
kaasüüriline,✓,,,,in_roll
kaasüürnik,✓,,,,in_roll
kab,✓,,,,esitus
kabel,✓,,,,ese_instru
kadalipp,,,,✓,tegevus_tegu
kadri,,✓,,,in_roll
Kadriorg,✓,,,,in_elukutse
kadriõhtu,,✓,,✓,
kae,,,✓,,esitus_keel_suhtlus
kaebus,,,✓,,tegevus_kõnetegu
kaenal,✓,,,,taim
kaenlas,,,✓,,ADV_seisund
kaevamised,,,,✓,tegevus
kaevandus,✓,,,,ese_instru
kaevandusplahvatus,,,,✓,nähtus_füüs
kaeve,✓,,,,tegevus_kõnetegu
kaevikusõda,,,✓,,tegevus
kaevis,✓,,,,materjal/aine
kagu,✓,,,,esitus
kahekõne,,,,✓,tegevus
kahevõitlus,,,,✓,tegevus
kahjutus,,,✓,,omadus_füüs
kahune,,,✓,,omadus_kval
kahus,,,✓,,omadus_kval
kainus,,,✓,,nähtus_psühh
kaisus,,,✓,,ADV_seisund
kaisutus,,,✓,,tegevus_tegu
kaitsejõud,✓,,,,in_roll
kaitsekäik,✓,,,,tegevus_mäng
kaitselahing,,,,✓,tegevus_tegu
kaitseliin,✓,,,,in_roll
kaitsemets,✓,,,,taim
kaitsepositsioon,✓,,,,abstr/konkr
kaitserõuged,✓,,,,tegevus
kaitsevall,✓,,,,abstr/konkr
kaitseväeteenistus,,,✓,,tegevus
kaitsevägi,✓,,,,inimene
kajakõne,,,✓,,tegevus_kõnetegu
kakelung,,,,✓,tegevus_tegu
kaklus,,,,✓,tegevus_tegu
kaksikmõrv,,,,✓,tegevus_tegu
kaks kärbest ühe hoobiga,,,✓,,omadus_kval
kaks ühes,,,✓,,omadus_kval
kalatööstus,✓,,,,tegevus
kaldaalune,✓,,,,omadus_koht
kaldapealne,✓,,,,omadus_koht
kaldaäärne,✓,,,,omadus_koht
kaljurahn,✓,,,,objekt_loodus
kaljuränk,✓,,,,objekt_loodus
kaljurüngas,✓,,,,objekt_loodus
kalkvel,,,✓,,ADV_seisund
kalkvele,,,✓,,ADV_seisund
kallakus,,,✓,,omadus_füüs
kallaletung,,,,✓,tegevus
kallaletungimine,,,,✓,tegevus
kambas,,,✓,,ADV_seisund
kamber,✓,,,,kehaosa_loom
kampas,,,✓,,ADV_seisund
kamuflett,✓,,,✓,
kanaihu,,,✓,,abstr/konkr
kanalisatsioonikaev,✓,,,,ese_instru
kanapimedus,,,✓,,nähtus_psühh
kanarbik,✓,,,,taim
kanarind,,,✓,,toit
kandesein,✓,,,,ese_instru
kandmine,,,✓,,tegevus
kanepine,,,✓,,omadus
kangialune,✓,,,,omadus_koht
kangur,✓,,,,in_elukutse
kannatus,,,✓,,omadus_psühh
kannatustee,✓,,,✓,
kannistik,✓,,,,taim
kants,✓,,,,nähtus_psühh
kaos,,,✓,,in_müt
kaotsiminek,,,,✓,nähtus
kapillaar,✓,,,,kehaosa
kapitaalsein,✓,,,,ese_instru
kapitagune,✓,,,,omadus_koht
kapitalism,,,✓,,abstr/konkr
kapitalismus,,,✓,,abstr/konkr
kapo,✓,,,,in_elukutse
karantiin,✓,,✓,,
karastus,,,✓,,nähtus
karbon,,✓,,,materjal/aine
kardia,✓,,,,kehaosa
karikamäng,,,,✓,tegevus_tegu
karistusekspeditsioon,,,,✓,tegevus
karjaaed,✓,,,,ese_instru
karjaimmuunsus,,,✓,,nähtus
karjatara,✓,,,,ese_instru
karplava,✓,,,,ese_instru
karvane käsi,,,✓,,tegevus
kasemets,✓,,,,taim
kassiahastus,,,✓,,nähtus_psühh
kastehein,✓,,,,taim
kasvaja,,,✓,,omadus
kasvulava,✓,,,,abstr/konkr_omadus
kasvupiir,✓,,,,abstr
katarakt,✓,,✓,,
kateeder,✓,,,,ese_instru
katk,,,✓,,nähtus
katkelisus,,,✓,,omadus_abstr
katkiminek,,,,✓,nähtus
katusealune,✓,,,,omadus_koht
kaubareis,,,,✓,tegevus
kaubaretk,,,,✓,tegevus
kaubatootja,✓,,,,in_tegija
kauem,,✓,,,omadus_aeg
kaunistama,,,✓,,VERB_tegevus
kauplus,✓,,,,esitus
kausaalsus,,,✓,,omadus_kval
kavern,,,✓,,objekt_loodus
keelekohvik,,,,✓,abstr/konkr
keelenõu,✓,,,,tegevus_kõnetegu
keelenõuanne,✓,,,,tegevus_kõnetegu
keeleoskustase,,,✓,,esitus_mõõt
keelereis,,,,✓,tegevus
keeletase,,,✓,,esitus_mõõt
keeletus,,,✓,,nähtus
keem,,,✓,,tegevus
keemiline puhastus,✓,,,,tegevus
keerak,✓,,,,tegevus_tegu
keerdkäik,✓,,,,abstr
keermesliide,✓,,,,ese_instru
keevis,✓,,,,materjal/aine
keeviskonstruktsioon,✓,,,,ese_instru
keevisliide,✓,,,,ese_instru
keevistarind,✓,,,,ese_instru
kehand,✓,,,,inimene
keharaskus,✓,,,,omadus_füüs
keilut,✓,,,,ese_instru
keisrikoda,✓,,,,in_roll
kenadus,,,✓,,kehaosa
keska,✓,,,,esitus
keskaparaat,✓,,,,abstr/konkr
keskerakond,✓,,,,in_roll
keskjaam,✓,,,,ese_instru
keskkoht,✓,,,,kehaosa
keskkomitee,✓,,,,in_roll
keskkonnarisk,,,✓,,konkr
keskkool,✓,,,,esitus
keskliit,✓,,,,in_roll
kesknädal,,✓,,,esitus
keskpaik,✓,✓,,,
keskpunkt,✓,,,,objekt
kesksuvi,,✓,,,osa
kesktee,✓,,,,abstr
keskus,✓,,,,kehaosa
keskväli,,,✓,,in_roll
keskõhtu,✓,✓,,,
kessoon,✓,,,,ese_instru
kestus,,✓,,,omadus_aeg
kestvussõit,,,,✓,tegevus
kevadkünd,✓,,,,tegevus
kibekiire,,✓,,,omadus_füüs
kibitka,✓,,,,ese_instru
kidu,,,✓,,nähtus_loodus
kihelus,,,✓,,nähtus_füüs
kihistis,✓,,,,materjal/aine
kihlad,,,,✓,ese
kiird,✓,,,,kehaosa
kiirreageerimisüksus,✓,,,,in_elukutse
kiirrünnak,,,,✓,tegevus_tegu
kiiver,✓,,,,ese_instru
kimm,✓,,,,materjal/aine
kindlus,✓,,,,omadus
kindlustusriisiko,,,,✓,nähtus
kindlustusrisk,,,,✓,nähtus
kink,✓,,,,ese
kinnisasi,✓,,,,konkr
kinnisidee,,,✓,,nähtus_psühh
kinnismõte,,,✓,,nähtus_psühh
kinnisus,,,✓,,nähtus_psühh
kinnisvaramull,,,✓,,abstr
kinnisvaraomanik,✓,,,,in_omadus
kinokassa,✓,,,,ese_raha
kirikukogu,✓,,,,in_roll
kirikuteenistus,,,✓,✓,
kirjanurk,✓,,,,ese_semio
kirjaoskamatus,,,✓,,tegevus
kirjasaladus,,,✓,,abstr/konkr
kirjastaja,✓,,,,in_elukutse
kirsmaa,✓,,,,objekt_loodus
kiviaeg,,✓,,,omadus_aeg
kivijalg,✓,,,,osa
kivilaev,✓,,,,ese_instru
kiviräga,✓,,,,objekt_loodus
kivirägu,✓,,,,objekt_loodus
kivisillutis,✓,,,,materjal/aine
klaaskapp,✓,,,,ese
klaaskatus,✓,,,,ese_instru
klamüüdia,,,✓,,organism
klaperjaht,,,,✓,tegevus
klapirike,,,✓,,nähtus_füüs
klassipositsioon,,,✓,,abstr
klaverikontsert,,,,✓,ese_kunst
klienditeenindus,✓,,,,tegevus
kliima,,,✓,,nähtus_loodus
kliiniline surm,,,✓,,nähtus_loodus
klikeaegne,,✓,,,omadus
klikiaegne,,✓,,,omadus
kloaak,✓,,,,kehaosa_loom
kodukolle,✓,,,,ese_instru
kodukool,✓,,,,tegevus
kodumets,✓,,,,taim
kodumuru,✓,,,,taim
kodusõda,,,,✓,tegevus
kodutarbija,✓,,,,in_roll
kodutee,✓,,,,tegevus
koeksistents,,,✓,,nähtus
koerakool,✓,,,,taim
koeraomanik,✓,,,,in_omadus
koguaeg,,✓,,,ADV_aeg
kogukond,✓,,,,inimene
kogukondlus,,,✓,,nähtus
kogunemine,,,,✓,tegevus
kohalik võim,✓,,,,abstr
kohevil,,,✓,,ADV_seisund
kohort,✓,,,,inimene
kohr,✓,,,,toit
koht,✓,,,,abstr
kohtuasutus,✓,,,,in_roll
kohtujärg,✓,,,,ese_instru
kohtukõne,,,,✓,tegevus_kõnetegu
kohtulugu,,,,✓,tegevus
kohtuorgan,✓,,,,in_roll
kohtupidamine,,,,✓,tegevus
kohtutee,,,,✓,tegevus
kohtuveskid jahvatavad,,,✓,,tegevus
kohuslane,✓,,,,in_roll
kohustuslane,✓,,,,in_roll
koit,,✓,,,nähtus_loodus
koivaht,,✓,,,inimene
kojusõit,,,,✓,tegevus
kojutulek,,,,✓,tegevus
kokainism,,,✓,,tegevus_tegu
kokkuleppemäng,,,,✓,tegevus_mäng
kokkuost,✓,,,,tegevus
kokkuostja,✓,,,,inimene
kokkupuutekoht,✓,,,,abstr
kokkusaamine,,,,✓,tegevus_tegu
koldeesine,✓,,,,omadus_koht
koldküps,,,✓,,omadus
kolgata,,,✓,✓,
Kolgata tee,,,✓,✓,
kolgatatee,,,✓,✓,
kollakus,,,✓,,omadus_füüs_värv
kolle,✓,,,,ese_instru
kollektiivne immuunsus,,,✓,,nähtus
kollimatsioon,,,✓,,VERB_tegevus
kollokvium,,,,✓,tegevus_kõnetegu
kolmapäev,,✓,,,esitus
kolmekõne,,,,✓,tegevus
kolmikjaotus,,,✓,,nähtus
kolmikmõrv,,,,✓,tegevus_tegu
kolmkuu,,✓,,,esitus
kombetalitus,,,,✓,tegevus_tegu
kombits,,,✓,,kehaosa_loom
kombluspolitsei,✓,,,,in_roll
komblusvalve,✓,,,,tegevus
komblusvalvur,✓,,,,in_roll
komfort,,,✓,,nähtus_psühh
komisjon,✓,,,,inimene
komistuskivi,,,✓,,abstr/konkr
komitee,✓,,,,inimene
kompanii,✓,,,,inimene
komsomol,✓,,,,in_roll
komsomolikomitee,✓,,,,in_roll
komsomoliorganisatsioon,✓,,,,inimene
komu,,,✓,,in_roll
kondomiinium,✓,,,,abstr/konkr_omadus
konflikt,,,✓,✓,
konformism,,,✓,,nähtus_psühh
konfrontatsioon,,,✓,,abstr
konföderatsioon,✓,,,,abstr/konkr
kong,✓,,,,ese_instru
kongregatsioon,✓,,,,inimene
konkrement,,,✓,,nähtus_loodus
konnasilm,,,✓,,nähtus
konservimine,,,✓,,tegevus
konsistoorium,✓,,,,in_roll
konsool,✓,,,,ese_instru
konsulaat,✓,✓,,,
konsultatsioon,,,,✓,tegevus_tegu
kontrahent,✓,,,,in_roll
kontrollaeg,,✓,,,esitus_mõõt
kontrollkäik,,,,✓,tegevus_tegu
kontrollorgan,✓,,,,inimene
kontrollpost,✓,,,,in_roll
kontrollreid,,,,✓,tegevus_tegu
kontserdilava,✓,,,,ese_instru
kontserdireis,,,,✓,tegevus
kontserditurnee,,,,✓,tegevus
kontserdituur,,,,✓,tegevus
kontsertettekanne,,,,✓,tegevus_tegu
kontsertreis,,,,✓,tegevus
kontsertturnee,,,,✓,tegevus
kontserttuur,,,,✓,tegevus
kontsessionäär,✓,,,,in_elukutse
kontsiil,✓,,,,in_roll
koobas,✓,,,,kehaosa
koold,✓,,,,kehaosa
koolieksam,,,,✓,tegevus
koolitee,✓,,,,tegevus
koolitus,,,,✓,tegevus
koolituspäev,,✓,,✓,
koolitusreis,,,,✓,tegevus
kooljakuu,,✓,,,esitus
kooljaluu,,,✓,,ese
kooma,,,✓,,nähtus_füüs
koomika,,,✓,,nähtus_psühh
koondelisus,,,✓,,nähtus_loodus
koone,,,✓,,nähtus_loodus
koordineeritus,,,✓,,nähtus
koorealune,✓,,,,omadus_koht
kooriharjutus,,,,✓,tegevus_tegu
koorilõpmik,✓,,,,ese_kunst
kooriproov,,,,✓,tegevus_tegu
kooseksisteerimine,,,✓,,nähtus
kooseksistents,,,✓,,nähtus
kooskõlastatus,,,✓,,nähtus
koosolek,,,,✓,inimene
koostööpartner,✓,,,,inimene
kopitus,,,✓,,nähtus
kopliaed,✓,,,,ese_instru
koprolaalia,,,✓,,tegevus_kõnetegu
kopsuklamüüdia,,,✓,,organism
kopti kirik,✓,,,,in_omadus
kordon,✓,,,,taim_omadus
koridor,✓,,,,in_roll
koronts,,,✓,,objekt_loodus
koroonane,,,✓,,omadus
korp!,✓,,,,grupp
korporatsioon,✓,,,,grupp
korral,,✓,,✓,
korraldaja,✓,,,,in_roll
korratu,,,✓,,omadus_kval
korratus,,,✓,,tegevus_tegu
korso,✓,,,✓,
korsten,✓,,,,ese
korteriomanik,✓,,,,in_omadus
korteriühistu,✓,,,,esitus
kortsneer,,,✓,,kehaosa
korvialune,✓,,,,omadus_koht
korvpalliklubi,✓,,,,in_tegija
korvpallimäng,,,,✓,tegevus_mäng
korvpallitreening,,,,✓,tegevus
korvpallitrenn,,,,✓,tegevus
kosilane,✓,,,,in_roll
kosk,✓,,,,esitus_mõõt
kosmos,✓,,,,taim
kosmosereis,,,,✓,tegevus
kostil,,,✓,,ADV_viis
kostile,,,✓,,ADV_viis
kostitus,,,✓,,tegevus
kottpime,,,✓,,omadus_füüs
kovisioon,,,,✓,abstr
kpl,✓,,,,esitus
kraal,✓,,,,ese_instru
kraav,✓,,,,esitus
krae vahel,✓,,✓,,
krae vahele,✓,,✓,,
krambis,,,✓,,ADV_seisund
krampi,,,✓,,ADV_seisund
krampis,,,✓,,ADV_seisund
kreeditor,✓,,,,in_omadus
kreeps,,,✓,,nähtus_psühh
Kreml,✓,,,,in_roll
kriimustus,,,✓,,esitus_kujutis
kriis,,,✓,✓,
krill,,,✓,,loom
kriminaaljälitus,✓,,,,tegevus
kriminaalpolitsei,✓,,,,in_elukutse
kringel,,,✓,,toit
kripeldus,,,✓,,VERB_seisund
kripo,✓,,,,in_elukutse
kriteerium,,,,✓,abstr/konkr
kroonimets,✓,,,,abstr
kroonupüha,,✓,,✓,
kroonuteenistus,,,✓,,tegevus
krossing,✓,,,,tegevus
krousis,,,✓,,omadus_füüs
krs,✓,,,,esitus
krt,✓,,,,esitus_keel_suhtlus
kruiis,,,,✓,tegevus
krunt,✓,,,,materjal/aine
krupoosne,,,✓,,omadus
krõbedus,,,✓,,tegevus_kõnetegu
kräu,,,,✓,omadus_füüs
kuhelik,✓,,,,konkr
kuhik,✓,,,,konkr
kuhikpeenar,✓,,,,abstr/konkr
kuivatuskamber,✓,,,,ese_instru
kukekannus,,,✓,,taim
kukil,,,✓,,abstr_asend/suund
kukile,,,✓,,abstr_asend/suund
kukilt,,,✓,,abstr_asend/suund
kukutamine,,,,✓,tegevus
kuldpulm,,✓,,✓,
kuldsponsor,✓,,,,in_roll
kuliss,✓,,,,ese
kullalootus,,,✓,,in_omadus
kullaturg,✓,,,,abstr/konkr
kulmuluu,✓,,,,kehaosa
kultuurala,✓,,,,abstr/konkr
kultuuriala,✓,,,,abstr/konkr
kultuuriareaal,✓,,,,abstr/konkr
kultuurikandja,✓,,,,in_roll
kultuurimälestis,✓,,,,ese
kultuuripiirkond,✓,,,,abstr/konkr
kultuuripäev,,✓,,✓,
kultuurireis,,,,✓,tegevus
kultuurirevolutsioon,,,,✓,tegevus
kultuurkond,✓,,,,abstr/konkr
kultuurmets,✓,,,,taim
kulumus,,,✓,,nähtus
kumulatsioon,,,✓,,nähtus
kund,✓,,,,abstr/konkr
kuningakoda,✓,,,,in_roll
kunstiklass,✓,,,,abstr
kuplistik,✓,,,,ese
kuppelkiiver,✓,,,,osa
kurbloolisus,,,✓,,nähtus_psühh
kurbloolus,,,✓,,nähtus_psühh
kurenokajälg,,,✓,,nähtus_loodus
kurvameelsus,,,✓,,nähtus_psühh
kustutus,✓,,,,tegevus
kutseliit,✓,,,,inimene
kutseorganisatsioon,✓,,,,inimene
kutseühing,✓,,,,inimene
kutu,,,✓,,ADV_seisund
kutupiilu,,,✓,,ADV_seisund
kuulamine,,,,✓,tegevus
kuulmiskeskus,✓,,,,kehaosa
kuur,✓,,,,abstr/konkr
kuusemets,✓,,,,taim
kuusik,✓,,,,taim
kuut,✓,,,,ese_instru
kv,,✓,,,esitus
kvalifikatsioonimäng,,,,✓,tegevus_mäng
kõhupool,✓,,,,kehaosa
kõhutühi,,,✓,,nähtus_psühh
kõhutühjus,,,✓,,nähtus_psühh
kõlaekraan,✓,,,,konkr
kõlakoda,✓,,,,abstr
kõnd,✓,,,,tegevus
kõnekeskus,✓,,,,kehaosa
kõnepunkt,✓,,,,ese_semio
kõnetund,,✓,,✓,
kõrgaltar,✓,,,,ese_instru
kõrgend,✓,,,,ese_instru
kõrghaljastus,✓,,,,tegevus
kõrgmets,✓,,,,taim
kõrgmuru,✓,,,,objekt_loodus
kõrgpeenar,✓,,,,abstr/konkr
kõrgraudtee,✓,,,,ese_instru
kõrgsuvi,,✓,,,osa
kõrgusehirm,,,✓,,nähtus_psühh
kõrgusekartus,,,✓,,nähtus_psühh
kõrkjapadrik,✓,,,,taim
kõrkjatihnik,✓,,,,taim
kõrrestik,✓,,,,taim
kõrtsiesine,✓,,,,omadus_koht
kõrvaauk,✓,,,,kehaosa
kõrvalkäik,✓,,,,tegevus_tegu
kõrvaltee,✓,,,,abstr
kõrvatagused on märjad,,,✓,,omadus_vanus
kägar,,,✓,,omadus_füüs
kähmlus,,,,✓,tegevus
käima peal olema,,,✓,,VERB_seisund
käitaja,✓,,,,in_elukutse
kännustik,✓,,,,taim
kärssus,,,✓,,ADV_seisund
käsikeskjaam,✓,,,,ese_instru
käsikähmlus,,,,✓,tegevus
käsipuu,✓,,,,ese
käsutus,,,✓,,abstr/konkr
kättesaadavus,,,✓,,omadus_kval
kättevõitmine,,,,✓,tegevus
käänak,✓,,,,tegevus
käänd,✓,,,,tegevus
käär,✓,,,,toit
köbruke,,,✓,,kehaosa
köbrukene,,,✓,,kehaosa
köha,,,✓,,tegevus_tegu
köiskond,,,✓,,inimene
köögipool,✓,,,,abstr
köögitrepp,✓,,,,ese_instru
köök,✓,,,,vald
KÜ,✓,,,,esitus
külaarhitektuur,✓,,,,abstr/konkr
külalisesinemine,,,,✓,tegevus
külalisetendus,,,,✓,tegevus
külaselts,✓,,,,inimene
külgsein,✓,,,,ese
külgõõtsumine,,,✓,,nähtus_füüs
küljejoon,✓,,,,kehaosa_loom
külla,✓,,,,ADV_koht
küllakutsuja,✓,,,,in_omadus
küllastusvajak,,,✓,,esitus_mõõt
küllus,,,✓,,abstr/konkr
külmavari,✓,,,,ese_instru
külmetus,,,✓,,tegevus_tegu
külvirida,✓,,,,esitus_kujutis
kümnend,,✓,,,omadus_kval
künd,✓,,,,tegevus
küngas,✓,,,,nähtus_loodus
kürb,✓,,,,kehaosa
küsimärgi all,,,✓,,omadus_kval
küsimärgi alla,,,✓,,omadus_kval
küsitletav,,,✓,,in_roll
küttepind,✓,,,,materjal/aine
küttimisretk,,,,✓,tegevus
küvett,✓,,,,ese_anum
küünealune,✓,,,,omadus_koht
küünistus,,,✓,,esitus_kujutis
küünlakuu,,✓,,,esitus
küünlavalgusõhtu,,✓,,✓,
küünte vahele,,,✓,,ADV_seisund
küüsi,,,✓,,ADV_seisund
laadimisjaam,✓,,,,ese_instru
laagerdumine,,,✓,,tegevus
laagerdus,,,✓,,tegevus
laagrikoht,✓,,,,abstr
laanemets,✓,,,,taim
laat,,,,✓,tegevus_kõnetegu
labasus,,,✓,,tegevus_kõnetegu
laealune,✓,,,,omadus_füüs
laegas,,,✓,,ese_instru
laenuandja,✓,,,,in_omadus
laenuhai,✓,,,,in_roll
laenutus,✓,,,,VERB_tegevus
laevaehitaja,✓,,,,in_elukutse
laevasild,✓,,,,ese_instru
laevastik,✓,,,,ese_instru
laevatrapp,✓,,,,ese_instru
laevatrepp,✓,,,,ese_instru
laevaühing,✓,,,,in_roll
laevkond,✓,,,,inimene
lahing,,,,✓,tegevus
lahingukord,,,✓,,abstr/konkr
lahk,✓,,,,esitus_kujutis
lahkuminek,,,✓,✓,
lahkumiskõne,,,,✓,tegevus_kõnetegu
lahtihüpe,,,,✓,tegevus_tegu
lahtine,,,✓,,omadus_psühh
lainel,,,✓,,ADV_seisund
lainemurdja,✓,,,,ese_instru
laiuskraad,✓,,,,esitus_mõõt
lamav politseinik,✓,,,,ese_instru
langatus,✓,,,,tegevus_tegu
langusmeeleolu,,,✓,,omadus_kval
lantsettaken,✓,,,,osa
lantš,,,,✓,toit
lapsehoolduspuhkus,,✓,✓,,
lapseootele,,,✓,,ADV_seisund
lapsepuhkus,,✓,✓,,
lapsepõlvetrauma,,,,✓,nähtus_psühh
laskeharjutus,,,,✓,tegevus
laskeulatus,✓,,,,esitus_mõõt
lastehaigus,,,✓,,abstr
lastekari,,,✓,,in_omadus
lastemaja,✓,,,,ese_instru
lastija,✓,,,,in_elukutse
last ootama,,,✓,,VERB_seisund
lauaalune,✓,,,,omadus_füüs
laualõikus,✓,,,,vald
lauapealne,✓,,,,omadus
laudaesine,✓,,,,omadus_koht
laudatagune,✓,,,,omadus
laudi,✓,,,,ese_instru
laudis,✓,,,,konkr_omadus
laulev revolutsioon,,✓,,✓,
lauluklass,✓,,,,abstr/konkr
laulukool,✓,,,,abstr
lauluproov,,,,✓,tegevus_tegu
laupäev,,✓,,,esitus
lausik,✓,,,,omadus_füüs
lauspilvitus,,,✓,,nähtus_loodus
lavakas,✓,,,,in_roll
lavanärv,,,✓,,omadus_psühh
lavaproov,,,,✓,tegevus
lavastuslik,,,✓,,omadus
lavatagune,✓,,,,omadus_koht
leede,✓,,,,materjal/aine
leeripäev,,✓,,✓,
lehter,✓,,,,ese_instru
lehtmets,✓,,,,taim
lehtpuumets,✓,,,,taim
leigus,,,✓,,omadus_füüs
leinamissa,,,,✓,ese_kunst
lekk,✓,,,,ese_raha
lektoorium,✓,,,✓,
lemb,,,✓,,in_omadus
lemme,,,✓,,taim
lendlus,,✓,,,nähtus_loodus
lennuaeg,,✓,,,nähtus_loodus
lennukorraldaja,✓,,,,in_elukutse
lennureis,,,,✓,tegevus
lennusalk,✓,,,,in_elukutse
lennutee,✓,,,,tegevus
lennutund,,✓,,,esitus_mõõt
lepamets,✓,,,,taim
lepik,✓,,,,taim
lepinglane,✓,,,,in_roll
lepingupool,✓,,,,in_roll
lepitusmenetlus,,,,✓,tegevus_tegu
lesepõli,,✓,✓,,
lesepõlv,,✓,✓,,
libedus,,,✓,,omadus_psühh
ligidus,✓,,✓,,
ligilähedus,✓,,✓,,
lihapott,,,✓,,ese_instru
lihatööstus,✓,,,,vald
liidus,✓,,,,kehaosa
liigirikkus,,,✓,,omadus_kval
liigjahtumine,,,✓,,nähtus
liigliha,,,✓,,abstr
liigtundlikkus,,,✓,,omadus_psühh
liikluspolitsei,✓,,,,in_elukutse
liikmesorganisatsioon,✓,,,,inimene
liikumisruum,✓,,,,abstr/konkr
liisinguvõtja,✓,,,,inimene
liitriik,✓,,,,abstr/konkr
liivakalju,✓,,,,nähtus_loodus
liivamaa,✓,,,,materjal/aine
liivatee,✓,,,,taim
linaligu,✓,,,,materjal/aine
linn,✓,,,,inimene
linnaarhitektuur,✓,,,,abstr/konkr
linnaloodus,✓,,,,organism
linnanõukogu,✓,,,,in_roll
linnaosavalitsus,✓,,,,esitus
linnasaras,✓,,,,abstr/konkr
linnavalitsus,✓,,,,inimene
linnumaja,✓,,,,ese
litsentsiaar,✓,,,,in_roll
litsentsiandja,✓,,,,in_roll
litsentsisaaja,✓,,,,in_roll
liturgia,,,,✓,abstr/konkr
liumägi,✓,,,,ese_instru
liustik,✓,,,,nähtus_loodus
liutee,✓,,,,ese_instru
LK,,,✓,,esitus
LKA,✓,,,,esitus
lobudik,✓,,,,ese
lodu,✓,,,,ese_riie
lodumets,✓,,,,taim
lodupealne,✓,,,,omadus_füüs
loendus,,,,✓,tegevus
logusk,✓,,,,ese_instru
loha,✓,,,,ADV_seisund
loid,,,✓,,omadus_kval
loik,✓,,,,materjal/aine
lokatsioon,✓,,,,tegevus
loksper,✓,,,✓,
looduskaitseala,✓,,,,esitus
looduskaitse all,,,✓,,esitus
loogus,,,✓,,ADV_seisund
looja karja,,,✓,,omadus_aeg
loojakarja,,,✓,,omadus_aeg
looja karjas,,,✓,,omadus_aeg
loojakarjas,,,✓,,omadus_aeg
loomeliit,✓,,,,in_omadus
loomets,✓,,,,taim
loomulikud vajadused,,,✓,,tegevus_tegu
loomusund,,,✓,,nähtus_psühh
loopealne,✓,,,,omadus_koht
loosimine,,,,✓,tegevus
loož,✓,,,,in_roll
LOV,✓,,,,esitus
lubjastus,,,✓,,tegevus_muutus
ludin,,,✓,,ese
lugemisjärg,✓,,✓,,
lugemisproov,,,,✓,tegevus
lugupidamine,,,✓,,nähtus_psühh
luitemännik,✓,,,,taim
lumerajasõit,,,,✓,tegevus_tegu
lumm,,,✓,,nähtus_psühh
lustipidu,,,,✓,tegevus
lustisõit,,,,✓,tegevus
lustratsioon,,,,✓,tegevus
lutikapesa,✓,,,,objekt_loodus
luukamber,✓,,,✓,
luuleklubi,✓,,,,in_roll
luuliidus,✓,,✓,,
luureretk,,,,✓,tegevus
lõbureis,,,,✓,tegevus
lõbusõit,,,,✓,tegevus
lõhnatundetus,,,✓,,nähtus_loodus
lõikejoon,✓,,,,esitus_kujutis
lõikelaud,✓,,,,ese_instru
lõikuskuu,,✓,,,esitus
lõimetusaeg,,✓,✓,,
lõpmik,✓,,,,ese_kunst
lõppjaam,✓,,,,abstr
lõppsiht,✓,,,,abstr
lõpptarbija,✓,,,,in_roll
lõppvõistlus,,,,✓,tegevus_mäng
lõpupool,✓,✓,,,
lõpusirge,✓,,✓,,
lõsn,✓,,,,ese_instru
lõugas,✓,,,,ese_instru
lõunaeine,,,,✓,toit
lõunaida,✓,,,,esitus
lõunalaius,✓,,,,esitus_mõõt
lõunalääs,✓,,,,esitus_tähis
lõunanaaber,✓,,,,in_rahvas
lõunaoode,,,,✓,toit
lõunapoolus,✓,,,,esitus
lõunapuhkus,,✓,,,tegevus_tegu
lõunatund,,✓,,✓,
lõvikoobas,✓,,✓,,
lõõsk,,,✓,,nähtus_füüs
läbielamus,,,,✓,nähtus_psühh
läbimurd,✓,,,,tegevus_tegu
läbimäng,,,,✓,tegevus_tegu
läbiotsimine,,,,✓,tegevus_tegu
läbirääkimine,,,,✓,tegevus_kõnetegu
läbisõiduhoov,✓,,,,abstr
lähedus,✓,,✓,,
lähiajalugu,,✓,,✓,
lähikond,✓,,,,in_roll
lähtekoht,✓,,,,abstr
lähtepauk,,,,✓,nähtus_füüs
lähtepunkt,✓,,,,abstr
läide,,,✓,,materjal/aine
lämbumisoht,,,✓,,abstr/konkr
lämbus,,,✓,,nähtus_loodus
läte,✓,,,,abstr/konkr
läveesine,✓,,,,omadus_koht
lään,✓,,,,abstr
lööm,,,,✓,tegevus_tegu
lööming,,,,✓,tegevus_tegu
lööv,✓,,,,omadus_kval
lühinägelikkus,,,✓,,omadus_psühh
lühipuhkus,,,✓,✓,
lünett,✓,,,,ese_instru
maa-alused,,,✓,,in_müt
maa-arhitektuur,✓,,,,abstr/konkr
maabumissild,✓,,,,ese_instru
maagimaardla,✓,,,,materjal/aine
maailmaaeg,,✓,,,esitus_mõõt
maailmaareen,✓,,,,abstr
maailmaime,,,,✓,objekt
maailmakuulsus,,,✓,,in_roll
maailmareis,,,,✓,tegevus
maailmasõda,,,,✓,tegevus
maailmaturnee,,,,✓,tegevus
maakera,✓,,,,objekt_loodus
maakohtunik,✓,,,,in_elukutse
maakond,✓,,,,abstr/konkr
maapind,✓,,,,materjal/aine
maapuudus,,,✓,,abstr
maapäev,✓,,,✓,
maardla,✓,,,,materjal/aine
maasikakasvatus,✓,,,,tegevus
maastikumäng,,,,✓,tegevus_mäng
maastikuüksus,✓,,,,abstr
maavaldus,✓,,,,abstr/konkr
maavalitsus,✓,,,,inimene
maaviha,,,✓,,abstr
maavolikogu,✓,,,,in_elukutse
maaühendus,✓,,,,nähtus
madalhaljastus,✓,,,,tegevus
madalmets,✓,,,,taim
madalrõhulohk,✓,,,,nähtus_loodus
madis,,✓,,,esitus_keel_suhtlus
magaja,,,✓,,in_tegija
magamine,,,✓,,tegevus
magamisase,✓,,,,ese_instru
magistraat,✓,,,,in_elukutse
magneetumus,,,✓,,esitus_mõõt
mahasurumine,,,✓,,tegevus
mahasõidutee,✓,,,,ese_instru
mahasõit,✓,,,,tegevus_tegu
maheturg,✓,,,,abstr
mahlakuu,,✓,,,esitus
maiskond,✓,,,,in_roll
majaesine,✓,,,,omadus_koht
majakas,✓,,,,konkr
majanaaber,✓,,,,in_roll
majandus,✓,,,,vald
majanduskriis,,,✓,✓,
majaomanik,✓,,,,in_omadus
majatagune,✓,,,,omadus_koht
majoraat,✓,,,,abstr
maksalutikas,,,✓,,organism
maksumaksja,✓,,,,in_tegija
malev,✓,,,,in_roll
malevkond,✓,,,,abstr/konkr
malleus,,,✓,,kehaosa
mandlikivi,,,✓,,materjal/aine
maneežisõit,,,,✓,vald
manifestatsioon,,,,✓,tegevus_kõnetegu
mannetus,,,✓,,omadus_kval
mansardtuba,✓,,,,osa
mantia,,,✓,,ese_riie
manuaalfookus,✓,,,,omadus_füüs
maolävis,✓,,,,kehaosa
marabutt,✓,,,,in_roll
March,✓,✓,,,
mardikuu,,✓,,,esitus
marjamaa,✓,,,,abstr/konkr_omadus
marrastus,,,✓,,nähtus_loodus
marsirood,✓,,,,inimene
mart,,✓,,,in_roll
martüürium,,,✓,✓,
maruhoog,,,✓,,nähtus_loodus
masina-traktorijaam,✓,,,,esitus
maskeraad,,,,✓,abstr/konkr
massikaklus,,,,✓,tegevus
massikese,✓,,,,abstr/konkr
mastikorv,✓,,,,ese_instru
materjalipuudus,,,✓,,ese_semio
matinee,,,,✓,ese_riie
matk,,,,✓,tegevus
matke,,,,✓,tegevus
matšturniir,,,,✓,tegevus_mäng
matus,,,,✓,objekt
meander,✓,,,,esitus_kujutis
medalilootus,,,✓,,in_roll
meditsiiniteenistus,✓,,,,tegevus
meediagrupp,✓,,,,in_elukutse
meelehaigus,,,✓,,nähtus_psühh
meeleheitlik,,,✓,,omadus_psühh
meeleliigutus,,,✓,,nähtus_psühh
meelemõistus,,,✓,,omadus_psühh
meelemärkusetu,,,✓,,omadus_psühh
meelespidamine,,,,✓,nähtus_psühh
meelest,,,✓,,abstr
meelus,,,✓,,omadus_kval
meestejuuksur,✓,,,,in_elukutse
meilikoosolek,,,,✓,abstr/konkr
meistrikursus,,,,✓,tegevus
memoriaal,✓,,,✓,
menopaus,,✓,✓,,
menorraagia,,,✓,,nähtus_loodus
ment,✓,,,,in_elukutse
merejalavägi,✓,,,,in_roll
merekindlus,✓,,,,omadus_füüs
merekindlustus,✓,,,,abstr/konkr
merelennuvägi,✓,,,,in_roll
mereligidane,✓,,,,omadus
mereline,✓,,,,omadus
merelähedane,✓,,,,omadus
meremudaprotseduur,,,,✓,tegevus
meremärk,✓,,,,ese
mereoperatsioon,,,,✓,tegevus_tegu
merereis,,,,✓,tegevus
meresõda,,,,✓,tegevus
meretee,✓,,,✓,
merevägi,✓,,,,in_roll
merevärske,,,✓,,toit
meri,✓,,,,abstr/konkr
mesilaspesa,✓,,,,objekt_loodus
metallkonstruktsioon,✓,,,,ese_instru
metalltarind,✓,,,,ese_instru
meteoriidiplahvatus,,,,✓,nähtus_füüs
metsaalune,✓,,,,omadus_füüs
metsaistandik,✓,,,,taim
metsaomanik,✓,,,,in_omadus
metsapiir,✓,,,,nähtus_loodus
metsaretk,,,,✓,tegevus
metsavahikoht,✓,,,,abstr
miiliahi,✓,,,,ese_instru
miiliauk,✓,,,,ese_instru
miilits,✓,,,,in_elukutse
miinitõke,✓,,,,objekt
mikrograafia,,,✓,,vald
millennium,,✓,,,esitus
millenniumivahetus,,✓,,✓,
minevaasta,,✓,,,ADV_aeg
ministeriaal,,,,✓,in_roll
mint,,✓,,,esitus_mõõt
mints,,✓,,,esitus_mõõt
minut,,✓,,,esitus_mõõt
mis kärbes hammustas,,,✓,,esitus_keel_suhtlus
mitmepäevasõit,,,,✓,tegevus_tegu
mitmikmatus,,,,✓,objekt
mittevastavus,,,✓,,abstr
mk,✓,,,,abstr/konkr
mlvk,✓,,,,abstr/konkr
mnt,✓,,,,esitus
mobiilbüroo,✓,,,,ese_instru
mobilisatsioon,,,,✓,tegevus
moehaigus,,,✓,,nähtus
moetööstus,✓,,,,vald
moeäri,✓,,,,vald
momentum,,,✓,,omadus_kval
monogaamia,,,✓,,nähtus
monopolism,,,✓,,abstr/konkr
mootorrattaralli,,,,✓,vald
moraalipolitsei,✓,,,,in_roll
moritaat,,,,✓,ese_kunst
morsipidu,,,,✓,abstr/konkr
motojõuk,✓,,,,in_roll
motokross,,,,✓,vald
motoralli,,,,✓,vald
MTJ,✓,,,,esitus
muhk,✓,,✓,,
muinasjutuloss,✓,,,,ese_kunst
muinasmaakond,✓,,,,abstr/konkr
muinsus,,✓,,,objekt
mulk,✓,,,,in_rahvas
mullapõu,✓,,,,materjal/aine
mullavall,✓,,,,materjal/aine
mungaordu,✓,,,,in_roll
munitsipaliteet,✓,,,,inimene
mupo,✓,,,,in_elukutse
murdeekspeditsioon,,,,✓,tegevus
murdekoht,✓,✓,,,
murdepunkt,,✓,,✓,
murepilv,,,✓,,nähtus_psühh
murrujoon,✓,,,,esitus_tähis
muru,✓,,,,taim
mussoonmets,✓,,,,taim
mustpea,,,✓,,in_roll
mustpõrand,✓,,,,ese
mutualism,,,✓,,nähtus_loodus
muudkui,,✓,,,ADV_modaalsus
muul,✓,,,,loom
muusika-aasta,,✓,,✓,
muusikakeskus,✓,,,,ese_instru
muusikaklass,✓,,,,abstr
muusikalilava,✓,,,✓,
muutus,,,,✓,nähtus
mõhk,✓,,,,ese_anum
mõisaomanik,✓,,,,in_omadus
mõisapolitsei,✓,,,,in_roll
mõisapäev,,✓,,✓,
mõjuväli,✓,,,,abstr
mõnutunne,,,✓,,nähtus_psühh
mõra,,,✓,,nähtus_füüs
mõtiskelu,,,✓,,tegevus
mõtisklus,,,✓,,tegevus
mõttekoda,✓,,,✓,
mõttemõlgutus,,,✓,,tegevus
mõttetalgud,,,,✓,tegevus
mõttetus,,,✓,,tegevus_tegu
mõõduvõtmine,,,,✓,tegevus
mõõduvõtt,,,,✓,tegevus
mõõn,,,✓,,nähtus_loodus
mädakuu,,✓,,,esitus
mädapaise,,,✓,,nähtus
mädasoo,✓,,✓,,
mädavoolus,,,✓,,tegevus
mäekallak,✓,,,,objekt_loodus
mäeliustik,✓,,,,nähtus_loodus
mäenõlv,✓,,,,objekt_loodus
mäepääste,✓,,,,tegevus
mäerind,✓,,,,objekt_loodus
mäerinne,✓,,,,objekt_loodus
mäeveer,✓,,,,objekt_loodus
mägi,✓,,,,kogus
mägiaas,✓,,,,objekt_loodus
mägimets,✓,,,,taim
mäginiit,✓,,,,objekt_loodus
mäkk,✓,,,,ese_instru
mälestusloeng,,,,✓,ese_semio
mäluauk,,,✓,,nähtus_psühh
mälulünk,,,✓,,nähtus_psühh
mängukõlbmatu,,,✓,,omadus_kval
mängumaa,✓,,,,abstr/konkr
mängumaja,✓,,,,ese_instru
mängumuru,✓,,,,taim
mänguperiood,,✓,,✓,
mängurlus,,,✓,,tegevus
mänguruum,✓,,,,abstr
mänguvoor,,,,✓,tegevus_mäng
männik,✓,,,,taim
männimets,✓,,,,taim
männipuistu,✓,,,,taim
märatsema,,,✓,,VERB_psühh_emots
märg unenägu,,,✓,,nähtus_loodus
möödapääs,✓,,,,abstr
mürgel,,,,✓,tegevus
müsteerium,,,,✓,tegevus_tegu
müügivõrk,✓,,,,inimene
müük,,,✓,,tegevus
naaberala,✓,,,,vald
naabruskond,✓,,,,in_omadus
naba,✓,,,,kehaosa
naer,,,✓,,nähtus_psühh
naeruväärsus,,,✓,,konkr_omadus
naftajuhe,✓,,,,ese_instru
naftamaardla,✓,,,,materjal/aine
nagu muiste,,,✓,,omadus_kval
nagu muistegi,,,✓,,omadus_kval
nagu prillikivi,,,✓,,omadus_kval
nahakoi,,,✓,,loom_putukas
nahatööstus,✓,,,,vald
naisklubi,✓,,,,in_omadus
Naiskodukaitse,✓,,,,in_roll
naiskomisjon,✓,,,,in_omadus
naiskorporatsioon,✓,,,,in_omadus
naistejuuksur,✓,,,,in_elukutse
nakatumisoht,,,✓,,abstr/konkr
nakk,,,✓,,ese_instru
nakkusoht,,,✓,,abstr/konkr
naljakus,,,,✓,nähtus_psühh
naljalugu,,,,✓,ese_semio
nari,,,✓,,ese_instru
narkoos,,,✓,,tegevus_tegu
Narva-tagune,✓,,,,omadus_koht
needus,,,✓,,abstr/konkr
neetliide,✓,,,,ese_instru
nefriit,,,✓,,materjal/aine
nekrutivõtmine,,,,✓,tegevus
nelikmõrv,,,,✓,tegevus_tegu
neljapäev,,✓,,,esitus
netisõltuvus,,,✓,,nähtus_psühh
netopind,✓,,,,omadus_füüs
neuriit,,,✓,,kehaosa
nimekaim,✓,,,,in_omadus
nimesponsor,✓,,,,in_roll
nimisponsor,✓,,,,in_roll
nire,✓,,,,materjal/aine
nišipartei,✓,,,,in_roll
nišš,✓,,,,abstr
noarünnak,,,,✓,tegevus_tegu
nohu,,,✓,,abstr
nokaut,,,✓,,tegevus_tegu
Nokia,✓,,,,abstr/konkr
nonkonformism,,,✓,,nähtus_psühh
noom,✓,,,,abstr/konkr
Noored Kotkad,✓,,,,in_roll
noor kuu,,✓,,,nähtus_loodus
noorkuu,,✓,,,nähtus_loodus
noorusmaa,✓,✓,,,
noorusrajad,✓,✓,,,
normaalnägevus,,,✓,,nähtus
normatiivsus,,,✓,,omadus_kval
notariaat,✓,,,,grupp
nov,,✓,,,esitus
november,,✓,,,esitus
novembrikuu,,✓,,,esitus
nuhtlus,,,✓,,tegevus_tegu
nukuhäll,✓,,,,ese_instru
nukulava,✓,,,,ese_instru
nukumaja,✓,,,,ese_instru
nukuteater,✓,,,,vald
nullpunkt,✓,,✓,,
nullseis,,,✓,,abstr/konkr
nulltsükkel,✓,,,,tegevus
nulumets,✓,,,,taim
nunnaordu,✓,,,,in_roll
nurgake,✓,,,,ese_semio
nurgakene,✓,,,,ese_semio
nurgaliide,✓,,,,ese_instru
nurgaseotis,✓,,,,ese_instru
nurkliide,✓,,,,ese_instru
nurkseotis,✓,,,,ese_instru
nutisõltuvus,,,✓,,nähtus_psühh
nutupill,,,✓,,in_omadus
nuum,,,✓,,tegevus
nuumvasikas,,,,✓,loom_liik
nuuter,,,✓,,taim_seen
nõgiseen,,,✓,,taim_liik
nõiaprotsess,,,,✓,tegevus
nõmmemets,✓,,,,taim
nõmmemännik,✓,,,,taim
nõmmik,✓,,,,taim
nõrgabstsess,,,✓,,materjal/aine
nõrgkiht,✓,,,,materjal/aine
nõrgmädanik,,,✓,,materjal/aine
nõtrus,,,✓,,omadus_kval
nõupidamistuba,✓,,,,osa
nädal,,✓,,✓,
nägemispiirkond,✓,,,,kehaosa
nägurielu,,✓,✓,,
näguripäevad,,✓,✓,,
nähtavuskaugus,✓,,,,esitus_mõõt
näilikkus,,,✓,,omadus_psühh
näilisus,,,✓,,omadus_psühh
näitus,,,,✓,ese_kunst
näljaaeg,,✓,✓,,
näljadieet,,,✓,,tegevus
näljahäda,,✓,✓,,
näotus,,,✓,,tegevus_tegu
näotustamine,,,,✓,tegevus_tegu
näpp,,,✓,,kehaosa
nätakas,,,,✓,tegevus_tegu
nüüdne,,✓,,,omadus_aeg
nüüdsus,,,✓,,abstr
oaas,✓,,,,abstr/konkr_omadus
obl,✓,,,,esitus
oblast,✓,,,,esitus
obstruktsioon,,,✓,,tegevus_tegu
odraiva,,,✓,,taim
Oe,✓,,,,esitus_mõõt
oht,,,✓,,abstr/konkr
ohvritalitus,,,,✓,tegevus
oja,✓,,,,nähtus_loodus
o-jalad,,,✓,,kehaosa
okasmets,✓,,,,taim
okaspuumets,✓,,,,taim
oksjonihaamer,,,,✓,ese_instru
okt,,✓,,,esitus
oktoobrikuu,,✓,,,esitus
olek,,,✓,,omadus_psühh
olemasolek,,,✓,,nähtus
olemasolemine,,,✓,,nähtus
olemasolu,,,✓,,nähtus
oligopol,,,✓,,abstr
olümpiaad,,✓,,✓,
olümpialootus,,,✓,,in_omadus
olümpiaturniir,,,,✓,tegevus_mäng
olümpiavõistlus,,,,✓,tegevus
omandus,,,✓,,abstr/konkr
omapära,,,✓,,abstr/konkr_omadus
omapärasus,,,✓,,abstr/konkr_omadus
omavalitsusliit,✓,,,,inimene
onko,✓,,,,omadus
onkoloogia,✓,,,,vald
ookean,✓,,,,abstr/konkr
ooperilava,✓,,,,ese_instru
ootejärjekord,,✓,,,abstr
ootus,,,✓,,abstr/konkr
Opa,✓,,,,in_sugulane
opritšnina,✓,,,,abstr/konkr
opteerimine,,,,✓,tegevus
oranž revolutsioon,,✓,,✓,
oratoorium,✓,,,,ese_kunst
oravapartei,✓,,,,in_roll
orelikontsert,,,,✓,ese_kunst
organisaator,✓,,,,in_roll
organiseerija,✓,,,,in_roll
orgia,,,,✓,nähtus
orjapõli,,✓,✓,,
orjapõlv,,✓,✓,,
orjus,,,✓,,nähtus
ort,✓,,,,osa
oruliustik,✓,,,,nähtus_loodus
orvand,✓,,,,esitus_kujutis
osakaal,,,✓,,omadus_kval
osaluskogu,✓,,,,in_roll
osatähtsus,,,✓,,omadus_kval
osavald,✓,,,,abstr
osaühing,✓,,,,inimene
ostalgia,,,✓,,nähtus_psühh
ostlemine,,,,✓,tegevus
ostubuum,,,✓,,nähtus
ostupaanika,,,✓,,nähtus
ostupalavik,,,✓,,nähtus
osturalli,,,,✓,tegevus
ostureis,,,,✓,tegevus
osturetk,,,,✓,tegevus
otsatus,✓,,✓,,
otsetee,✓,,,,tegevus_tegu
otsiskelu,,,✓,,tegevus
ovaal,✓,,,,esitus_kujutis
OÜ,✓,,,,inimene
paa,✓,,,,tegevus_tegu
paadilaenutus,✓,,,,tegevus
paanikahoog,,,✓,,nähtus_psühh
paanikaosakond,,,✓,,in_omadus
paariminek,,,,✓,tegevus_muutus
paarimisaeg,,✓,,,nähtus_loodus
paarismatus,,,,✓,objekt
paaritumisaeg,,✓,,,nähtus_loodus
padrunipesa,✓,,,,ese_instru
paeluss,,,✓,,organism
paepealne,✓,,,,omadus_koht
pagar,✓,,,,in_elukutse
pagasiruum,✓,,,,ese_instru
pagasnik,✓,,,,ese_instru
pagass,✓,,,,ese_instru
pagulaspõlv,,✓,✓,,
pahempoolsus,,,✓,,omadus_kval
paigalmarss,,,✓,,tegevus_tegu
paigutus,,,✓,,abstr/konkr
paise,,,✓,,nähtus
paisutus,✓,,,,tegevus_tegu
pajustik,✓,,,,taim
pakettreis,,,,✓,tegevus
pakiruum,✓,,,,ese_instru
pakitsus,,,✓,,nähtus_psühh
pakktaru,✓,,,,ese_instru
pakkuja,✓,,,,in_tegija
palgaarmee,✓,,,,inimene
palgasõjavägi,✓,,,,inimene
palgavägi,✓,,,,inimene
paljus,,,✓,,omadus
paljusus,,,✓,,omadus
pallimuru,✓,,,,taim
palumets,✓,,,,taim
palumännik,✓,,,,taim
pansion,✓,,,,abstr/konkr
paopaik,✓,,,,abstr
paraad,,,,✓,abstr/konkr_omadus
paraadna,✓,,,,ese_instru
paradiis,✓,,✓,,
paradiisiaed,✓,,✓,,
paremad jahimaad,✓,,,,nähtus
parempoolsus,,,✓,,omadus_kval
paremus,,,✓,,abstr/konkr
pariteet,,,✓,,abstr
pariteetsus,,,✓,,abstr
parkimine,,,✓,,tegevus
parkimiskorraldaja,✓,,,,in_elukutse
parosmia,,,✓,,nähtus_loodus
pars,✓,,,,in_rahvas
parteikontor,✓,,,,in_elukutse
parter,✓,,✓,,
partokraatia,,,✓,,abstr/konkr
passikontroll,✓,,,,tegevus_tegu
patoloogia,,,✓,,vald
patronaat,,,✓,,abstr
patt,,,✓,,abstr/konkr
paus,,✓,✓,,
peaaltar,✓,,,,ese_instru
peaassamblee,✓,,,✓,
peagi,,✓,,,ADV_aeg
pealeminek,,,,✓,tegevus_tegu
pealepoole,✓,,,,abstr
pealesõidutee,✓,,,,ese_instru
pealesõit,✓,,,,tegevus_tegu
pealisehitus,✓,,,,abstr/konkr
pealpool,✓,,,,abstr
peas,,,✓,,nähtus_psühh
peast,,,✓,,nähtus_psühh
peenis,✓,,,,kehaosa
peiteaeg,,✓,✓,,
peiteperiood,,✓,✓,,
peitveri,,,✓,,materjal/aine
pekki,,,✓,,esitus_keel_suhtlus
pekkis,,,✓,,esitus_keel_suhtlus
pelgupaik,✓,,,,abstr
peljupaik,✓,,,,abstr
pension,,,✓,,ese_raha
pensionipõli,,✓,✓,,
pensionipõlv,,✓,✓,,
pensionipäevad,,✓,✓,,
pensionäripõli,,✓,✓,,
pensionäripõlv,,✓,✓,,
penss,,,✓,,ese_raha
pereheitmine,,,,✓,nähtus_loodus
pereside,,,✓,,tegevus
pereteraapia,,,,✓,tegevus
perfokas,,,,✓,ese_kunst
perifeeria,✓,,,,abstr
peripeetia,,,,✓,nähtus
personaaltreening,,,,✓,tegevus
personaaltrenn,,,,✓,tegevus
pervepealne,✓,,,,omadus_koht
petik,✓,,,,esitus_kujutis
petiknišš,✓,,,,esitus_kujutis
petlikkus,,,✓,,omadus_psühh
petturi sündroom,,,✓,,nähtus_psühh
Phoenix,✓,,,,taim
pidal,✓,,✓,,
pidepunkt,✓,,,,abstr
pidevusetus,,,✓,,omadus_abstr
pidi,✓,,,,abstr
pidurüü,,,✓,,ese_riie
pidusöök,,,,✓,toit
pihajoon,✓,,,,esitus_kujutis
pihakoht,✓,,,,esitus_kujutis
pihta,,✓,,,abstr/konkr
piigivõitlus,,,,✓,tegevus
piiluauk,✓,,,,ese_instru
piimane,,,✓,,omadus
piimaplekk,✓,,,,ese_instru
piimatööstus,✓,,,,vald
piiratus,,,✓,,omadus_psühh
piirdekonstruktsioon,✓,,,,ese_instru
piirdetarind,✓,,,,ese_instru
piiriala,✓,,,,abstr
piirikonflikt,,,,✓,tegevus
piirikontroll,✓,,,,tegevus_tegu
piirilähedane,✓,,,,omadus_kval
piirimaa,✓,,,,abstr_asend/suund
piirivalve,✓,,,,in_elukutse
piirjuht,,,,✓,nähtus
piirjuhtum,,,,✓,nähtus
piirkond,✓,,,,kehaosa
piiskopitool,✓,,,,abstr
piit,✓,,,,ese_instru
pikeering,,,✓,,tegevus_tegu
pikendus,,✓,,,konkr
pikisein,✓,,,,osa
pikkus,✓,,,,esitus_mõõt
pikkuskraad,✓,,,,esitus_mõõt
pikne,,,✓,,nähtus_loodus
pilaster,✓,,,,ese_kunst
pilditu,,,✓,,omadus_füüs
pilgar,,,,✓,tegevus
pilge,,,✓,,tegevus_kõnetegu
pilkaspime,,,✓,,omadus_füüs
pilvemets,✓,,,,taim
pilvepiir,✓,,✓,,
pilvisus,,,✓,,nähtus_loodus
pilvitus,,,✓,,nähtus_loodus
pimeduseriik,✓,,,,abstr/konkr_omadus
pimekurt,,,✓,,in_omadus
pimestus,,,✓,,tegevus_tegu
pingusetus,,,✓,,omadus_füüs
pinnamood,✓,,,,esitus_kujutis
pinnareljeef,✓,,,,esitus_kujutis
pinss,,,✓,,ese_raha
pioneerilaager,,,,✓,tegevus
pisarakiskuja,,,,✓,ese_kunst
pisarane,,,✓,,omadus_psühh
plahvatusoht,,,✓,,abstr/konkr
plangupilet,,,,✓,tegevus
plantaaž,✓,,,,tegevus
platel,,,✓,,ADV_seisund
platele,,,✓,,ADV_seisund
plate peal,,,✓,,ADV_seisund
plate peale,,,✓,,ADV_seisund
platoo,✓,,,,abstr/konkr
platskaart,✓,,,,ese_semio
play-off,,,,✓,abstr/konkr
play-off-mäng,,,,✓,tegevus_tegu
pleiss,✓,,,,konkr
plenaar,,,,✓,omadus_kval
pliidiesine,✓,,,,omadus_koht
plikaohtu,,,✓,,omadus
PMS,,,✓,,esitus_tähis
poeriiul,,,✓,,ese_instru
pohm,,,✓,,nähtus_psühh
pohmakas,,,✓,,nähtus_psühh
pohmas,,,✓,,omadus_kval
pohmell,,,✓,,nähtus_psühh
pohmelus,,,✓,,nähtus_psühh
poisikeseohtu,,,✓,,omadus
poisiohtu,,,✓,,omadus
poissmehepõlv,,✓,✓,,
polaarekspeditsioon,,,,✓,tegevus
polaarsus,,,✓,,omadus
pole nali,,,✓,,omadus_kval
pole nalja,,,✓,,omadus_kval
poliitkool,✓,,,,tegevus
politsei,✓,,,,in_elukutse
politseijaoskond,✓,,,,inimene
politseinik,✓,,,,in_elukutse
politseiosakond,✓,,,,inimene
poltliide,✓,,,,ese_instru
poltühendus,✓,,,,ese_instru
polundra,,,✓,,esitus_keel_suhtlus
polügaamia,,,✓,,nähtus
polügoon,✓,,,,esitus_kujutis
polüüp,,,✓,,loom
pommilöök,,,,✓,tegevus_tegu
pommirünnak,,,,✓,tegevus_tegu
pood,✓,,,,esitus
poodlemine,,,,✓,tegevus
poolhämar,,,✓,,omadus_füüs
poolipesa,✓,,,,ese_instru
poolkaar,✓,,,,esitus_kujutis
poolkaitse,,,✓,,in_roll
poolpilves,,,✓,,ADV_seisund
poolsammas,✓,,,,esitus_kujutis
poose,,,✓,,omadus_kval
popsipäev,,✓,,,abstr/konkr
pop-up,✓,,,,omadus_kval
pordu,,,✓,,omadus_kval
porikuu,,✓,,,esitus
portfellihaldur,✓,,,,in_elukutse
positsioonisõda,,,✓,,tegevus
posituur,,,✓,,abstr_asend/suund
postiteenistus,✓,,,,tegevus
postivahe,✓,,,,esitus_mõõt
postivedaja,✓,,,,in_elukutse
potilaat,,,,✓,esitus_keel_suhtlus
praegune,,✓,,,omadus_aeg
prahtija,✓,,,,in_tegija
praktikatund,,✓,,✓,
Prantsuse park,✓,,,,abstr/konkr
predispositsioon,,,✓,,omadus_kval
preemiareis,,,,✓,tegevus
preestriseisus,,,✓,,in_elukutse
premenstruaalne sündroom,,,✓,,esitus_tähis
presbüteerium,✓,,,,in_elukutse
presbüterlik kirik,✓,,,,in_omadus
presentatsioon,,,,✓,tegevus
pressikas,,,,✓,ese_semio
pretsedent,,,,✓,abstr/konkr
prii,,,✓,,omadus
priilt,,,✓,,ADV_viis
priima,✓,,,,omadus_kval
prioriteet,,,✓,,abstr_asend/suund
privaatruum,✓,,,,nähtus_psühh
profaansus,,,✓,,omadus_kval
Prokrustese säng,,,✓,,abstr/konkr
proloog,,,,✓,ese_semio
promenaad,✓,,,,ese_kunst
promotsioon,,,,✓,tegevus
promoveerimine,,,,✓,tegevus
proovilapp,✓,,,,ese_riie
proovitund,,✓,,✓,
prostratsioon,,,✓,,tegevus_tegu
protektoraat,✓,,,,abstr
protestiavaldus,,,,✓,abstr/konkr
protestipartei,✓,,,,in_roll
protsessioon,,,,✓,tegevus
pruukost,,,,✓,toit
prääks,,,✓,,nähtus_füüs
prügimägi,✓,,,,materjal/aine
prügitus,✓,,,,materjal/aine
puberteet,,✓,,,in_omadus
publikuhuvi,,,✓,,nähtus_psühh
pueblo,✓,,,,in_rahvas
pugerik,✓,,,,omadus_füüs
puhetis,,,✓,,taim
puhevil,,,✓,,ADV_seisund
puhkemets,✓,,,,taim
puhkepaus,,✓,✓,,
puhkus,,✓,✓,,
puhkusaeg,,✓,✓,,
puhkuseaeg,,✓,✓,,
puhvet,✓,,,,ese_instru
puhvi,,,✓,,ADV_seisund
puhvis,,,✓,,ADV_seisund
puidutööstus,✓,,,,vald
puiestee,✓,,,,ese_semio
puistu,✓,,,,taim
puitkonstruktsioon,✓,,,,ese_instru
puittarind,✓,,,,ese_instru
pulma-aastapäev,,✓,,✓,
pulmaaeg,,✓,,,nähtus_loodus
pulmajooks,,✓,,,nähtus_loodus
pulmapidu,,,,✓,nähtus_loodus
pulmareis,,,,✓,tegevus
pulmasõit,,,,✓,tegevus
pulmatseremoonia,,,,✓,tegevus
pult,✓,,,,ese_instru
punavõim,,,✓,,in_roll
pundis,,,✓,,ADV_viis
punker,✓,,,,ese_anum
punktivahe,✓,,,,abstr/konkr
puntis,,,✓,,ADV_viis
purgatoorium,✓,,✓,,
purjetus,,,,✓,tegevus_tegu
purustus,,,✓,,tegevus_tegu
puskarivabrik,✓,,,,ese_instru
puuaed,✓,,,,ese_instru
puudujääk,,,✓,,omadus
puudulikkus,,,✓,,omadus_kval
puudus,,,✓,,omadus
puue,,,✓,,omadus
puuistandik,✓,,,,taim
puusajoon,✓,,,,esitus_kujutis
puutepunkt,✓,,,,abstr
puutumus,,,✓,,abstr
põgenemistuba,✓,,,,tegevus_mäng
põhituumik,✓,,,,in_roll
põhjalaius,✓,,,,esitus_mõõt
põhjanaaber,✓,,,,in_rahvas
põhjapoolus,✓,,,,esitus
põhjuslikkus,,,✓,,omadus_kval
põigiti,✓,,✓,,
põik,✓,,,,omadus_füüs
põiki,✓,,✓,,
põiksein,✓,,,,osa
põiktee,✓,,,,ese_semio
põimukuu,,✓,,,esitus
põkkliide,✓,,,,ese_instru
põld,✓,,,,vald
põlevkivimaardla,✓,,,,materjal/aine
põlislaas,✓,,,,taim
põlismets,✓,,,,taim
põllumajandusala,✓,,,,vald
põllumajandusloendus,,,,✓,tegevus
põllupind,✓,,,,esitus_mõõt
põllutöökool,✓,,,,ese_semio
põlvekoht,✓,,,,ese_riie
põnevus,,,✓,,omadus_psühh
põnt,✓,,,,kehaosa
põrand,✓,,,,objekt
põrandapind,✓,,,,esitus_mõõt
põrge,,,,✓,tegevus_tegu
põrgukatel,✓,,✓,,
põuakuiv,,,✓,,omadus_füüs
põud,,,✓,,nähtus_loodus
põõsastik,✓,,,,taim
põõsastu,✓,,,,taim
päeva lõpuks,,✓,,,abstr/konkr
päevavari,,,✓,,ese_instru
pähesaamine,,,✓,,nähtus_psühh
pähklimets,✓,,,,taim
päikesepool,✓,,,,omadus_kval
päikesereis,,,,✓,tegevus_tegu
päis,✓,,,,kehaosa_loom
pärastpoole,,✓,,,ADV_aeg
pärilussõda,,,,✓,tegevus
päriselu,,,✓,,nähtus
pärisorjus,,,✓,,nähtus
pärispõlv,,,✓,,nähtus
pärjapanek,,,,✓,tegevus_tegu
pärlikee,,,,✓,ese_kunst
pärnamets,✓,,,,taim
pärnik,✓,,,,taim
pärusmaa,✓,,,,abstr/konkr
pärusvaldus,✓,,,,abstr/konkr
päästeaktsioon,,,,✓,tegevus
päästekompanii,✓,,,,in_roll
pöögimets,✓,,,,taim
pööning,✓,,,,kehaosa
pöörak,✓,,,,abstr/konkr
pöördekoht,✓,✓,,,
pööring,,,,✓,tegevus
pöörlemisperiood,,✓,,,esitus_mõõt
pühaba,,✓,,,esitus
pühade vahe,,✓,,,tegevus_kõnetegu
pühadevahe,,✓,,,tegevus_kõnetegu
pühapäev,,✓,,,esitus
Püha Tool,✓,,,,abstr
püha õhtusöömaaeg,,,,✓,abstr/konkr
pühitsus,,,✓,,tegevus_tegu
püloon,✓,,,,ese_instru
püorröa,,,✓,,tegevus
püreksia,,,✓,,nähtus_loodus
püsi,,,✓,,omadus_aeg
püsikestvus,,,✓,,omadus_kval
püsirahastus,,,✓,,ese_raha
püsitus,,,✓,,omadus_kval
püst,✓,,,,omadus_füüs
püstak,✓,,,,ese_instru
püstasend,,,✓,,abstr_asend/suund
püstik,✓,,,,ese_instru
püstine,✓,,,,omadus_füüs
püstloodne,✓,,,,omadus_füüs
püstne,✓,,,,omadus_füüs
queer,,,✓,,inimene
raad,✓,,,,esitus
raada,✓,,,,in_roll
raadiosaatejaam,✓,,,,ese_instru
raadioteater,✓,,,,ese_kunst
raamatuaasta,,✓,,✓,
raamatuäri,✓,,,,tegevus
raba,✓,,,,materjal/aine
rabamatk,,,,✓,tegevus
rabandus,,,✓,,nähtus_psühh
rabedus,,,✓,,omadus_füüs
rahaauk,✓,,,,abstr
rahalaenaja,✓,,,,in_roll
rahaliit,✓,,,,abstr
rahamure,,,✓,,abstr/konkr
rahavahetus,,,,✓,tegevus
rahetera,,,✓,,nähtus_loodus
Rahukorpus,✓,,,,in_elukutse
rahukõnelused,,,,✓,tegevus
rahulikkus,,,✓,,omadus_psühh
rahuläbirääkimised,,,,✓,tegevus
rahupõli,,✓,✓,,
rahupõlv,,✓,✓,,
rahusadam,✓,,✓,,
rahuvalve,✓,,,,tegevus
rahvaesindus,✓,,,,in_roll
rahvakoosolek,,,,✓,in_roll
rahvaliikumine,,,,✓,tegevus
rahvaloendus,,,,✓,tegevus
rahvavõim,,,✓,,abstr/konkr
raiendik,✓,,,,taim
raiesmaa,✓,,,,taim
raiesmik,✓,,,,taim
raiestik,✓,,,,taim
raig,,,✓,,kehaosa
rajoon,✓,,,,abstr/konkr
raksu,,,✓,,tegevus
raksus,,,✓,,tegevus
rallikross,,,,✓,vald
rambus,,,✓,,nähtus_psühh
rammestus,,,✓,,nähtus_psühh
rammetus,,,✓,,nähtus_psühh
rand,✓,,,,ese_raha
rangis,,,✓,,omadus
rangjalad,,,✓,,kehaosa
rannavalve,✓,,,,tegevus
rannavesi,✓,,,,materjal/aine
rannavorm,,,✓,,omadus_füüs
rannaäärne,✓,,,,omadus_koht
rannikuvesi,✓,,,,materjal/aine
rappaminek,,,✓,,tegevus_tegu
raseduskuu,,✓,,,esitus_mõõt
rasedusnädal,,✓,,,esitus_mõõt
rattajälg,✓,,,,esitus_kujutis
rattaringlus,,,✓,,abstr/konkr
rattaroobas,✓,,,,esitus_kujutis
rattarööbas,✓,,,,esitus_kujutis
raudeesriie,,,✓,,ese_instru
raudtee,✓,,,,ese_instru
raudteepolitsei,✓,,,,in_elukutse
raugus,,,✓,,omadus
rautus,,,✓,,tegevus
raviprotseduur,,,,✓,tegevus
raviseanss,,,,✓,tegevus
rdt,✓,,,,ese_instru
reastus,,,✓,,tegevus
rebend,✓,,✓,,
redaan,✓,,,,ese_instru
redu,✓,,,,in_omadus
reede,,✓,,,esitus
reesõit,,,,✓,tegevus
registreerimine,,,,✓,tegevus_tegu
regulaararmee,✓,,,,in_roll
regulaarvägi,✓,,,,in_roll
reisikorraldaja,✓,,,,in_elukutse
reisipakett,,,,✓,tegevus
reisitee,✓,,,✓,
rekonkista,,,,✓,tegevus
rektoraat,✓,,,,inimene
relvakandmine,,,✓,,tegevus
relvakonflikt,,,✓,✓,
relvaüksus,✓,,,,in_elukutse
relvistu,✓,,,,abstr/konkr
rendileandja,✓,,,,in_tegija
renditaja,✓,,,,in_tegija
renessanss,,✓,,,nähtus
rentnik,✓,,,,in_roll
reostus,,,✓,,tegevus
repressiivaparaat,✓,,,,in_roll
repressiivorgan,✓,,,,in_elukutse
reserveeritud,,,✓,,omadus_kval
reservuaar,✓,,,,ese_instru
respekt,,,✓,,nähtus_psühh
restauratsioon,,✓,,,tegevus
restoranitelk,✓,,,,ese_instru
retentsioon,,,✓,,tegevus
retk,,,,✓,tegevus
reveranss,,,,✓,tegevus_tegu
revokatsioon,,,,✓,tegevus_tegu
revolutsioon,,,,✓,nähtus
rigiidsus,,,✓,,omadus_psühh
riid,,,,✓,tegevus_kõnetegu
riideruum,✓,,,,osa
riideäri,✓,,,,tegevus
riietusruum,✓,,,,osa
riigiamet,✓,,,,tegevus
riigieksam,,,,✓,tegevus
riigikassa,✓,,,,ese_raha
riigimets,✓,,,,taim
riigiorgan,✓,,,,inimene
riigipüha,,✓,,✓,
riigitelevisioon,✓,,,,abstr
riigitoit,,,✓,,toit
riigivõlg,,,✓,,ese_raha
riisiko,,,✓,,nähtus_psühh
riitus,,,,✓,tegevus
rikkumine,,,,✓,tegevus
rikutus,,,✓,,nähtus_psühh
rindealune,✓,,,,kehaosa
ringkanal,✓,,,,kehaosa_loom
ringkond,✓,,,,in_omadus
ringmäng,,,✓,,tegevus_mäng
ringreis,,,,✓,tegevus
ringsõit,,,,✓,tegevus
ringtreening,,,,✓,tegevus
rippliustik,✓,,,,nähtus_loodus
risk,,,✓,,nähtus_psühh
riskifond,✓,,,,ese_raha
ristakas,✓,,,,tegevus_tegu
ristikogudus,✓,,,,in_roll
ristimännik,✓,,,,taim
ristiretk,,,,✓,tegevus
rististe,,,✓,,abstr_asend/suund
ristitee,✓,,,✓,
ristlus,,,,✓,tegevus
ristsed,,,,✓,abstr/konkr
risttee,✓,,,,abstr
ristvõlv,✓,,,,kehaosa
rividrill,,,,✓,tegevus
riviharjutus,,,,✓,tegevus
rivikord,,,✓,,tegevus
riviteenistus,,,✓,,tegevus
riviõppus,,,,✓,tegevus
rogain,,,,✓,vald
rohekus,,,✓,,omadus_füüs_värv
roheline koridor,✓,,✓,,
rohevahetus,,,,✓,tegevus
roid,,,✓,,omadus_füüs
roidumus,,,✓,,nähtus_psühh
roie,✓,,,,kehaosa
roim,,,,✓,tegevus_tegu
romanss,,,,✓,ese_kunst
romantika,,,✓,,nähtus_psühh
Rombergi test,,,,✓,tegevus
romuralli,,,,✓,tegevus
roobas,✓,,,,esitus_kujutis
rool,,,✓,,ese_instru
roov,✓,,,,ese_instru
roovialune,✓,,,,omadus_koht
Roquefort,✓,,,,toit
rostra,✓,,,,ese_instru
rostvärk,✓,,,,ese_instru
rotatsism,,,✓,,nähtus_füüs
rotaviirus,,,✓,,objekt_loodus
rotund,✓,,,,ese_riie
rukkikuu,,✓,,,esitus
rullisõit,,,,✓,tegevus
rustika,✓,,,,abstr/konkr
rusutis,,,✓,,nähtus_psühh
rutt,,,✓,,konkr_omadus
rõivastusruum,✓,,,,osa
rõõmutus,,,✓,,omadus_psühh
rändtsirkus,✓,,,,in_elukutse
räni,,,✓,,materjal/aine
rännak,,,,✓,tegevus
rännakupuhkus,,✓,✓,,
räsasjalad,,,✓,,kehaosa
räsasjalgne,,,✓,,omadus
rätsepaiste,,,✓,,abstr_asend/suund
rätsepiste,,,✓,,abstr_asend/suund
räästaalune,✓,,,,omadus_füüs
röövkäik,,,,✓,tegevus
röövretk,,,,✓,tegevus
röövvallutus,,,,✓,tegevus
rübi,✓,,,,ese_instru
rügement,✓,,,,konkr
rühmareis,,,,✓,tegevus
rüngas,✓,,,,objekt_loodus
rünk,✓,,,,objekt_loodus
rüpp,✓,,,,kehaosa
rüselus,,,,✓,tegevus
rüsin,,,,✓,tegevus
rüüstekäik,,,,✓,tegevus
rüüsteretk,,,,✓,tegevus
saabumiskohv,,,,✓,toit_jook
saal,✓,,,,in_roll
saanisõit,,,,✓,tegevus
saaremets,✓,,,,taim
saarik,✓,,,,taim
saaste,,,✓,,VERB_tegevus
saatel,,,✓,,abstr
saatkond,✓,,,,inimene
saatus,,,✓,,abstr
sabajuurikas,,,✓,,kehaosa_loom
sabat,,✓,,✓,
sadul,✓,,,,ese_instru
saekaater,✓,,,,ese_instru
saetööstus,✓,,,,vald
sahtlipõhi,,,✓,,ese
Saint-Martin,✓,✓,,,
sakk,✓,,✓,,
saladus,,,✓,,abstr/konkr
salaliit,✓,,,,inimene
salaselts,✓,,,,inimene
salastatus,,,✓,,tegevus
salaühing,✓,,,,inimene
salu,✓,,,,taim
salukuusik,✓,,,,taim
salu-lehtmets,✓,,,,taim
salumets,✓,,,,taim
salumännik,✓,,,,taim
samasus,,,✓,,abstr
samasuvine,,✓,,,omadus
sammalduma,,,✓,,VERB_muutus
sanglepamets,✓,,,,taim
sanglepik,✓,,,,taim
sanktsioon,,,✓,,abstr/konkr
sara,✓,,,,ese_instru
sarapik,✓,,,,taim
sarapuumets,✓,,,,taim
sarikas,✓,,,,taim
sarimõrv,,,,✓,tegevus_tegu
sarkofaag,✓,,,,ese_anum
sasipusa,,,✓,,abstr
saun,✓,,,,tegevus
saunakamber,✓,,,,osa
saunaruum,✓,,,,osa
saunatagune,✓,,,,omadus_koht
savik,✓,,,,ese_instru
SE,✓,,,,esitus
seadistus,,,✓,,tegevus
seadusandja,✓,,,,in_roll
seaduseandja,✓,,,,in_roll
seaduspärasus,,,✓,,omadus_kval
sealilm,✓,,✓,,
seaveristamine,,,,✓,tegevus
sedapsi,,,✓,,ADV_viis
seedermännimets,✓,,,,taim
seedrimets,✓,,,,taim
seek,✓,,,,VERB_abstr
seenekülv,✓,,,,tegevus
seenelkäik,,,,✓,tegevus
seenelkäimine,,,,✓,tegevus
seenering,✓,,,,taim_seen
sees,,✓,,,ese_riie
segamets,✓,,,,taim
segatis,✓,,,,taim_liik
segiolek,,,✓,,nähtus_psühh
seik,,,,✓,abstr/konkr
seinatreening,,,,✓,tegevus
seisak,,,✓,,tegevus
seisund,,,✓,,abstr
seisus,,,✓,,inimene
seitel,✓,,,,esitus_kujutis
seitsmevõistlus,,,,✓,in_tegija
sekeldus,,,,✓,tegevus
sekretariaat,✓,,,,in_elukutse
selgusehetk,,,✓,,tegevus_tegu
selgushetk,,,✓,,tegevus_tegu
seljasirutus,,,✓,,tegevus_tegu
seltskond,,,✓,,inimene
selvekassa,✓,,,,ese_instru
semgal,✓,,,,in_rahvas
semukapitalism,,✓,,,abstr/konkr
sensatsioon,,,,✓,nähtus_psühh
sentimeeterlaine,✓,,,,nähtus_füüs
seong,,,✓,,inimene
separaatrahu,,,✓,,tegevus_kõnetegu
sept,,✓,,,esitus_arv
serveriruum,✓,,,,abstr/konkr
servik,✓,,,,taim
servis,✓,,,,kehaosa_loom
sesoon,,✓,,,omadus_aeg
sessioon,,✓,,✓,
sessioonõpe,,✓,,,tegevus
setsessioon,,,,✓,tegevus
shopping,,,,✓,tegevus
sibljak,✓,,,,taim
sidejaam,✓,,,,ese_instru
sidekoestumine,,,✓,,nähtus
sidesõlm,✓,,,,abstr/konkr
sidumispunkt,✓,,,,abstr/konkr
sihtpunkt,✓,,,,esitus_kujutis
siilakas,✓,,,,ese_riie
siksak,,,✓,,esitus_kujutis
silgukarp,✓,,,,ese_anum
sillaalune,✓,,,,omadus_füüs
sillutis,✓,,,,materjal/aine
silmad häbi täis,,,✓,,VERB_seisund
silmapete,,,✓,,nähtus
silotorn,✓,,,,abstr/konkr
sinimets,✓,,,,taim
sinnapoole,✓,,,,abstr
sipelgapesa,✓,,,,objekt_loodus
sisebassein,✓,,,,ese_instru
sisehaigus,,,✓,,vald
sisekeskkond,✓,,,,vald
sisekonflikt,,,✓,✓,
sisekriis,,,✓,✓,
siseolud,✓,,✓,,
sisesõda,,,,✓,tegevus
sisetüli,,,✓,,nähtus_psühh
sisevastuolu,,,✓,✓,
sisevooder,✓,,,,ese_riie
sisevägi,✓,,,,inimene
sissekukkumine,,,✓,✓,
sisselase,✓,,,,tegevus_tegu
sissenõudja,✓,,,,in_elukutse
sissesõit,✓,,,,tegevus
sissetungimine,,,,✓,tegevus_tegu
sisseuhtekiht,✓,,,,materjal/aine
sissisõda,,,✓,,tegevus
skaudilaager,,,,✓,tegevus
skautpataljon,✓,,,,in_roll
slipp,✓,,,,ese_instru
SO,✓,,,,esitus
soetõbine,,,✓,,in_omadus
sohk,,,✓,,tegevus
sokkel,✓,,,,ese_instru
solgiauk,✓,,,,abstr/konkr
sologaamia,,,,✓,nähtus
solontšakk,✓,,,,materjal/aine
soo,✓,,,,grupp
soojakadu,,,✓,,nähtus_füüs
soojamaareis,,,,✓,tegevus
soojatarbija,✓,,,,in_roll
soojus,,,✓,,nähtus_füüs
soojuskadu,,,✓,,nähtus_füüs
soolak,✓,,,,ese_instru
soolakamber,✓,,,,abstr/konkr
soolatüügas,,,✓,,objekt_loodus
soolokontsert,,,,✓,ese_kunst
soomets,✓,,,,taim
soop,✓,,,,materjal/aine
soot,✓,,,,ese_instru
sopis,✓,,✓,,
sopistis,✓,,✓,,
sordiin,,,✓,,ese_instru
sorptsioon,,,✓,,tegevus
sotnja,✓,,,,inimene
sotsieteet,✓,,,,inimene
spasm,,,✓,,nähtus_loodus
spektaakel,,,,✓,tegevus
spetsiifika,,,✓,,abstr/konkr_omadus
sponsorlus,,,✓,,tegevus
spontaanne tuntus,,,✓,,omadus_kval
spordialaliit,✓,,,,inimene
spordiliit,✓,,,,in_roll
spordiorganisatsioon,✓,,,,inimene
staadion,✓,,,,esitus_mõõt
staap,✓,,,,in_roll
staapel,✓,,,,materjal/aine
staatus,,,✓,,abstr
stagna,,✓,✓,,
stardijärjekord,✓,,✓,,
stardipauk,,,,✓,nähtus_füüs
stardiplatvorm,✓,,,,abstr/konkr
Stenbocki maja,✓,,,,in_roll
stepp,✓,,,,tegevus
stiilikas,,,,✓,omadus_kval
stividor,✓,,,,in_elukutse
stohhastiline,,,✓,,omadus
streigilaine,,,,✓,nähtus
stukkdekoor,✓,,,,ese_kunst
stuudium,,✓,,,tegevus
suaree,,,,✓,toit
subjektsus,✓,,,,in_roll
sudoku,,,✓,,tegevus_mäng
suguliige,✓,,,,kehaosa
suguti,✓,,,,kehaosa
suguvõimetus,,,✓,,nähtus_loodus
suhtekoolitus,,,,✓,tegevus
suhtes,,,✓,,abstr_asend/suund
suitsukäik,✓,,,,ese_instru
suitsulõõr,✓,,,,ese_instru
sukasäär,✓,,,,ese_riie
sulgus,✓,,✓,,
sumin,,,✓,,nähtus_füüs
sundasumine,,,✓,,tegevus
sundhirm,,,✓,,nähtus_psühh
sundpuhkus,,✓,,✓,
supersümmeetria,,,✓,,omadus_füüs
supp,,,✓,,toit
surimuri,,,✓,,omadus_kval
surmalõks,✓,,,,ese_instru
surmauni,,,✓,,nähtus_loodus
surmaöö,,✓,✓,,
surnud punkt,✓,,✓,,
surra-murra,,,✓,,omadus_kval
surramurra,,,✓,,omadus_kval
suud-silmad häbi täis,,,✓,,VERB_seisund
suue,✓,,,,ese
suurfavoriit,✓,,,,in_roll
suurhall,✓,,,,loom
suurloož,✓,,,,in_roll
suurpüük,,,,✓,tegevus
suurriik,✓,,,,inimene
suurrünnak,,,,✓,tegevus_tegu
suursoosik,✓,,,,in_roll
suur sport,,,,✓,tegevus
suurushullus,,,✓,,nähtus_psühh
suurushullustus,,,✓,,nähtus_psühh
suusarada,✓,,,,tegevus
suusareis,,,,✓,tegevus
suvehari,,✓,,,osa
suvepesa,✓,,,,objekt_loodus
suveräänsus,,,✓,,omadus_psühh
suvesüda,,✓,,,osa
SW,✓,,,,esitus_tähis
sõda,,,,✓,tegevus
sõdurileib,,,✓,,toit
sõelmäng,,,,✓,tegevus_tegu
sõidutund,,,,✓,esitus_mõõt
sõjaajalugu,,✓,,,vald
sõjakohus,✓,,,,tegevus
sõjaliin,✓,,,,tegevus
sõjamasin,,,✓,,ese_instru
sõjapagu,,,✓,,tegevus
sõjarinne,✓,,,,tegevus
sõjatee,✓,,,,tegevus_tegu
sõjateenistus,,,✓,,tegevus
sõjatribunal,✓,,,,tegevus
sõjatuli,,,,✓,tegevus
sõjavanker,,,✓,,ese_instru
sõjaväekomisjon,✓,,,,in_roll
sõjaväeorkester,✓,,,,in_elukutse
sõjaväeosa,✓,,,,in_roll
sõjaväepost,✓,,,,in_roll
sõjaväeteenistus,,,✓,,tegevus
sõjavägi,✓,,,,inimene
sõjaväli,✓,,,,tegevus
sõlmpunkt,✓,,,,abstr
sõltuvus,,,✓,,abstr
sõpruskohtumine,,,,✓,tegevus_tegu
sõprusmäng,,,,✓,tegevus_tegu
sõprusvisiit,,,,✓,tegevus_tegu
sõrendus,✓,,,,abstr/konkr
sõu,,,,✓,ese_riie
säng,✓,,,,ese_instru
sääsekubel,,,✓,,objekt
sääsekupp,,,✓,,objekt
sääsepunn,,,✓,,objekt
säästukas,✓,,,,ese_instru
söögiaeg,,✓,,✓,
söögikord,,✓,,✓,
söögimaja,✓,,,,ese
söömaaeg,,,,✓,toit
söömakord,,✓,,✓,
sööstlend,,,✓,,tegevus_tegu
sööti,,,✓,,ADV_seisund
söötis,,,✓,,ADV_seisund
süda läheb pahaks,,,✓,,nähtus_psühh
südasuvi,,✓,,,osa
sügavik,✓,,✓,,
sügisjaht,,,,✓,tegevus
sügismaastik,✓,,,,ese_kunst
sügispime,,,✓,,omadus_füüs
sülelus,,,✓,,tegevus_tegu
süles,,,✓,,ADV_koht
sülest,,,✓,,ADV_koht
sülle,,,✓,,ADV_koht
sümbioos,,,✓,,nähtus_loodus
sümbioosne,,,✓,,omadus_füüs
sümbiootiline,,,✓,,omadus_füüs
sündmus,,,,✓,abstr
sünkro,,,✓,,ese_instru
sünkroon,,,✓,,omadus_aeg
sünna,,✓,,✓,
sünnipäev,,✓,,✓,
sünnitamine,,✓,,✓,
sünnitus,,✓,,✓,
sünostoos,✓,,✓,,
sürjamets,✓,,,,taim
süvaklass,✓,,,,in_roll
süvauni,,,✓,,abstr/konkr
süvendus,✓,,,,VERB_muutus
süvis,✓,,,,omadus_füüs
süüdost,✓,,,,esitus
süüdvest,✓,,,,esitus_tähis
süüme,,,✓,,omadus_psühh
süümepiin,,,✓,,nähtus_psühh
süütus,,,✓,,materjal/aine
šeflus,,,✓,,tegevus
šoping,,,,✓,tegevus
šoppamine,,,,✓,tegevus
šott,✓,,,,toit_jook
taasiseseisvumispäev,,✓,,✓,
taasiseseisvuspäev,,✓,,✓,
taastulek,,,,✓,tegevus_muutus
taba,,,✓,,ese_instru
tabeldi,✓,,,,ese_instru
tabeldusklahv,✓,,,,ese_instru
tabulaator,✓,,,,ese_instru
taevapiir,✓,,,,esitus_kujutis
taevarand,✓,,,,esitus_kujutis
taevaserv,✓,,,,esitus_kujutis
taevast kukkunud,,,✓,,omadus_kval
taevaveer,✓,,,,esitus_kujutis
taevaäär,✓,,,,esitus_kujutis
tagakamber,✓,,,,kehaosa
tagalateenistus,✓,,,,tegevus
tagamets,✓,,,,taim
tagaplaan,✓,,,,abstr
tagasikutsumine,,,,✓,tegevus_tegu
tagasitee,✓,,,,tegevus
tagatipp,✓,,,,abstr/konkr
tagatiseandja,✓,,,,inimene
tagatisparandus,✓,,,,tegevus
tagatrepp,✓,,,,tegevus
tagatuba,✓,,,,inimene
tagauks,✓,,,,esitus_info
tagavaratee,✓,,,,abstr
tagupool,✓,,,,kehaosa
tahtepingutus,,,✓,,tegevus
taigamets,✓,,,,taim
taimekahjustaja,,,✓,,loom
taimelava,✓,,,,abstr/konkr_omadus
Taizé,✓,,,,abstr/konkr
take-away,✓,,,,toit
taksojärjekord,,✓,,,inimene
taksopark,✓,,,,ese_instru
talasild,✓,,,,ese_instru
tali,,✓,,,ese_instru
talikross,,,,✓,tegevus
talilaager,,,,✓,tegevus
tallermaa,✓,,,,abstr
talu,✓,,,,esitus
talumajapidamine,✓,,,,tegevus
talumets,✓,,,,taim
talurahvaliikumine,,,,✓,tegevus
talvekuu,,✓,,,esitus
talvemaastik,✓,,,,ese_kunst
talvepuhkus,,✓,,,tegevus
tammemets,✓,,,,taim
tammik,✓,,,,taim
tander,✓,,,,vald
tanner,✓,,,,vald
tantsing,,,,✓,tegevus
tants ja trall,,,,✓,tegevus
tantsukool,✓,,,,abstr
tantsutreening,,,,✓,tegevus
tantsutrenn,,,,✓,tegevus
tapatall,✓,,,,loom
tappliide,✓,,,,ese_instru
tappseotis,✓,,,,ese_instru
tarnija,✓,,,,in_elukutse
tarre,,,✓,,materjal/aine
tarvitaja,✓,,,,in_roll
tasakaalustus,,,✓,,tegevus_muutus
tasakaalutunne,,,✓,,nähtus_psühh
tasemel,,,✓,,omadus_kval
tatitaud,,,✓,,kehaosa
tavalisus,,,✓,,omadus_kval
tavapära,,,✓,,omadus_kval
tavapärasus,,,✓,,omadus_kval
tavatarbija,✓,,,,in_roll
teadusnõukogu,✓,,,,inimene
teadvusetu,,,✓,,omadus_psühh
teekünnis,✓,,,,ese_instru
teelahe,✓,,,,abstr
teemantpulm,,✓,,✓,
teemanädal,,✓,,✓,
teenistuskoht,✓,,,,abstr
teenusetõkestusrünne,,,,✓,tegevus
teenustõkestusrünnak,,,,✓,tegevus
teeots,✓,,,,abstr_asend/suund
teerada,✓,,,,abstr
teereis,,,,✓,tegevus
teeroobas,✓,,,,esitus_kujutis
teerööbas,✓,,,,esitus_kujutis
teesulg,✓,,✓,,
teetruup,✓,,,,ese_instru
teetähis,,,,✓,ese_semio
teeäärne,✓,,,,omadus_koht
tegelusmaja,✓,,,,ese_instru
tegevteenistus,,,✓,,tegevus
tegevusväli,✓,,,,vald
tehnostress,,,✓,,nähtus_psühh
teisipäev,,✓,,,esitus
TEJ,✓,,,,esitus
tej,✓,,,,esitus
tekialune,✓,,,,omadus_koht
tekk,✓,,,,ese_riie
telefonijaam,✓,,,,ese_instru
telefonikapp,✓,,,,ese_instru
telefonikeskjaam,✓,,,,ese_instru
telefonimüüja,✓,,,,in_elukutse
telegraafijaam,✓,,,,ese_instru
televisioonijaam,✓,,,,ese_instru
televisioonisaatejaam,✓,,,,ese_instru
telkkatus,✓,,,,ese_instru
telkkiiver,✓,,,,osa
telklaager,✓,,,✓,
tellija,✓,,,,in_tegija
telliseahi,✓,,,,ese_instru
templiteenistus,,,✓,✓,
temposõit,,,,✓,tegevus
tenuur,,,✓,,abstr/konkr
teopäev,,✓,,,abstr/konkr
teostus,,,✓,,tegevus
teralisus,,,✓,,omadus_füüs
teraskonstruktsioon,✓,,,,ese_instru
terastarind,✓,,,,ese_instru
terasus,,,✓,,omadus_psühh
teraviljakultuur,✓,,,,taim_liik
teravkaar,✓,,,,esitus_kujutis
teravmeel,,,✓,,omadus_psühh
teritus,,,✓,,tegevus
terminal,✓,,,,ese_instru
termokamber,✓,,,,ese_anum
termokapp,✓,,,,ese_anum
territoriaalne puutumatus,,,✓,,abstr
terrorirünnak,,,,✓,tegevus_tegu
terrorivõrgustik,✓,,,,inimene
terrorivõrk,✓,,,,inimene
tertsiaar,,✓,,,in_roll
terviseklubi,✓,,,,in_omadus
terviserike,,,✓,,nähtus_loodus
terviseärevus,,,✓,,nähtus_psühh
tervituskohv,,,,✓,toit_jook
tesaurus,✓,,,,ese_semio
tihend,✓,,,,ese_instru
tikutööstus,✓,,,,vald
tillikas,,,✓,,tegevus
ting,,,,✓,organism
tinutus,✓,,,,tegevus
tippklass,,,✓,,omadus_kval
tiriseis,,,✓,,tegevus
titeootele,,,✓,,ADV_seisund
titepuhkus,,✓,✓,,
tn,✓,,,,in_rahvas_keel
toenglamang,,,✓,,abstr_asend/suund
toestuskaar,✓,,,,ese_instru
toetajaliige,✓,,,,in_roll
toetuspind,✓,,,,inimene
toetuspunkt,✓,,,,abstr
toiduahel,,,✓,,abstr
toiduala,✓,,,,vald
toidukord,,✓,,✓,
toidukäitleja,✓,,,,in_elukutse
toiduohutus,,,✓,,vald
toiduvõrgustik,✓,,,,abstr
toimetulek,,,✓,,abstr
toimetulemine,,,✓,,abstr
toitepind,✓,,,,abstr
toitumisahel,,,✓,,abstr
Tokaj,✓,,,,toit_jook
toom,✓,,,,taim
Toompea,✓,,,,in_elukutse
toonus,,,✓,,nähtus_psühh
tooraineallikas,✓,,,,materjal/aine
tootetutvustus,,,,✓,esitus_info
tootjaorganisatsioon,✓,,,,inimene
tootmisala,✓,,,,vald
tootmistsükkel,,✓,,,abstr/konkr
topeltmõrv,,,,✓,tegevus_tegu
topless,,,✓,,ADV_viis
torkav,,,✓,,omadus_kval
tormikeeris,,,✓,,nähtus_loodus
tormivari,✓,,✓,,
torm ja tung,,,✓,,nähtus_psühh
torn,✓,,,,ese_instru
torsioon,,,✓,,nähtus
toruliide,✓,,,,ese_instru
traagika,,,✓,,nähtus_psühh
traali-vaali,,,,✓,tegevus
traalivaali,,,,✓,tegevus
traditsioon,,,,✓,abstr/konkr
tragikomöödia,,,,✓,ese_kunst
tragism,,,✓,,nähtus_psühh
trakt,✓,,,,organism
trall,,,,✓,tegevus
trammiliin,✓,,,,ese_instru
trammipark,✓,,,,ese_instru
trammitee,✓,,,,ese_instru
trampliin,✓,,,,ese_instru
treening,,,,✓,tegevus
treeninglaager,✓,,,✓,
treeningtund,,✓,,✓,
treeningulaager,✓,,,✓,
treeningutund,,✓,,✓,
trehter,✓,,,,ese_instru
trenn,,,,✓,tegevus
trepialune,✓,,,,omadus
trepikoda,✓,,,,ese_instru
trepipealne,✓,,,,omadus_koht
trial,,,,✓,tegevus
tribunal,✓,,,,inimene
triibuline nimekiri,,,✓,,ese_semio
trill ja trall,,,,✓,tegevus
trill-trall,,,,✓,tegevus
triloog,,,,✓,tegevus
troopikamets,✓,,,,taim
trumm,✓,,,,ese_instru
trust,✓,,,,nähtus_psühh
truup,✓,,,,ese_instru
trükipilt,,,✓,,esitus_kujutis
trükkiminek,,,,✓,tegevus
trümoo,✓,,,,ese
tsemendi peal,,,✓,,ADV_seisund
tsemendi peale,,,✓,,ADV_seisund
tsensus,,,,✓,abstr/konkr
tsenter,✓,,,,in_elukutse
tsentralisatsioon,,,✓,,tegevus
tseremoonia,,,,✓,tegevus
tsirk,✓,,,,loom_lind
tsirkusetelk,✓,,,,ese_instru
tsiviilala,✓,,,,vald
tsiviilhageja,✓,,,,in_roll
tsükliõpe,,✓,,,tegevus
tšarter,,,,✓,ese_semio
tšarterreis,,,,✓,tegevus
tšellokontsert,,,,✓,ese_kunst
tšill,,,✓,,omadus_kval
tudengipõlv,,✓,✓,,
tugikaar,✓,,,,ese_riie
tugikonstruktsioon,✓,,,,ese_instru
tugiliit,✓,,,,inimene
tugipunkt,✓,,,,abstr
tugitarind,✓,,,,ese_instru
tuhandeaastane,,✓,,,omadus_aeg
tuige,,,✓,,tegevus
tuimastus,,,✓,,tegevus_tegu
tuimestus,,,✓,,tegevus_tegu
tuimus,,,✓,,nähtus_psühh
tulbandik,✓,,,,ese
tulejoon,✓,,,,abstr_asend/suund
tulek,,,,✓,tegevus
tulekolle,✓,,,,ese_instru
tulemüür,✓,,,,ese_instru
tulepesa,✓,,,,ese_instru
tuleproov,,,,✓,tegevus_tegu
tuleristsed,,,,✓,tegevus_tegu
tulestik,,,,✓,nähtus_füüs
tuletõrje,✓,,,,vald
tulevikulootus,,,✓,,in_omadus
tulipunkt,✓,,,,abstr/konkr
tulprinnatis,✓,,,,ese
tulukooslus,,,✓,,nähtus_loodus
tulundusühistu,✓,,,,esitus
tumendus,✓,,,,tegevus
tunaeilne,,✓,,,omadus_aeg
tundeliigutus,,,✓,,nähtus_psühh
tunnelnägemine,,,✓,,nähtus_psühh
tunnike,,✓,✓,,
tunnikene,,✓,✓,,
tuntus,,,✓,,omadus_kval
tupiktee,✓,,,,abstr
turiseis,,,✓,,tegevus
turjal,,,✓,,omadus_kval
turjale,,,✓,,omadus_kval
turjalt,,,✓,,omadus_kval
turjapealne,✓,,,,omadus_koht
turnee,,,,✓,tegevus
turuosaline,✓,,,,in_roll
turvapaik,✓,,,,ese_semio
turvateenistus,✓,,,,tegevus
turve,,,✓,,tegevus
tusk,,,✓,,nähtus_psühh
tuubus,✓,,,,ese_instru
tuukriekspeditsioon,,,,✓,tegevus
tuulepagu,✓,,,,nähtus_loodus
tuulevari,✓,,✓,,
tuulik,✓,,,,ese_instru
tuumaarsenal,✓,,,,ese_instru
tuumaelektrijaam,✓,,,,esitus
tuumajaam,✓,,,,esitus
tuumajõujaam,✓,,,,esitus
TuÜ,✓,,,,esitus
tõbi,,,✓,,abstr
tõenäosuslik,,,✓,,omadus
tõmbetuul,,,✓,,nähtus_füüs
tõrjelahing,,,,✓,tegevus_tegu
tõstand,✓,,,,esitus_mõõt
tõus-mõõn,,,✓,,nähtus_loodus
tõvevoodi,,,✓,,ese_instru
täienduskursus,,,,✓,tegevus
täisgaas,,,✓,,tegevus
täisküpsus,,,✓,,omadus
täistabamus,,,,✓,abstr
täisõitsemine,,✓,✓,,
täisõitseng,,✓,✓,,
täitevosakond,✓,,,,inimene
täituvus,,,✓,,omadus
tänavapool,✓,,,,abstr_asend/suund
tänavaraudtee,✓,,,,ese_instru
tänavune,,✓,,,omadus_aeg
tärgeldus,,,✓,,tegevus
tööesi,✓,,,,abstr/konkr
tööiga,,✓,,,abstr
tööjaam,✓,,,,ese_instru
töökool,✓,,,,tegevus
töölõik,✓,,,,tegevus
tööobjekt,✓,,,,ese
tööohutus,,,✓,,abstr/konkr
tööpaik,✓,,,,tegevus
tööpind,✓,,,,ese_instru
tööreis,,,,✓,tegevus
töörinne,✓,,,,tegevus
tööstress,,,✓,,nähtus_psühh
tööstus,✓,,,,vald
töösõit,,,,✓,tegevus
töötleja,✓,,,,in_elukutse
töötuba,✓,,,✓,
tühisus,,,✓,,nähtus
tüng,,,✓,,tegevus
türm,✓,,,,abstr/konkr
tüsistus,,,✓,,nähtus
tütarettevõte,✓,,,,abstr
tütarfirma,✓,,,,abstr
tüüfushaige,,,✓,,in_omadus
uberik,✓,,,,omadus
udumets,✓,,,,taim
ujutus,,,,✓,nähtus_loodus
uksealune,✓,,,,omadus_koht
ukseesine,✓,,,,omadus_koht
ukselävi,✓,,✓,,
uksetagune,✓,,,,omadus_koht
ulakus,,,✓,,tegevus_tegu
ultratriatlon,,,,✓,vald
uluss,✓,,,,in_rahvas
umbharu,✓,,,,abstr/konkr
umbrohtumus,,,✓,,esitus_mõõt
umbrohusus,,,✓,,esitus_mõõt
umbtee,✓,,,,abstr
ummiktee,✓,,,,abstr
ummistus,,,✓,,tegevus
ummistusrünnak,,,,✓,tegevus
ummistusrünne,,,,✓,tegevus
unerähm,,,✓,,materjal/aine
uni,,,✓,,nähtus_psühh
unisoon,,,✓,,nähtus_füüs
uppumissurm,,,,✓,tegevus_tegu
uruauk,✓,,,,kehaosa
usalduskriis,,,✓,✓,
usaldusühing,✓,,,,esitus
UTC,,✓,,,esitus_mõõt
utiil,✓,,,,materjal/aine
utsin,,,✓,,tegevus_tegu
uudismoodustis,,,✓,,esitus_keel
uuk,✓,,,,ese_instru
uure,✓,,,,ese_instru
uurimisala,✓,,,,vald
uurimisreis,,,,✓,tegevus
uurimisretk,,,,✓,tegevus
uuris,✓,,✓,,
uusaasta,,✓,,✓,
uusaastapäev,,✓,,✓,
uusehitus,✓,,,,tegevus
uusmoodustis,,,✓,,esitus_keel
uus must,,,✓,,omadus_kval
uusvasakpoolsus,,,✓,,omadus_kval
UÜ,✓,,,,esitus
vaakumkamber,✓,,,,ese_instru
vaateaken,✓,,,,ese_instru
vaatemäng,,,,✓,tegevus
vaateväli,✓,,,,abstr
vaatluspost,✓,,,,inimene
vaatlusvõrk,✓,,,,inimene
vaatus,,,,✓,ese_kunst
vabadus,,,✓,,abstr
vabajooks,,,✓,,tegevus
vabakäik,,,✓,,tegevus
vabasurm,,,,✓,tegevus_tegu
vabavaht,,✓,,,inimene
vabaõhukino,✓,,,✓,
vabaõhuteater,✓,,,✓,
vaegsoojumus,,,✓,,nähtus
vaesteabi,✓,,,,tegevus
vagu,✓,,,,esitus_mõõt
vahaküps,,,✓,,omadus
vaheala,✓,,,,abstr/konkr
vahefiniš,✓,,,,abstr
vahekohus,✓,,,,in_roll
vaheldus,,,,✓,tegevus
vahelt,,✓,,,abstr
vahepeal,✓,✓,,,
vaheruum,✓,✓,,,
vahetekk,✓,,,,ese_riie
vahetsi,✓,✓,,,
vahetund,,✓,,✓,
vahikord,,✓,,,tegevus
vahtimine,,,✓,,tegevus
vahtkond,✓,,,,inimene
vahtramets,✓,,,,taim
vahtrik,✓,,,,taim
vaigupesa,✓,,,,materjal/aine
vaigutuslõige,✓,,,,tegevus_tegu
vaikusminut,,✓,,✓,
vaimuvald,✓,,,,abstr
vaimuärksus,,,✓,,omadus_psühh
vajak,,,✓,,omadus
vajuk,✓,,,,osa
vaksaliesine,✓,,,,omadus_koht
vakus,✓,,,✓,
valdus,✓,,,,abstr
valdusala,✓,,,,abstr
Valge Maja,✓,,,,inimene
valgmik,✓,,,,ese_instru
valgmikaken,✓,,,,ese_instru
valguskiir,,,✓,,nähtus_füüs
valgustatus,,,✓,,esitus_mõõt
valgustundlik,,,✓,,omadus_füüs
valgustundlikkus,,,✓,,nähtus_füüs
valitsemisohjad,,,✓,,abstr/konkr
valitsusaparaat,✓,,,,in_roll
valitsuskriis,,,✓,✓,
valitsusohjad,,,✓,,abstr/konkr
vallandamine,,,,✓,tegevus
vallutusretk,,,,✓,tegevus
valmisreis,,,,✓,tegevus
valmistaja,✓,,,,in_tegija
valts,✓,,,,ese_instru
valtsliide,✓,,,,ese_instru
valuutafond,✓,,,,ese_raha
valuutaliit,✓,,,,abstr
valvekord,,✓,,,tegevus
valveteenistus,✓,,,,tegevus
vana kuu,,✓,,,nähtus_loodus
vanakuu,,✓,,,nähtus_loodus
vanapõlv,,✓,,,abstr
vandeselts,✓,,,,inimene
vangistus,,,✓,,tegevus
vangitorn,✓,,✓,,
varakapitalism,,✓,,,abstr/konkr
varakristlus,,✓,,,abstr
varakus,,,✓,,ese_raha
vare,✓,,,,in_omadus
vargapesa,✓,,,,ese_instru
varietee,✓,,,✓,
varjamine,,,✓,,tegevus
varsti,,✓,,,ADV_aeg
vasakpoolsus,,,✓,,omadus_kval
vasikaiga,,✓,✓,,
vastasnurk,✓,,,,esitus_kujutis
vastaspool,✓,,,,in_omadus
vastast,✓,,✓,,
vastavus,,,✓,,abstr
vastlakuu,,✓,,,esitus
vastuhakkamine,,,,✓,tegevus
vastulöök,,,,✓,tegevus_tegu
vastunäidustus,,,✓,,nähtus
vastupidavustreening,,,,✓,tegevus
vastupidavustrenn,,,,✓,tegevus
vasturünnak,,,,✓,tegevus_tegu
vastutaja,✓,,,,in_roll
vastutusala,✓,,,,abstr
vastuvõtutund,,✓,,✓,
veatus,,,✓,,omadus_kval
veebr,,✓,,,esitus
veebruar,,✓,,,esitus
veebruarikuu,,✓,,,esitus
vee ja leiva peal,,,✓,,ADV_koht
veejuhe,✓,,,,ese_instru
veejõujaam,✓,,,,esitus
veekalkvel,,,✓,,ADV_seisund
veekalkvele,,,✓,,ADV_seisund
veekiht,✓,,,,materjal/aine
veekogur,✓,,,,ese_instru
veelahe,✓,,,,abstr
veelase,✓,,,,konkr
veelaud,✓,,,,ese_instru
veerandaasta,,✓,,,esitus
veerandmiil,✓,,,,esitus_mõõt
veerest,✓,,,,ADV_koht
veeris,✓,,,,materjal/aine
veesurm,,,,✓,tegevus_tegu
veesõda,,,,✓,tegevus
veetõke,✓,,,,materjal/aine
veeälevil,,,✓,,ADV_seisund
veeälevile,,,✓,,ADV_seisund
vekslimaakler,✓,,,,in_elukutse
vennastus,,,,✓,tegevus
vennatapusõda,,,,✓,tegevus_tegu
ventilatsioonilõõr,✓,,,,ese_instru
verehüüve,,,✓,,materjal/aine
verejooks,,,✓,,nähtus_füüs
vereteenistus,✓,,,,tegevus
verevaesus,,,✓,,omadus_kval
vertikaalasend,,,✓,,abstr_asend/suund
vertikaalne,✓,,,,omadus_füüs
vesiikul,✓,,,,kehaosa
vesikest,✓,,,,kehaosa
veski,✓,,,,ese_instru
vestlusring,,,,✓,tegevus
via crucis,✓,,,✓,
via dolorosa,✓,,,✓,
Victoria,✓,,,,taim
videvik,,✓,✓,,
videvikuaeg,,✓,✓,,
videvikutund,,✓,✓,,
vidus,,✓,✓,,
vigastuspaus,,✓,✓,,
vigiil,,,,✓,in_roll
vigiilia,,,,✓,in_elukutse
vigurmarss,,,,✓,tegevus
vihmamets,✓,,,,taim
viies aastaaeg,,✓,,,nähtus_loodus
viievõistlus,,,,✓,vald
viimane uni,,,✓,,abstr
viinaaur,,,✓,,nähtus_füüs
viinakuu,,✓,,,esitus
viinamonopol,✓,,,,abstr
viinasurm,,,,✓,tegevus_tegu
viinatööstus,✓,,,,vald
viisaruum,✓,,,,abstr
viiulikontsert,,,,✓,ese_kunst
vikariaat,✓,,,,abstr/konkr
vikkel,✓,,,,esitus_kujutis
viletsus,,,✓,,omadus
viletsusepäevad,,✓,✓,,
viletsuspäevad,,✓,✓,,
viljakuivati,✓,,,,ese_instru
viljasalv,✓,,,,ese_anum
viljaveski,✓,,,,ese_instru
vilu,,,✓,,omadus_füüs
vimperg,✓,,,,osa
vine,,,✓,,nähtus_füüs
vinn,,,✓,,ese_instru
vinnastus,,,✓,,tegevus
vintskap,✓,,,,ese_instru
virgumine,,,✓,,tegevus
Viru,✓,,,,omadus_koht
visin,,,✓,,nähtus_füüs
viskejoon,✓,,,,abstr_asend/suund
vitriinaken,✓,,,,ese_instru
vodevill,,,,✓,ese_kunst
volber,,✓,,✓,
volbriöö,,✓,,✓,
voodialune,✓,,,,omadus_koht
voodiase,✓,,,,ese_instru
voodinurk,✓,,,,ese_instru
voolmed,,,✓,,ese_instru
voolutarbija,✓,,,,in_roll
vorstivabrik,✓,,,,abstr
vulva,✓,,,,kehaosa
vundament,✓,,,,abstr/konkr
võidumees,✓,,,,in_omadus
võidupärg,,,,✓,ese
võiduvärav,✓,,,,tegevus
võimeteproov,,,,✓,tegevus
võimuaparaat,✓,,,,in_roll
võimukriis,,,✓,✓,
võimukõnelused,,,,✓,tegevus_kõnetegu
võimuläbirääkimised,,,,✓,tegevus_kõnetegu
võimuohjad,,,✓,,abstr/konkr
võimuorgan,✓,,,,inimene
võistlemine,,,,✓,tegevus
võistlus,,,,✓,nähtus
võistluskalender,,✓,,,abstr/konkr
võistlusnärv,,,✓,,omadus_psühh
võistluspaus,,✓,✓,,
võistluspinge,,,✓,,nähtus_psühh
võistlusreis,,,,✓,tegevus
võistulaulmine,,,,✓,tegevus
võistumängimine,,,,✓,tegevus
võitja,✓,,,,in_omadus
võitlus,,,,✓,tegevus
võitlusväli,✓,,,,abstr
võlaandja,✓,,,,in_omadus
võlanõudja,✓,,,,in_elukutse
võlausaldaja,✓,,,,in_omadus
võlv,✓,,,,kehaosa
võlvialune,✓,,,,omadus_koht
võlvipealne,✓,,,,omadus_koht
võpsik,✓,,,,taim
võrepuur,✓,,,,ese_instru
võrkpalliklubi,✓,,,,in_tegija
võsa,✓,,,,taim
võsaalune,✓,,,,omadus
võsandik,✓,,,,taim
võsastik,✓,,,,taim
võserik,✓,,,,taim
võsik,✓,,,,taim
võtmeala,✓,,,,vald
võtmekoht,✓,,✓,,
võõrandamatus,,,✓,,omadus_kval
võõrusele,✓,,,,ADV_koht
võõrusetendus,,,,✓,tegevus
võõrutusnäht,,,✓,,nähtus
väeliin,✓,,,,tegevus
väeosa,✓,,,,in_roll
väerind,✓,,,,tegevus
väerinne,✓,,,,tegevus
vägivallaaparaat,✓,,,,in_roll
vägivallapuhang,,,,✓,omadus_psühh
vähesus,,,✓,,omadus_kval
vähikatk,,,✓,,loom
väiketarbija,✓,,,,in_roll
väiketööstus,✓,,,,vald
väin,✓,,,,esitus
väitlus,,,,✓,tegevus_kõnetegu
väli,✓,,,,abstr
välibassein,✓,,,,ese_instru
välikino,✓,,,✓,
välilaager,✓,,,✓,
välisilm,✓,,,,nähtus_loodus
väliskest,✓,,,,nähtus_psühh
välismaa,✓,,,,omadus_koht
välismaailm,✓,,,,nähtus_loodus
välismissioon,,,,✓,tegevus
välispiir,✓,,,,abstr
välissõit,,,,✓,tegevus
väljaandmine,,,,✓,tegevus
väljaastumine,,,,✓,tegevus
väljakaevamised,,,,✓,tegevus
väljalangemismäng,,,,✓,tegevus_tegu
väljalangemissüsteem,,,,✓,abstr/konkr
väljalask,✓,,,,tegevus_tegu
väljamarss,,,,✓,tegevus
väljapääsutee,✓,,,,abstr
väljasopistis,✓,,✓,,
väljasopistus,✓,,✓,,
väljasõit,,,,✓,tegevus
väljauhtekiht,✓,,,,materjal/aine
väljavaade,,,✓,,abstr
välkrünnak,,,,✓,tegevus_tegu
väntsutus,,,✓,,tegevus
väravaalune,✓,,,,omadus_koht
väravaesine,✓,,,,omadus_koht
Värska,✓,,,,toit_jook
värvikirevus,,,✓,,omadus_füüs_värv
värviline revolutsioon,,✓,,✓,
väsimus,,,✓,,nähtus_füüs
väss,,,✓,,omadus_kval
vässu,,,✓,,omadus_kval
vööde,✓,,,,kehaosa
vöönd,✓,,,,abstr/konkr
vöötrada,✓,,,,esitus_kujutis
Walpurgi öö,,✓,,✓,
win-win,,,✓,,omadus_kval
woke,,,✓,,omadus_psühh
õhetus,,,✓,,nähtus
õhkkümblus,,,✓,,tegevus_tegu
õhtueha,,✓,,,nähtus_loodus
õhtuhämarik,,✓,✓,,
õhtuhämarus,,✓,✓,,
õhtukuma,,✓,,,nähtus_loodus
õhtuline,,,,✓,toit
õhtupoolis,,,,✓,toit
õhtupuna,,✓,,,nähtus_loodus
õhtuvidevik,,✓,✓,,
õhuauk,✓,,,,nähtus_füüs
õhuke rahakott,,,✓,,omadus_kval
õhulõõr,✓,,,,ese_instru
õhulöök,,,,✓,tegevus_tegu
õhureis,,,,✓,tegevus
õhureostus,,,✓,,tegevus
õhurünnak,,,,✓,tegevus_tegu
õhusaaste,,,✓,,tegevus
õhuvann,,,✓,,tegevus_tegu
õieaeg,,✓,,,ADV_aeg
õieehtes,,,✓,,ADV_viis
õies,,,✓,,omadus_psühh
õiglane üleminek,,,,✓,tegevus
õigusinstituut,✓,,,,abstr/konkr
õigusjõud,,,✓,,omadus_kval
õigusjärglane,✓,,,,in_roll
õiguskaitseorgan,✓,,,,inimene
õigusorgan,✓,,,,in_roll
õigusruum,✓,,,,abstr
õitsel,,,✓,,ADV_viis
õitsemisaeg,,✓,,,ADV_aeg
õitseng,,✓,✓,,
õlgmik,✓,,,,ese_instru
õlitase,,,✓,,omadus_füüs
õlleaur,,,✓,,nähtus_füüs
õllesoe,,,✓,,omadus
õlletööstus,✓,,,,vald
õnnemaa,✓,,✓,,
õnnepõli,,✓,✓,,
õnnepõlv,,✓,✓,,
õnnistamispäev,,✓,,✓,
õpikeskkond,✓,,,,ese_semio
õpitud abitus,,,✓,,nähtus
õppelaskmine,,,,✓,tegevus
õppepäev,,✓,,✓,
õppereis,,,,✓,tegevus
õppetund,,,,✓,nähtus_psühh
õu,✓,,,,inimene
õueaed,✓,,,,ese_instru
õuepealne,✓,,,,omadus_koht
õueteater,✓,,,✓,
ädal,✓,,,,taim
ägedus,,,✓,,abstr/konkr_omadus
ähmi,,,✓,,ADV_seisund
ähmil,,,✓,,ADV_seisund
ähmis,,,✓,,ADV_seisund
ähmi täis,,,✓,,ADV_seisund
äkksurm,,,,✓,nähtus_loodus
äng,,,✓,,nähtus_psühh
ängistus,,,✓,,nähtus_psühh
ängistustunne,,,✓,,nähtus_psühh
ärajäämanäht,,,✓,,nähtus
äratussignaal,,,,✓,nähtus_füüs
äriingel,✓,,,,in_roll
ärireis,,,,✓,tegevus
äririsk,,,✓,,nähtus
ärisõber,✓,,,,in_roll
ärksameelsus,,,✓,,omadus_psühh
ärksus,,,✓,,omadus_psühh
ääreala,✓,,,,abstr
äärest,✓,,,,ADV_koht
ääristus,✓,,,,ese_instru
äärne,✓,,,,omadus_koht
ökoloogia,,,✓,,vald
öö,,✓,,,esitus_keel_täht
ööoode,,,,✓,toit
ööpime,,,✓,,omadus_füüs
ööpool,✓,,,,nähtus_psühh
öövahetus,,✓,,,inimene
öövalve,,✓,,,tegevus
ühendustee,✓,,,,nähtus_psühh
ühepäevasõit,,,,✓,tegevus_tegu
üheslaulmine,,,,✓,tegevus
ühesuvine,,✓,,,omadus
ühisettevõte,✓,,,,tegevus_tegu
ühisproov,,,,✓,tegevus_tegu
ühissaun,✓,,,,tegevus
ühistu,✓,,,,esitus
ühisvaldus,✓,,✓,,
ühtivus,,,✓,,abstr
üksikmatus,,,,✓,objekt
üksikvangistus,,,✓,,tegevus
üksildus,,,✓,,nähtus_psühh
üksildustunne,,,✓,,nähtus_psühh
üksus,✓,,,,abstr/konkr
ülalpool,✓,,,,ADV_koht
üldanesteesia,,,✓,,tegevus_tegu
üldjuht,,,,✓,in_roll
üldnarkoos,,,✓,,tegevus_tegu
üldtuimastus,,,✓,,tegevus_tegu
üleeilne,,✓,,,omadus_aeg
ülehomne,,✓,,,omadus_aeg
ülejahtumine,,,✓,,nähtus
ülekaal,,,✓,,omadus_füüs
ülekohus,,,✓,,tegevus_tegu
ülekuumenemine,,,,✓,nähtus
ülemeelikus,,,✓,,tegevus_tegu
üleminev,,✓,,,omadus_aeg
ülemöödunud,,✓,,,omadus_aeg
ülendus,,,✓,,tegevus_muutus
üleolek,,,✓,,nähtus_psühh
ülepääs,✓,,,,tegevus
ülespoole,✓,,,,abstr
ülesõit,✓,,,,tegevus
ületöötamine,,,✓,,tegevus
ülevalpool,✓,,,,ADV_koht
ülikoolikursus,,,,✓,ese_semio
ülimus,,,✓,,in_roll
ülitundlikkus,,,✓,,nähtus_psühh
üliõpilaskorporatsioon,✓,,,,grupp
üliõpilasorganisatsioon,✓,,,,inimene
üliõpilaspäevad,,✓,,✓,
üllatusmoment,,✓,,✓,
ülle,✓,,,,ADV_koht
ült,✓,,,,ADV_koht
ümaraken,✓,,,,kehaosa
ümarlaiksus,,,✓,,taim
ümarlaud,,,,✓,in_roll
ümbermaailmareis,,,,✓,tegevus
ümberringi,✓,,,,ADV_koht
ümbert,✓,,,,ADV_viis
ümbritsev,✓,,,,omadus_koht
ürglaas,✓,,,,taim
ürgmets,✓,,,,taim
üritus,,,,✓,tegevus_tegu
üsk,✓,,,,kehaosa
üürileandja,✓,,,,in_roll
üürilevõtja,✓,,,,in_roll
x-jalad,,,✓,,kehaosa
x-jalgne,,,✓,,omadus
