pat_id,verbobl,word,case,gov,verb_word,compound_prt1,compound_prt2,compound_prt3,adp,other,verb,deprel
0,küsima - abl (kellelt/millelt),küsima,abl,kellelt/millelt,küsima,,,,,,,obl
1,nõudma - abl (kellelt/millelt),nõudma,abl,kellelt/millelt,nõudma,,,,,,,obl
2,ootama - abl (kellelt/millelt),ootama,abl,kellelt/millelt,ootama,,,,,,,obl
3,ostma - abl (kellelt/millelt),ostma,abl,kellelt/millelt,ostma,,,,,,,obl
4,paluma - abl (kellelt/millelt),paluma,abl,kellelt/millelt,paluma,,,,,,,obl
5,kuulma - abl (kellelt/millelt),kuulma,abl,kellelt/millelt,kuulma,,,,,,,obl
6,tellima - abl (kellelt/millelt),tellima,abl,kellelt/millelt,tellima,,,,,,,obl
7,võtma ära - abl (kellelt/millelt),võtma ära,abl,kellelt/millelt,võtma,ära,,,,,,obl
8,tahtma - abl (kellelt/millelt),tahtma,abl,kellelt/millelt,tahtma,,,,,,,obl
9,laekuma - abl (kellelt/millelt),laekuma,abl,kellelt/millelt,laekuma,,,,,,,obl
10,röövima - abl (kellelt/millelt),röövima,abl,kellelt/millelt,röövima,,,,,,,obl
11,pärima - abl (kellelt/millelt),pärima,abl,kellelt/millelt,pärima,,,,,,,obl
12,uurima - abl (kellelt/millelt),uurima,abl,kellelt/millelt,uurima,,,,,,,obl
13,taotlema - abl (kellelt/millelt),taotlema,abl,kellelt/millelt,taotlema,,,,,,,obl
14,eeldama - abl (kellelt/millelt),eeldama,abl,kellelt/millelt,eeldama,,,,,,,obl
15,koguma - abl (kellelt/millelt),koguma,abl,kellelt/millelt,koguma,,,,,,,obl
16,mõistma välja - abl (kellelt/millelt),mõistma välja,abl,kellelt/millelt,mõistma,välja,,,,,,obl
17,õppima - abl (kellelt/millelt),õppima,abl,kellelt/millelt,õppima,,,,,,,obl
18,ilmuma - abl (kellelt/millelt),ilmuma,abl,kellelt/millelt,ilmuma,,,,,,,obl
19,võtma üle - abl (kellelt/millelt),võtma üle,abl,kellelt/millelt,võtma,üle,,,,,,obl
20,pälvima - abl (kellelt/millelt),pälvima,abl,kellelt/millelt,pälvima,,,,,,,obl
21,pressima välja - abl (kellelt/millelt),pressima välja,abl,kellelt/millelt,pressima,välja,,,,,,obl
22,omandama - abl (kellelt/millelt),omandama,abl,kellelt/millelt,omandama,,,,,,,obl
23,petma välja - abl (kellelt/millelt),petma välja,abl,kellelt/millelt,petma,välja,,,,,,obl
24,mõistma - abl (kellelt/millelt),mõistma,abl,kellelt/millelt,mõistma,,,,,,,obl
25,ostma ära - abl (kellelt/millelt),ostma ära,abl,kellelt/millelt,ostma,ära,,,,,,obl
26,nõudma tagasi - abl (kellelt/millelt),nõudma tagasi,abl,kellelt/millelt,nõudma,tagasi,,,,,,obl
27,kuulduma - abl (kellelt/millelt),kuulduma,abl,kellelt/millelt,kuulduma,,,,,,,obl
28,kasseerima - abl (kellelt/millelt),kasseerima,abl,kellelt/millelt,kasseerima,,,,,,,obl
29,nõudma välja - abl (kellelt/millelt),nõudma välja,abl,kellelt/millelt,nõudma,välja,,,,,,obl
30,tuginema - abl (kellelt/millelt),tuginema,abl,kellelt/millelt,tuginema,,,,,,,obl
31,pumpama välja - abl (kellelt/millelt),pumpama välja,abl,kellelt/millelt,pumpama,välja,,,,,,obl
32,pinnima välja - abl (kellelt/millelt),pinnima välja,abl,kellelt/millelt,pinnima,välja,,,,,,obl
33,andma välja - abl (kellelt/millelt),andma välja,abl,kellelt/millelt,andma,välja,,,,,,obl
34,ostma kokku - abl (kellelt/millelt),ostma kokku,abl,kellelt/millelt,ostma,kokku,,,,,,obl
35,ostma juurde - abl (kellelt/millelt),ostma juurde,abl,kellelt/millelt,ostma,juurde,,,,,,obl
36,andma edasi - abl (kellelt/millelt),andma edasi,abl,kellelt/millelt,andma,edasi,,,,,,obl
37,õppima ära - abl (kellelt/millelt),õppima ära,abl,kellelt/millelt,õppima,ära,,,,,,obl
38,saama vastu - abl (kellelt/millelt),saama vastu,abl,kellelt/millelt,saama,vastu,,,,,,obl
39,võõrandama - abl (kellelt/millelt),võõrandama,abl,kellelt/millelt,võõrandama,,,,,,,obl
40,hõivama - abl (kellelt/millelt),hõivama,abl,kellelt/millelt,hõivama,,,,,,,obl
41,tulema juurde - abl (kellelt/millelt),tulema juurde,abl,kellelt/millelt,tulema,juurde,,,,,,obl
42,kutsuma esile - abl (kellelt/millelt),kutsuma esile,abl,kellelt/millelt,kutsuma,esile,,,,,,obl
43,manguma - abl (kellelt/millelt),manguma,abl,kellelt/millelt,manguma,,,,,,,obl
44,lunima - abl (kellelt/millelt),lunima,abl,kellelt/millelt,lunima,,,,,,,obl
45,laenama kokku - abl (kellelt/millelt),laenama kokku,abl,kellelt/millelt,laenama,kokku,,,,,,obl
46,küsima järele - abl (kellelt/millelt),küsima järele,abl,kellelt/millelt,küsima,järele,,,,,,obl
47,küsima üle - abl (kellelt/millelt),küsima üle,abl,kellelt/millelt,küsima,üle,,,,,,obl
48,küsima tagasi - abl (kellelt/millelt),küsima tagasi,abl,kellelt/millelt,küsima,tagasi,,,,,,obl
49,küsima vastu - abl (kellelt/millelt),küsima vastu,abl,kellelt/millelt,küsima,vastu,,,,,,obl
50,"mõistma välja, kokku - abl (kellelt/millelt)",mõistma välja,abl,kellelt/millelt,mõistma,välja,,,,,,obl
51,"mõistma välja, kokku - abl (kellelt/millelt)",mõistma kokku,abl,kellelt/millelt,mõistma,kokku,,,,,,obl
52,tahtma tagasi - abl (kellelt/millelt),tahtma tagasi,abl,kellelt/millelt,tahtma,tagasi,,,,,,obl
53,saama kaasa - abl (kellelt/millelt),saama kaasa,abl,kellelt/millelt,saama,kaasa,,,,,,obl
54,ostma üles - abl (kellelt/millelt),ostma üles,abl,kellelt/millelt,ostma,üles,,,,,,obl
55,ostma tagasi - abl (kellelt/millelt),ostma tagasi,abl,kellelt/millelt,ostma,tagasi,,,,,,obl
56,ostma sisse - abl (kellelt/millelt),ostma sisse,abl,kellelt/millelt,ostma,sisse,,,,,,obl
57,võitlema välja - abl (kellelt/millelt),võitlema välja,abl,kellelt/millelt,võitlema,välja,,,,,,obl
58,võitma tagasi - abl (kellelt/millelt),võitma tagasi,abl,kellelt/millelt,võitma,tagasi,,,,,,obl
59,ostma välja - abl (kellelt/millelt),ostma välja,abl,kellelt/millelt,ostma,välja,,,,,,obl
60,üürima - abl (kellelt/millelt),üürima,abl,kellelt/millelt,üürima,,,,,,,obl
61,riisuma - abl (kellelt/millelt),riisuma,abl,kellelt/millelt,riisuma,,,,,,,obl
62,hammustama - abl (kellelt/millelt),hammustama,abl,kellelt/millelt,hammustama,,,,,,,obl
63,võtma võlgu - abl (kellelt/millelt),võtma võlgu,abl,kellelt/millelt,võtma,võlgu,,,,,,obl
64,saama kätte - abl (kellelt/millelt),saama kätte,abl,kellelt/millelt,saama,kätte,,,,,,obl
65,rääkima välja - abl (kellelt/millelt),rääkima välja,abl,kellelt/millelt,rääkima,välja,,,,,,obl
66,saama peksma - abl (kellelt/millelt),saama peksma,abl,kellelt/millelt,peksma,saama,,,,,,obl
67,anuma - abl (kellelt/millelt),anuma,abl,kellelt/millelt,,anuma,,,,,,obl
68,pigistama välja - abl (kellelt/millelt),pigistama välja,abl,kellelt/millelt,pigistama,välja,,,,,,obl
69,nõudma sisse - abl (kellelt/millelt),nõudma sisse,abl,kellelt/millelt,nõudma,sisse,,,,,,obl
70,nõudma kokku - abl (kellelt/millelt),nõudma kokku,abl,kellelt/millelt,nõudma,kokku,,,,,,obl
71,nõutama - abl (kellelt/millelt),nõutama,abl,kellelt/millelt,nõutama,,,,,,,obl
72,varuma - abl (kellelt/millelt),varuma,abl,kellelt/millelt,varuma,,,,,,,obl
73,noolima - abl (kellelt/millelt),noolima,abl,kellelt/millelt,noolima,,,,,,,obl
74,kauplema - abl (kellelt/millelt),kauplema,abl,kellelt/millelt,kauplema,,,,,,,obl
75,kasseerima sisse - abl (kellelt/millelt),kasseerima sisse,abl,kellelt/millelt,kasseerima,sisse,,,,,,obl
76,kerjama - abl (kellelt/millelt),kerjama,abl,kellelt/millelt,kerjama,,,,,,,obl
77,kartma - abl (kellelt/millelt),kartma,abl,kellelt/millelt,kartma,,,,,,,obl
78,konfiskeerima - abl (kellelt/millelt),konfiskeerima,abl,kellelt/millelt,konfiskeerima,,,,,,,obl
79,norima - abl (kellelt/millelt),norima,abl,kellelt/millelt,norima,,,,,,,obl
80,kauplema välja - abl (kellelt/millelt),kauplema välja,abl,kellelt/millelt,kauplema,välja,,,,,,obl
81,meelitama välja - abl (kellelt/millelt),meelitama välja,abl,kellelt/millelt,meelitama,välja,,,,,,obl
82,teenima ära - abl (kellelt/millelt),teenima ära,abl,kellelt/millelt,teenima,ära,,,,,,obl
83,linastuma - abl (kellelt/millelt),linastuma,abl,kellelt/millelt,linastuma,,,,,,,obl
84,pressima - abl (kellelt/millelt),pressima,abl,kellelt/millelt,pressima,,,,,,,obl
85,nuiama - abl (kellelt/millelt),nuiama,abl,kellelt/millelt,nuiama,,,,,,,obl
86,nuruma - abl (kellelt/millelt),nuruma,abl,kellelt/millelt,nuruma,,,,,,,obl
87,kanduma üle - abl (kellelt/millelt),kanduma üle,abl,kellelt/millelt,kanduma,üle,,,,,,obl
88,peksma välja - abl (kellelt/millelt),peksma välja,abl,kellelt/millelt,peksma,välja,,,,,,obl
89,vallutama - abl (kellelt/millelt),vallutama,abl,kellelt/millelt,vallutama,,,,,,,obl
90,vallutama tagasi - abl (kellelt/millelt),vallutama tagasi,abl,kellelt/millelt,vallutama,tagasi,,,,,,obl
91,petma - abl (kellelt/millelt),petma,abl,kellelt/millelt,petma,,,,,,,obl
92,liisima - abl (kellelt/millelt),liisima,abl,kellelt/millelt,liisima,,,,,,,obl
93,näppama - abl (kellelt/millelt),näppama,abl,kellelt/millelt,näppama,,,,,,,obl
94,lüpsma - abl (kellelt/millelt),lüpsma,abl,kellelt/millelt,lüpsma,,,,,,,obl
95,häbenema - abl (kellelt/millelt),häbenema,abl,kellelt/millelt,häbenema,,,,,,,obl
96,varastama ära - abl (kellelt/millelt),varastama ära,abl,kellelt/millelt,varastama,ära,,,,,,obl
97,pommima - abl (kellelt/millelt),pommima,abl,kellelt/millelt,pommima,,,,,,,obl
98,pinnima - abl (kellelt/millelt),pinnima,abl,kellelt/millelt,pinnima,,,,,,,obl
99,küsima juurde - abl (kellelt/millelt),küsima juurde,abl,kellelt/millelt,küsima,juurde,,,,,,obl
100,küsima ära - abl (kellelt/millelt),küsima ära,abl,kellelt/millelt,küsima,ära,,,,,,obl
101,kooskõlastuma - abl (kellelt/millelt),kooskõlastuma,abl,kellelt/millelt,kooskõlastuma,,,,,,,obl
102,paluma ette - abl (kellelt/millelt),paluma ette,abl,kellelt/millelt,paluma,ette,,,,,,obl
103,küsima kokku - abl (kellelt/millelt),küsima kokku,abl,kellelt/millelt,küsima,kokku,,,,,,obl
104,möistima välja - abl (kellelt/millelt),möistima välja,abl,kellelt/millelt,,möistima,välja,,,,,obl
105,lunima välja - abl (kellelt/millelt),lunima välja,abl,kellelt/millelt,lunima,välja,,,,,,obl
106,nöörima - abl (kellelt/millelt),nöörima,abl,kellelt/millelt,nöörima,,,,,,,obl
107,laenama juurde - abl (kellelt/millelt),laenama juurde,abl,kellelt/millelt,laenama,juurde,,,,,,obl
108,paluma juurde - abl (kellelt/millelt),paluma juurde,abl,kellelt/millelt,paluma,juurde,,,,,,obl
109,tellima juurde - abl (kellelt/millelt),tellima juurde,abl,kellelt/millelt,tellima,juurde,,,,,,obl
110,nõudma juurde - abl (kellelt/millelt),nõudma juurde,abl,kellelt/millelt,nõudma,juurde,,,,,,obl
111,"petma välja, kokku - abl (kellelt/millelt)",petma välja,abl,kellelt/millelt,petma,välja,,,,,,obl
112,"petma välja, kokku - abl (kellelt/millelt)",petma kokku,abl,kellelt/millelt,petma,kokku,,,,,,obl
113,nõudma läbi - abl (kellelt/millelt),nõudma läbi,abl,kellelt/millelt,nõudma,läbi,,,,,,obl
114,nuruma välja - abl (kellelt/millelt),nuruma välja,abl,kellelt/millelt,nuruma,välja,,,,,,obl
115,ilmuma kokku - abl (kellelt/millelt),ilmuma kokku,abl,kellelt/millelt,ilmuma,kokku,,,,,,obl
116,"saama ringi, sisse - abl (kellelt/millelt)",saama ringi,abl,kellelt/millelt,saama,ringi,,,,,,obl
117,"saama ringi, sisse - abl (kellelt/millelt)",saama sisse,abl,kellelt/millelt,saama,sisse,,,,,,obl
118,"pressima välja, kokku - abl (kellelt/millelt)",pressima välja,abl,kellelt/millelt,pressima,välja,,,,,,obl
119,"pressima välja, kokku - abl (kellelt/millelt)",pressima kokku,abl,kellelt/millelt,pressima,kokku,,,,,,obl
120,tellima kokku - abl (kellelt/millelt),tellima kokku,abl,kellelt/millelt,tellima,kokku,,,,,,obl
121,tulema - ad (kellel/millel),tulema,ad,kellel/millel,tulema,,,,,,,obl
122,tekkima - ad (kellel/millel),tekkima,ad,kellel/millel,tekkima,,,,,,,obl
123,õnnestuma - ad (kellel/millel),õnnestuma,ad,kellel/millel,õnnestuma,,,,,,,obl
124,kuluma - ad (kellel/millel),kuluma,ad,kellel/millel,kuluma,,,,,,,obl
125,soovitama - ad (kellel/millel),soovitama,ad,kellel/millel,soovitama,,,,,,,obl
126,tasuma - ad (kellel/millel),tasuma,ad,kellel/millel,tasuma,,,,,,,obl
127,lasuma - ad (kellel/millel),lasuma,ad,kellel/millel,lasuma,,,,,,,obl
128,jääma üle - ad (kellel/millel),jääma üle,ad,kellel/millel,jääma,üle,,,,,,obl
129,jääma puudu - ad (kellel/millel),jääma puudu,ad,kellel/millel,jääma,puudu,,,,,,obl
130,pruukima - ad (kellel/millel),pruukima,ad,kellel/millel,pruukima,,,,,,,obl
131,tarvitsema - ad (kellel/millel),tarvitsema,ad,kellel/millel,tarvitsema,,,,,,,obl
132,mõlkuma - ad (kellel/millel),mõlkuma,ad,kellel/millel,mõlkuma,,,,,,,obl
133,tulema puudu - ad (kellel/millel),tulema puudu,ad,kellel/millel,tulema,puudu,,,,,,obl
134,soovitama valmis - ad (kellel/millel),soovitama valmis,ad,kellel/millel,soovitama,valmis,,,,,,obl
135,önnestuma - ad (kellel/millel),önnestuma,ad,kellel/millel,önnestuma,,,,,,,obl
136,hammustama ära - ad (kellel/millel),hammustama ära,ad,kellel/millel,hammustama,ära,,,,,,obl
137,hõlbustama - ad (kellel/millel),hõlbustama,ad,kellel/millel,hõlbustama,,,,,,,obl
138,turgatama - ad (kellel/millel),turgatama,ad,kellel/millel,turgatama,,,,,,,obl
139,siduma kinni - ad (kellel/millel),siduma kinni,ad,kellel/millel,siduma,kinni,,,,,,obl
140,krabama kinni - ad (kellel/millel),krabama kinni,ad,kellel/millel,krabama,kinni,,,,,,obl
141,kumisema - ad (kellel/millel),kumisema,ad,kellel/millel,kumisema,,,,,,,obl
142,saama kõrini - ad (kellel/millel),saama kõrini,ad,kellel/millel,saama,kõrini,,,,,,obl
143,võima vaja - ad (kellel/millel),võima vaja,ad,kellel/millel,võima,vaja,,,,,,obl
144,ajama püsti - ad (kellel/millel),ajama püsti,ad,kellel/millel,ajama,püsti,,,,,,obl
145,"olema kokku, võlgu - ad (kellel/millel)",olema kokku,ad,kellel/millel,olema,kokku,,,,,,obl
146,"olema kokku, võlgu - ad (kellel/millel)",olema võlgu,ad,kellel/millel,olema,võlgu,,,,,,obl
147,ajama täis - ad (kellel/millel),ajama täis,ad,kellel/millel,ajama,täis,,,,,,obl
148,sõimama täis - ad (kellel/millel),sõimama täis,ad,kellel/millel,sõimama,täis,,,,,,obl
149,assotsieeruma - ad (kellel/millel),assotsieeruma,ad,kellel/millel,assotsieeruma,,,,,,,obl
150,saama villand - ad (kellel/millel),saama villand,ad,kellel/millel,saama,villand,,,,,,obl
151,ütlema - all (kellele/millele),ütlema,all,kellele/millele,ütlema,,,,,,,obl
152,meeldima - all (kellele/millele),meeldima,all,kellele/millele,meeldima,,,,,,,obl
153,teatama - all (kellele/millele),teatama,all,kellele/millele,teatama,,,,,,,obl
154,müüma - all (kellele/millele),müüma,all,kellele/millele,müüma,,,,,,,obl
155,helistama - all (kellele/millele),helistama,all,kellele/millele,helistama,,,,,,,obl
156,edastama - all (kellele/millele),edastama,all,kellele/millele,edastama,,,,,,,obl
157,andma üle - all (kellele/millele),andma üle,all,kellele/millele,andma,üle,,,,,,obl
158,piisama - all (kellele/millele),piisama,all,kellele/millele,piisama,,,,,,,obl
159,heitma ette - all (kellele/millele),heitma ette,all,kellele/millele,heitma,ette,,,,,,obl
160,selgitama - all (kellele/millele),selgitama,all,kellele/millele,selgitama,,,,,,,obl
161,tutvustama - all (kellele/millele),tutvustama,all,kellele/millele,tutvustama,,,,,,,obl
162,meenuma - all (kellele/millele),meenuma,all,kellele/millele,meenuma,,,,,,,obl
163,tunnistama - all (kellele/millele),tunnistama,all,kellele/millele,tunnistama,,,,,,,obl
164,ulatama - all (kellele/millele),ulatama,all,kellele/millele,ulatama,,,,,,,obl
165,tuletama - all (kellele/millele),tuletama,all,kellele/millele,tuletama,,,,,,,obl
166,tungima kallale - all (kellele/millele),tungima kallale,all,kellele/millele,tungima,kallale,,,,,,obl
167,tõotama - all (kellele/millele),tõotama,all,kellele/millele,tõotama,,,,,,,obl
168,tundma kaasa - all (kellele/millele),tundma kaasa,all,kellele/millele,tundma,kaasa,,,,,,obl
169,alistuma - all (kellele/millele),alistuma,all,kellele/millele,alistuma,,,,,,,obl
170,virutama - all (kellele/millele),virutama,all,kellele/millele,virutama,,,,,,,obl
171,olema võlgu - all (kellele/millele),olema võlgu,all,kellele/millele,olema,võlgu,,,,,,obl
172,kurtma - all (kellele/millele),kurtma,all,kellele/millele,kurtma,,,,,,,obl
173,usaldama - all (kellele/millele),usaldama,all,kellele/millele,usaldama,,,,,,,obl
174,tagastama - all (kellele/millele),tagastama,all,kellele/millele,tagastama,,,,,,,obl
175,pruukima - all (kellele/millele),pruukima,all,kellele/millele,pruukima,,,,,,,obl
176,hüüdma - all (kellele/millele),hüüdma,all,kellele/millele,hüüdma,,,,,,,obl
177,tooma sisse - all (kellele/millele),tooma sisse,all,kellele/millele,tooma,sisse,,,,,,obl
178,loobuma - all (kellele/millele),loobuma,all,kellele/millele,loobuma,,,,,,,obl
179,kaebama - all (kellele/millele),kaebama,all,kellele/millele,kaebama,,,,,,,obl
180,minema kallale - all (kellele/millele),minema kallale,all,kellele/millele,minema,kallale,,,,,,obl
181,jutustama - all (kellele/millele),jutustama,all,kellele/millele,jutustama,,,,,,,obl
182,müüma maha - all (kellele/millele),müüma maha,all,kellele/millele,müüma,maha,,,,,,obl
183,rentima - all (kellele/millele),rentima,all,kellele/millele,rentima,,,,,,,obl
184,valetama - all (kellele/millele),valetama,all,kellele/millele,valetama,,,,,,,obl
185,lugema ette - all (kellele/millele),lugema ette,all,kellele/millele,lugema,ette,,,,,,obl
186,minema peale - all (kellele/millele),minema peale,all,kellele/millele,minema,peale,,,,,,obl
187,hüvitama - all (kellele/millele),hüvitama,all,kellele/millele,hüvitama,,,,,,,obl
188,sosistama - all (kellele/millele),sosistama,all,kellele/millele,sosistama,,,,,,,obl
189,maksma välja - all (kellele/millele),maksma välja,all,kellele/millele,maksma,välja,,,,,,obl
190,andestama - all (kellele/millele),andestama,all,kellele/millele,andestama,,,,,,,obl
191,maksma kinni - all (kellele/millele),maksma kinni,all,kellele/millele,maksma,kinni,,,,,,obl
192,müüma edasi - all (kellele/millele),müüma edasi,all,kellele/millele,müüma,edasi,,,,,,obl
193,maksma tagasi - all (kellele/millele),maksma tagasi,all,kellele/millele,maksma,tagasi,,,,,,obl
194,pärandama - all (kellele/millele),pärandama,all,kellele/millele,pärandama,,,,,,,obl
195,andma peksma - all (kellele/millele),andma peksma,all,kellele/millele,peksma,andma,,,,,,obl
196,söötma - all (kellele/millele),söötma,all,kellele/millele,söötma,,,,,,,obl
197,pihtima - all (kellele/millele),pihtima,all,kellele/millele,pihtima,,,,,,,obl
198,andma kokku - all (kellele/millele),andma kokku,all,kellele/millele,andma,kokku,,,,,,obl
199,hõikama järele - all (kellele/millele),hõikama järele,all,kellele/millele,hõikama,järele,,,,,,obl
200,rääkima edasi - all (kellele/millele),rääkima edasi,all,kellele/millele,rääkima,edasi,,,,,,obl
201,pilgutama - all (kellele/millele),pilgutama,all,kellele/millele,pilgutama,,,,,,,obl
202,käristama välja - all (kellele/millele),käristama välja,all,kellele/millele,käristama,välja,,,,,,obl
203,hakkama külge - all (kellele/millele),hakkama külge,all,kellele/millele,hakkama,külge,,,,,,obl
204,väljastama kokku - all (kellele/millele),väljastama kokku,all,kellele/millele,väljastama,kokku,,,,,,obl
205,hüppama kallale - all (kellele/millele),hüppama kallale,all,kellele/millele,hüppama,kallale,,,,,,obl
206,hõiskama - all (kellele/millele),hõiskama,all,kellele/millele,hõiskama,,,,,,,obl
207,andma kätte - all (kellele/millele),andma kätte,all,kellele/millele,andma,kätte,,,,,,obl
208,heastama - all (kellele/millele),heastama,all,kellele/millele,heastama,,,,,,,obl
209,andma võidu - all (kellele/millele),andma võidu,all,kellele/millele,andma,võidu,,,,,,obl
210,käima peale - all (kellele/millele),käima peale,all,kellele/millele,käima,peale,,,,,,obl
211,tunnistama üles - all (kellele/millele),tunnistama üles,all,kellele/millele,tunnistama,üles,,,,,,obl
212,mängima ette - all (kellele/millele),mängima ette,all,kellele/millele,mängima,ette,,,,,,obl
213,mõistma välja - all (kellele/millele),mõistma välja,all,kellele/millele,mõistma,välja,,,,,,obl
214,kuuluma kokku - all (kellele/millele),kuuluma kokku,all,kellele/millele,kuuluma,kokku,,,,,,obl
215,turgatama - all (kellele/millele),turgatama,all,kellele/millele,turgatama,,,,,,,obl
216,tikkuma ligi - all (kellele/millele),tikkuma ligi,all,kellele/millele,tikkuma,ligi,,,,,,obl
217,praalima - all (kellele/millele),praalima,all,kellele/millele,praalima,,,,,,,obl
218,luiskama - all (kellele/millele),luiskama,all,kellele/millele,luiskama,,,,,,,obl
219,tikkuma kallale - all (kellele/millele),tikkuma kallale,all,kellele/millele,tikkuma,kallale,,,,,,obl
220,laenama edasi - all (kellele/millele),laenama edasi,all,kellele/millele,laenama,edasi,,,,,,obl
221,määrama kokku - all (kellele/millele),määrama kokku,all,kellele/millele,määrama,kokku,,,,,,obl
222,laenama välja - all (kellele/millele),laenama välja,all,kellele/millele,laenama,välja,,,,,,obl
223,tulema kallale - all (kellele/millele),tulema kallale,all,kellele/millele,tulema,kallale,,,,,,obl
224,laenutama - all (kellele/millele),laenutama,all,kellele/millele,laenutama,,,,,,,obl
225,serveerima - all (kellele/millele),serveerima,all,kellele/millele,serveerima,,,,,,,obl
226,tõmbama järele - all (kellele/millele),tõmbama järele,all,kellele/millele,tõmbama,järele,,,,,,obl
227,kummardama - all (kellele/millele),kummardama,all,kellele/millele,kummardama,,,,,,,obl
228,ütlema edasi - all (kellele/millele),ütlema edasi,all,kellele/millele,ütlema,edasi,,,,,,obl
229,võlgnema kokku - all (kellele/millele),võlgnema kokku,all,kellele/millele,võlgnema,kokku,,,,,,obl
230,eksponeerima - all (kellele/millele),eksponeerima,all,kellele/millele,eksponeerima,,,,,,,obl
231,imponeerima - all (kellele/millele),imponeerima,all,kellele/millele,imponeerima,,,,,,,obl
232,sundima peale - all (kellele/millele),sundima peale,all,kellele/millele,sundima,peale,,,,,,obl
233,ütlema ette - all (kellele/millele),ütlema ette,all,kellele/millele,ütlema,ette,,,,,,obl
234,viirastuma - all (kellele/millele),viirastuma,all,kellele/millele,viirastuma,,,,,,,obl
235,viivitama - all (kellele/millele),viivitama,all,kellele/millele,viivitama,,,,,,,obl
236,eitama - all (kellele/millele),eitama,all,kellele/millele,eitama,,,,,,,obl
237,ajama ligi - all (kellele/millele),ajama ligi,all,kellele/millele,ajama,ligi,,,,,,obl
238,elistama - all (kellele/millele),elistama,all,kellele/millele,elistama,,,,,,,obl
239,paotama - all (kellele/millele),paotama,all,kellele/millele,paotama,,,,,,,obl
240,adresseerima - all (kellele/millele),adresseerima,all,kellele/millele,adresseerima,,,,,,,obl
241,võtma järele - all (kellele/millele),võtma järele,all,kellele/millele,võtma,järele,,,,,,obl
242,ruttama vastu - all (kellele/millele),ruttama vastu,all,kellele/millele,ruttama,vastu,,,,,,obl
243,saama lahti - all (kellele/millele),saama lahti,all,kellele/millele,saama,lahti,,,,,,obl
244,värbama - all (kellele/millele),värbama,all,kellele/millele,värbama,,,,,,,obl
245,formuleerima - all (kellele/millele),formuleerima,all,kellele/millele,formuleerima,,,,,,,obl
246,ajama peale - all (kellele/millele),ajama peale,all,kellele/millele,ajama,peale,,,,,,obl
247,irvitama - all (kellele/millele),irvitama,all,kellele/millele,irvitama,,,,,,,obl
248,"olema kokku, võlgu - all (kellele/millele)",olema kokku,all,kellele/millele,olema,kokku,,,,,,obl
249,"olema kokku, võlgu - all (kellele/millele)",olema võlgu,all,kellele/millele,olema,võlgu,,,,,,obl
250,üürima välja - all (kellele/millele),üürima välja,all,kellele/millele,üürima,välja,,,,,,obl
251,hüüdma järele - all (kellele/millele),hüüdma järele,all,kellele/millele,hüüdma,järele,,,,,,obl
252,rentima välja - all (kellele/millele),rentima välja,all,kellele/millele,rentima,välja,,,,,,obl
253,paaduma - all (kellele/millele),paaduma,all,kellele/millele,paaduma,,,,,,,obl
254,eraldama kokku - all (kellele/millele),eraldama kokku,all,kellele/millele,eraldama,kokku,,,,,,obl
255,erastama - all (kellele/millele),erastama,all,kellele/millele,erastama,,,,,,,obl
256,pantima - all (kellele/millele),pantima,all,kellele/millele,pantima,,,,,,,obl
257,ronima järele - all (kellele/millele),ronima järele,all,kellele/millele,ronima,järele,,,,,,obl
258,ajama välja - all (kellele/millele),ajama välja,all,kellele/millele,ajama,välja,,,,,,obl
259,rentima edasi - all (kellele/millele),rentima edasi,all,kellele/millele,rentima,edasi,,,,,,obl
260,virutama vastu - all (kellele/millele),virutama vastu,all,kellele/millele,virutama,vastu,,,,,,obl
261,röökima - all (kellele/millele),röökima,all,kellele/millele,röökima,,,,,,,obl
262,hoidma lahti - all (kellele/millele),hoidma lahti,all,kellele/millele,hoidma,lahti,,,,,,obl
263,rikkuma - all (kellele/millele),rikkuma,all,kellele/millele,rikkuma,,,,,,,obl
264,pakkuma vastu - all (kellele/millele),pakkuma vastu,all,kellele/millele,pakkuma,vastu,,,,,,obl
265,röögatama - all (kellele/millele),röögatama,all,kellele/millele,röögatama,,,,,,,obl
266,äsama - all (kellele/millele),äsama,all,kellele/millele,äsama,,,,,,,obl
267,ässitama kallale - all (kellele/millele),ässitama kallale,all,kellele/millele,ässitama,kallale,,,,,,obl
268,pajatama - all (kellele/millele),pajatama,all,kellele/millele,pajatama,,,,,,,obl
269,assotsieeruma - all (kellele/millele),assotsieeruma,all,kellele/millele,assotsieeruma,,,,,,,obl
270,pakkuma tagasi - all (kellele/millele),pakkuma tagasi,all,kellele/millele,pakkuma,tagasi,,,,,,obl
271,rikastama - all (kellele/millele),rikastama,all,kellele/millele,rikastama,,,,,,,obl
272,astuma juurde - all (kellele/millele),astuma juurde,all,kellele/millele,astuma,juurde,,,,,,obl
273,hirmutama - all (kellele/millele),hirmutama,all,kellele/millele,hirmutama,,,,,,,obl
274,õhkama - all (kellele/millele),õhkama,all,kellele/millele,õhkama,,,,,,,obl
275,hiilima ligi - all (kellele/millele),hiilima ligi,all,kellele/millele,hiilima,ligi,,,,,,obl
276,reserveerima - all (kellele/millele),reserveerima,all,kellele/millele,reserveerima,,,,,,,obl
277,delegeerima edasi - all (kellele/millele),delegeerima edasi,all,kellele/millele,delegeerima,edasi,,,,,,obl
278,sõitma järele - all (kellele/millele),sõitma järele,all,kellele/millele,sõitma,järele,,,,,,obl
279,paljundama - all (kellele/millele),paljundama,all,kellele/millele,paljundama,,,,,,,obl
280,astuma üles - all (kellele/millele),astuma üles,all,kellele/millele,astuma,üles,,,,,,obl
281,astuma ligi - all (kellele/millele),astuma ligi,all,kellele/millele,astuma,ligi,,,,,,obl
282,rõõmustama - all (kellele/millele),rõõmustama,all,kellele/millele,rõõmustama,,,,,,,obl
283,paljastama - all (kellele/millele),paljastama,all,kellele/millele,paljastama,,,,,,,obl
284,suskama - all (kellele/millele),suskama,all,kellele/millele,suskama,,,,,,,obl
285,imema - all (kellele/millele),imema,all,kellele/millele,imema,,,,,,,obl
286,aitama järele - all (kellele/millele),aitama järele,all,kellele/millele,aitama,järele,,,,,,obl
287,reklaamima - all (kellele/millele),reklaamima,all,kellele/millele,reklaamima,,,,,,,obl
288,helistama tagasi - all (kellele/millele),helistama tagasi,all,kellele/millele,helistama,tagasi,,,,,,obl
289,helisema - all (kellele/millele),helisema,all,kellele/millele,helisema,,,,,,,obl
290,pakkima kaasa - all (kellele/millele),pakkima kaasa,all,kellele/millele,pakkima,kaasa,,,,,,obl
291,ütlema välja - all (kellele/millele),ütlema välja,all,kellele/millele,ütlema,välja,,,,,,obl
292,etendama - all (kellele/millele),etendama,all,kellele/millele,etendama,,,,,,,obl
293,pahvatama - all (kellele/millele),pahvatama,all,kellele/millele,pahvatama,,,,,,,obl
294,ütlema vastu - all (kellele/millele),ütlema vastu,all,kellele/millele,ütlema,vastu,,,,,,obl
295,faksima - all (kellele/millele),faksima,all,kellele/millele,faksima,,,,,,,obl
296,hukkuma - all (kellele/millele),hukkuma,all,kellele/millele,hukkuma,,,,,,,obl
297,avaldama tänu - all (kellele/millele),avaldama tänu,all,kellele/millele,avaldama,tänu,,,,,,obl
298,rääkima välja - all (kellele/millele),rääkima välja,all,kellele/millele,rääkima,välja,,,,,,obl
299,parseldama maha - all (kellele/millele),parseldama maha,all,kellele/millele,parseldama,maha,,,,,,obl
300,peetama - all (kellele/millele),peetama,all,kellele/millele,peetama,,,,,,,obl
301,vorpima - all (kellele/millele),vorpima,all,kellele/millele,vorpima,,,,,,,obl
302,äigama - all (kellele/millele),äigama,all,kellele/millele,äigama,,,,,,,obl
303,rääkima ära - all (kellele/millele),rääkima ära,all,kellele/millele,rääkima,ära,,,,,,obl
304,sahkerdama - all (kellele/millele),sahkerdama,all,kellele/millele,sahkerdama,,,,,,,obl
305,jutlustama - all (kellele/millele),jutlustama,all,kellele/millele,jutlustama,,,,,,,obl
306,nõudma tagasi - all (kellele/millele),nõudma tagasi,all,kellele/millele,nõudma,tagasi,,,,,,obl
307,müüma kokku - all (kellele/millele),müüma kokku,all,kellele/millele,müüma,kokku,,,,,,obl
308,sõnastama - all (kellele/millele),sõnastama,all,kellele/millele,sõnastama,,,,,,,obl
309,juhtima otsa - all (kellele/millele),juhtima otsa,all,kellele/millele,juhtima,otsa,,,,,,obl
310,järelduma - all (kellele/millele),järelduma,all,kellele/millele,järelduma,,,,,,,obl
311,jutustama ümber - all (kellele/millele),jutustama ümber,all,kellele/millele,jutustama,ümber,,,,,,obl
312,kirjutama välja - all (kellele/millele),kirjutama välja,all,kellele/millele,kirjutama,välja,,,,,,obl
313,kirjutama vastu - all (kellele/millele),kirjutama vastu,all,kellele/millele,kirjutama,vastu,,,,,,obl
314,kirjutama valmis - all (kellele/millele),kirjutama valmis,all,kellele/millele,kirjutama,valmis,,,,,,obl
315,kleepuma külge - all (kellele/millele),kleepuma külge,all,kellele/millele,kleepuma,külge,,,,,,obl
316,kleepima külge - all (kellele/millele),kleepima külge,all,kellele/millele,kleepima,külge,,,,,,obl
317,müüma tagasi - all (kellele/millele),müüma tagasi,all,kellele/millele,müüma,tagasi,,,,,,obl
318,müüma ära - all (kellele/millele),müüma ära,all,kellele/millele,müüma,ära,,,,,,obl
319,kirjutama ette - all (kellele/millele),kirjutama ette,all,kellele/millele,kirjutama,ette,,,,,,obl
320,kisendama - all (kellele/millele),kisendama,all,kellele/millele,kisendama,,,,,,,obl
321,tagama võidu - all (kellele/millele),tagama võidu,all,kellele/millele,tagama,võidu,,,,,,obl
322,seletama ära - all (kellele/millele),seletama ära,all,kellele/millele,seletama,ära,,,,,,obl
323,naeratama vastu - all (kellele/millele),naeratama vastu,all,kellele/millele,naeratama,vastu,,,,,,obl
324,naerma - all (kellele/millele),naerma,all,kellele/millele,naerma,,,,,,,obl
325,"olema juurde, vaja - all (kellele/millele)",olema juurde,all,kellele/millele,olema,juurde,,,,,,obl
326,"olema juurde, vaja - all (kellele/millele)",olema vaja,all,kellele/millele,olema,vaja,,,,,,obl
327,jagama kokku - all (kellele/millele),jagama kokku,all,kellele/millele,jagama,kokku,,,,,,obl
328,sõitma tagant - all (kellele/millele),sõitma tagant,all,kellele/millele,sõitma,tagant,,,,,,obl
329,"sõitma tagant, otsa - all (kellele/millele)",sõitma tagant,all,kellele/millele,sõitma,tagant,,,,,,obl
330,"sõitma tagant, otsa - all (kellele/millele)",sõitma otsa,all,kellele/millele,sõitma,otsa,,,,,,obl
331,"sõitma tagant, sisse - all (kellele/millele)",sõitma tagant,all,kellele/millele,sõitma,tagant,,,,,,obl
332,"sõitma tagant, sisse - all (kellele/millele)",sõitma sisse,all,kellele/millele,sõitma,sisse,,,,,,obl
333,ohkama - all (kellele/millele),ohkama,all,kellele/millele,ohkama,,,,,,,obl
334,jootma sisse - all (kellele/millele),jootma sisse,all,kellele/millele,jootma,sisse,,,,,,obl
335,jooksma järele - all (kellele/millele),jooksma järele,all,kellele/millele,jooksma,järele,,,,,,obl
336,vestma - all (kellele/millele),vestma,all,kellele/millele,vestma,,,,,,,obl
337,refereerima - all (kellele/millele),refereerima,all,kellele/millele,refereerima,,,,,,,obl
338,jootma - all (kellele/millele),jootma,all,kellele/millele,jootma,,,,,,,obl
339,reetma - all (kellele/millele),reetma,all,kellele/millele,reetma,,,,,,,obl
340,joonistama ette - all (kellele/millele),joonistama ette,all,kellele/millele,joonistama,ette,,,,,,obl
341,jalutama vastu - all (kellele/millele),jalutama vastu,all,kellele/millele,jalutama,vastu,,,,,,obl
342,jääma lahti - all (kellele/millele),jääma lahti,all,kellele/millele,jääma,lahti,,,,,,obl
343,jätma lahti - all (kellele/millele),jätma lahti,all,kellele/millele,jätma,lahti,,,,,,obl
344,jätma alles - all (kellele/millele),jätma alles,all,kellele/millele,jätma,alles,,,,,,obl
345,viibutama - all (kellele/millele),viibutama,all,kellele/millele,viibutama,,,,,,,obl
346,jagama välja - all (kellele/millele),jagama välja,all,kellele/millele,jagama,välja,,,,,,obl
347,jagama laiali - all (kellele/millele),jagama laiali,all,kellele/millele,jagama,laiali,,,,,,obl
348,nakatuma - all (kellele/millele),nakatuma,all,kellele/millele,nakatuma,,,,,,,obl
349,pidama maha - all (kellele/millele),pidama maha,all,kellele/millele,pidama,maha,,,,,,obl
350,kiitma heaks - all (kellele/millele),kiitma heaks,all,kellele/millele,kiitma,heaks,,,,,,obl
351,kiirgama - all (kellele/millele),kiirgama,all,kellele/millele,kiirgama,,,,,,,obl
352,ulatama tagasi - all (kellele/millele),ulatama tagasi,all,kellele/millele,ulatama,tagasi,,,,,,obl
353,kippuma kallale - all (kellele/millele),kippuma kallale,all,kellele/millele,kippuma,kallale,,,,,,obl
354,karmistama - all (kellele/millele),karmistama,all,kellele/millele,karmistama,,,,,,,obl
355,sünnitama - all (kellele/millele),sünnitama,all,kellele/millele,sünnitama,,,,,,,obl
356,katsuma - all (kellele/millele),katsuma,all,kellele/millele,katsuma,,,,,,,obl
357,süstima - all (kellele/millele),süstima,all,kellele/millele,süstima,,,,,,,obl
358,noogutama - all (kellele/millele),noogutama,all,kellele/millele,noogutama,,,,,,,obl
359,kippuma peale - all (kellele/millele),kippuma peale,all,kellele/millele,kippuma,peale,,,,,,obl
360,kihutama järele - all (kellele/millele),kihutama järele,all,kellele/millele,kihutama,järele,,,,,,obl
361,nentima - all (kellele/millele),nentima,all,kellele/millele,nentima,,,,,,,obl
362,tegema lahti - all (kellele/millele),tegema lahti,all,kellele/millele,tegema,lahti,,,,,,obl
363,kinkima ära - all (kellele/millele),kinkima ära,all,kellele/millele,kinkima,ära,,,,,,obl
364,kindlustuma - all (kellele/millele),kindlustuma,all,kellele/millele,kindlustuma,,,,,,,obl
365,kindlustama võidu - all (kellele/millele),kindlustama võidu,all,kellele/millele,kindlustama,võidu,,,,,,obl
366,kinkima edasi - all (kellele/millele),kinkima edasi,all,kellele/millele,kinkima,edasi,,,,,,obl
367,korrutama - all (kellele/millele),korrutama,all,kellele/millele,korrutama,,,,,,,obl
368,korvama - all (kellele/millele),korvama,all,kellele/millele,korvama,,,,,,,obl
369,sepistama - all (kellele/millele),sepistama,all,kellele/millele,sepistama,,,,,,,obl
370,komponeerima - all (kellele/millele),komponeerima,all,kellele/millele,komponeerima,,,,,,,obl
371,komistama otsa - all (kellele/millele),komistama otsa,all,kellele/millele,komistama,otsa,,,,,,obl
372,taguma - all (kellele/millele),taguma,all,kellele/millele,taguma,,,,,,,obl
373,tagurdama otsa - all (kellele/millele),tagurdama otsa,all,kellele/millele,tagurdama,otsa,,,,,,obl
374,seostuma - all (kellele/millele),seostuma,all,kellele/millele,seostuma,,,,,,,obl
375,tõstma ette - all (kellele/millele),tõstma ette,all,kellele/millele,tõstma,ette,,,,,,obl
376,kordama üle - all (kellele/millele),kordama üle,all,kellele/millele,kordama,üle,,,,,,obl
377,seostama - all (kellele/millele),seostama,all,kellele/millele,seostama,,,,,,,obl
378,tõstatama - all (kellele/millele),tõstatama,all,kellele/millele,tõstatama,,,,,,,obl
379,koolitama - all (kellele/millele),koolitama,all,kellele/millele,koolitama,,,,,,,obl
380,vaaritama - all (kellele/millele),vaaritama,all,kellele/millele,vaaritama,,,,,,,obl
381,kauplema välja - all (kellele/millele),kauplema välja,all,kellele/millele,kauplema,välja,,,,,,obl
382,keelama ära - all (kellele/millele),keelama ära,all,kellele/millele,keelama,ära,,,,,,obl
383,vaatama sisse - all (kellele/millele),vaatama sisse,all,kellele/millele,vaatama,sisse,,,,,,obl
384,keetma - all (kellele/millele),keetma,all,kellele/millele,keetma,,,,,,,obl
385,"vaatama alt, üles - all (kellele/millele)",vaatama alt,all,kellele/millele,vaatama,alt,,,,,,obl
386,"vaatama alt, üles - all (kellele/millele)",vaatama üles,all,kellele/millele,vaatama,üles,,,,,,obl
387,keerama taha - all (kellele/millele),keerama taha,all,kellele/millele,taha,keerama,,,,,,obl
388,vaatama järele - all (kellele/millele),vaatama järele,all,kellele/millele,vaatama,järele,,,,,,obl
389,koorima - all (kellele/millele),koorima,all,kellele/millele,koorima,,,,,,,obl
390,möelduma - all (kellele/millele),möelduma,all,kellele/millele,,möelduma,,,,,,obl
391,vaatama vastu - all (kellele/millele),vaatama vastu,all,kellele/millele,vaatama,vastu,,,,,,obl
392,keerama kokku - all (kellele/millele),keerama kokku,all,kellele/millele,keerama,kokku,,,,,,obl
393,tormama vastu - all (kellele/millele),tormama vastu,all,kellele/millele,tormama,vastu,,,,,,obl
394,pugema sisse - all (kellele/millele),pugema sisse,all,kellele/millele,pugema,sisse,,,,,,obl
395,teadvustama - all (kellele/millele),teadvustama,all,kellele/millele,teadvustama,,,,,,,obl
396,tormama järele - all (kellele/millele),tormama järele,all,kellele/millele,tormama,järele,,,,,,obl
397,tormama kallale - all (kellele/millele),tormama kallale,all,kellele/millele,tormama,kallale,,,,,,obl
398,lendama järele - all (kellele/millele),lendama järele,all,kellele/millele,lendama,järele,,,,,,obl
399,lendama otsa - all (kellele/millele),lendama otsa,all,kellele/millele,lendama,otsa,,,,,,obl
400,lekitama - all (kellele/millele),lekitama,all,kellele/millele,lekitama,,,,,,,obl
401,maitsema - all (kellele/millele),maitsema,all,kellele/millele,maitsema,,,,,,,obl
402,maitsma - all (kellele/millele),maitsma,all,kellele/millele,maitsma,,,,,,,obl
403,"tegema otsa, peale - all (kellele/millele)",tegema otsa,all,kellele/millele,tegema,otsa,,,,,,obl
404,"tegema otsa, peale - all (kellele/millele)",tegema peale,all,kellele/millele,tegema,peale,,,,,,obl
405,teadustama - all (kellele/millele),teadustama,all,kellele/millele,teadustama,,,,,,,obl
406,terenduma - all (kellele/millele),terenduma,all,kellele/millele,terenduma,,,,,,,obl
407,lendama peale - all (kellele/millele),lendama peale,all,kellele/millele,lendama,peale,,,,,,obl
408,laulma ette - all (kellele/millele),laulma ette,all,kellele/millele,laulma,ette,,,,,,obl
409,liputama - all (kellele/millele),liputama,all,kellele/millele,liputama,,,,,,,obl
410,lavastama - all (kellele/millele),lavastama,all,kellele/millele,lavastama,,,,,,,obl
411,terendama - all (kellele/millele),terendama,all,kellele/millele,terendama,,,,,,,obl
412,toimetama edasi - all (kellele/millele),toimetama edasi,all,kellele/millele,toimetama,edasi,,,,,,obl
413,presenteerima - all (kellele/millele),presenteerima,all,kellele/millele,presenteerima,,,,,,,obl
414,lubama kokku - all (kellele/millele),lubama kokku,all,kellele/millele,lubama,kokku,,,,,,obl
415,pressima peale - all (kellele/millele),pressima peale,all,kellele/millele,pressima,peale,,,,,,obl
416,tegema alla - all (kellele/millele),tegema alla,all,kellele/millele,tegema,alla,,,,,,obl
417,loosima - all (kellele/millele),loosima,all,kellele/millele,loosima,,,,,,,obl
418,mahtuma sisse - all (kellele/millele),mahtuma sisse,all,kellele/millele,mahtuma,sisse,,,,,,obl
419,lükkama ette - all (kellele/millele),lükkama ette,all,kellele/millele,lükkama,ette,,,,,,obl
420,praadima - all (kellele/millele),praadima,all,kellele/millele,praadima,,,,,,,obl
421,tegema kokku - all (kellele/millele),tegema kokku,all,kellele/millele,tegema,kokku,,,,,,obl
422,plaksutama - all (kellele/millele),plaksutama,all,kellele/millele,plaksutama,,,,,,,obl
423,looma külge - all (kellele/millele),looma külge,all,kellele/millele,,looma,külge,,,,,obl
424,looma rindu - all (kellele/millele),looma rindu,all,kellele/millele,,looma,rindu,,,,,obl
425,looma vastu - all (kellele/millele),looma vastu,all,kellele/millele,,looma,vastu,,,,,obl
426,tegema säru - all (kellele/millele),tegema säru,all,kellele/millele,tegema,säru,,,,,,obl
427,m6elduma - all (kellele/millele),m6elduma,all,kellele/millele,,m6elduma,,,,,,obl
428,lööma külge - all (kellele/millele),lööma külge,all,kellele/millele,lööma,külge,,,,,,obl
429,maksma kokku - all (kellele/millele),maksma kokku,all,kellele/millele,maksma,kokku,,,,,,obl
430,tegema otsa - all (kellele/millele),tegema otsa,all,kellele/millele,tegema,otsa,,,,,,obl
431,maksma ette - all (kellele/millele),maksma ette,all,kellele/millele,maksma,ette,,,,,,obl
432,maksma edasi - all (kellele/millele),maksma edasi,all,kellele/millele,maksma,edasi,,,,,,obl
433,poseerima - all (kellele/millele),poseerima,all,kellele/millele,poseerima,,,,,,,obl
434,tegema valmis - all (kellele/millele),tegema valmis,all,kellele/millele,tegema,valmis,,,,,,obl
435,lükkama ümber - all (kellele/millele),lükkama ümber,all,kellele/millele,lükkama,ümber,,,,,,obl
436,tekitama kokku - all (kellele/millele),tekitama kokku,all,kellele/millele,tekitama,kokku,,,,,,obl
437,lööma rindu - all (kellele/millele),lööma rindu,all,kellele/millele,lööma,rindu,,,,,,obl
438,lööma tagasi - all (kellele/millele),lööma tagasi,all,kellele/millele,lööma,tagasi,,,,,,obl
439,lööma sisse - all (kellele/millele),lööma sisse,all,kellele/millele,lööma,sisse,,,,,,obl
440,lööma vastu - all (kellele/millele),lööma vastu,all,kellele/millele,lööma,vastu,,,,,,obl
441,pomisema - all (kellele/millele),pomisema,all,kellele/millele,pomisema,,,,,,,obl
442,solvama - all (kellele/millele),solvama,all,kellele/millele,solvama,,,,,,,obl
443,mekkima - all (kellele/millele),mekkima,all,kellele/millele,mekkima,,,,,,,obl
444,kaebama edasi - all (kellele/millele),kaebama edasi,all,kellele/millele,kaebama,edasi,,,,,,obl
445,kangastuma - all (kellele/millele),kangastuma,all,kellele/millele,kangastuma,,,,,,,obl
446,sümboliseerima - all (kellele/millele),sümboliseerima,all,kellele/millele,sümboliseerima,,,,,,,obl
447,nutma - all (kellele/millele),nutma,all,kellele/millele,nutma,,,,,,,obl
448,vaidlustama - all (kellele/millele),vaidlustama,all,kellele/millele,vaidlustama,,,,,,,obl
449,sümpatiseerima - all (kellele/millele),sümpatiseerima,all,kellele/millele,sümpatiseerima,,,,,,,obl
450,kandma edasi - all (kellele/millele),kandma edasi,all,kellele/millele,kandma,edasi,,,,,,obl
451,kanduma edasi - all (kellele/millele),kanduma edasi,all,kellele/millele,kanduma,edasi,,,,,,obl
452,näitama ära - all (kellele/millele),näitama ära,all,kellele/millele,näitama,ära,,,,,,obl
453,jääma üle - all (kellele/millele),jääma üle,all,kellele/millele,jääma,üle,,,,,,obl
454,jääma väheks - all (kellele/millele),jääma väheks,all,kellele/millele,jääma,väheks,,,,,,obl
455,jääma võlg - all (kellele/millele),jääma võlg,all,kellele/millele,jääma,võlg,,,,,,obl
456,varastama - all (kellele/millele),varastama,all,kellele/millele,varastama,,,,,,,obl
457,sööbima - all (kellele/millele),sööbima,all,kellele/millele,sööbima,,,,,,,obl
458,näitama välja - all (kellele/millele),näitama välja,all,kellele/millele,näitama,välja,,,,,,obl
459,raporteerima - all (kellele/millele),raporteerima,all,kellele/millele,raporteerima,,,,,,,obl
460,jõudma pärale - all (kellele/millele),jõudma pärale,all,kellele/millele,jõudma,pärale,,,,,,obl
461,kandma tagasi - all (kellele/millele),kandma tagasi,all,kellele/millele,kandma,tagasi,,,,,,obl
462,nähtuma - all (kellele/millele),nähtuma,all,kellele/millele,nähtuma,,,,,,,obl
463,kahtlustama - all (kellele/millele),kahtlustama,all,kellele/millele,kahtlustama,,,,,,,obl
464,söötma sisse - all (kellele/millele),söötma sisse,all,kellele/millele,söötma,sisse,,,,,,obl
465,söötma ette - all (kellele/millele),söötma ette,all,kellele/millele,söötma,ette,,,,,,obl
466,kargama kallale - all (kellele/millele),kargama kallale,all,kellele/millele,kargama,kallale,,,,,,obl
467,vahtima järele - all (kellele/millele),vahtima järele,all,kellele/millele,vahtima,järele,,,,,,obl
468,kantima - all (kellele/millele),kantima,all,kellele/millele,kantima,,,,,,,obl
469,sebima - all (kellele/millele),sebima,all,kellele/millele,sebima,,,,,,,obl
470,valama välja - all (kellele/millele),valama välja,all,kellele/millele,valama,välja,,,,,,obl
471,sisistama - all (kellele/millele),sisistama,all,kellele/millele,sisistama,,,,,,,obl
472,sisustama - all (kellele/millele),sisustama,all,kellele/millele,sisustama,,,,,,,obl
473,toonitama - all (kellele/millele),toonitama,all,kellele/millele,toonitama,,,,,,,obl
474,toppima sisse - all (kellele/millele),toppima sisse,all,kellele/millele,toppima,sisse,,,,,,obl
475,teadvustuma - all (kellele/millele),teadvustuma,all,kellele/millele,teadvustuma,,,,,,,obl
476,toppima - all (kellele/millele),toppima,all,kellele/millele,toppima,,,,,,,obl
477,teatama ette - all (kellele/millele),teatama ette,all,kellele/millele,teatama,ette,,,,,,obl
478,lobisema - all (kellele/millele),lobisema,all,kellele/millele,lobisema,,,,,,,obl
479,meisterdama - all (kellele/millele),meisterdama,all,kellele/millele,meisterdama,,,,,,,obl
480,meilima - all (kellele/millele),meilima,all,kellele/millele,meilima,,,,,,,obl
481,tooma ette - all (kellele/millele),tooma ette,all,kellele/millele,tooma,ette,,,,,,obl
482,linastuma - all (kellele/millele),linastuma,all,kellele/millele,linastuma,,,,,,,obl
483,produtseerima - all (kellele/millele),produtseerima,all,kellele/millele,produtseerima,,,,,,,obl
484,teenima välja - all (kellele/millele),teenima välja,all,kellele/millele,teenima,välja,,,,,,obl
485,sööstma järele - all (kellele/millele),sööstma järele,all,kellele/millele,sööstma,järele,,,,,,obl
486,skandeerima - all (kellele/millele),skandeerima,all,kellele/millele,skandeerima,,,,,,,obl
487,loetlema - all (kellele/millele),loetlema,all,kellele/millele,loetlema,,,,,,,obl
488,näitama ette - all (kellele/millele),näitama ette,all,kellele/millele,näitama,ette,,,,,,obl
489,näitama kätte - all (kellele/millele),näitama kätte,all,kellele/millele,näitama,kätte,,,,,,obl
490,valgustama - all (kellele/millele),valgustama,all,kellele/millele,valgustama,,,,,,,obl
491,nähvama - all (kellele/millele),nähvama,all,kellele/millele,nähvama,,,,,,,obl
492,kaevama - all (kellele/millele),kaevama,all,kellele/millele,kaevama,,,,,,,obl
493,kaebama ära - all (kellele/millele),kaebama ära,all,kellele/millele,kaebama,ära,,,,,,obl
494,sööstma kallale - all (kellele/millele),sööstma kallale,all,kellele/millele,sööstma,kallale,,,,,,obl
495,liisima - all (kellele/millele),liisima,all,kellele/millele,liisima,,,,,,,obl
496,propageerima - all (kellele/millele),propageerima,all,kellele/millele,propageerima,,,,,,,obl
497,tooma ära - all (kellele/millele),tooma ära,all,kellele/millele,tooma,ära,,,,,,obl
498,ülistama - all (kellele/millele),ülistama,all,kellele/millele,ülistama,,,,,,,obl
499,looma juurde - all (kellele/millele),looma juurde,all,kellele/millele,,looma,juurde,,,,,obl
500,ühmama - all (kellele/millele),ühmama,all,kellele/millele,ühmama,,,,,,,obl
501,torisema - all (kellele/millele),torisema,all,kellele/millele,torisema,,,,,,,obl
502,tõestama ära - all (kellele/millele),tõestama ära,all,kellele/millele,tõestama,ära,,,,,,obl
503,liikuma järele - all (kellele/millele),liikuma järele,all,kellele/millele,liikuma,järele,,,,,,obl
504,veeretama ette - all (kellele/millele),veeretama ette,all,kellele/millele,veeretama,ette,,,,,,obl
505,ajama külge - all (kellele/millele),ajama külge,all,kellele/millele,ajama,külge,,,,,,obl
506,lobisema välja - all (kellele/millele),lobisema välja,all,kellele/millele,lobisema,välja,,,,,,obl
507,panema kõrvale - all (kellele/millele),panema kõrvale,all,kellele/millele,panema,kõrvale,,,,,,obl
508,nõudma kokku - all (kellele/millele),nõudma kokku,all,kellele/millele,nõudma,kokku,,,,,,obl
509,sokutama ette - all (kellele/millele),sokutama ette,all,kellele/millele,sokutama,ette,,,,,,obl
510,hõikuma - all (kellele/millele),hõikuma,all,kellele/millele,hõikuma,,,,,,,obl
511,kõssama - all (kellele/millele),kõssama,all,kellele/millele,kõssama,,,,,,,obl
512,kinkima võidu - all (kellele/millele),kinkima võidu,all,kellele/millele,kinkima,võidu,,,,,,obl
513,hakkama kinni - all (kellele/millele),hakkama kinni,all,kellele/millele,hakkama,kinni,,,,,,obl
514,kinkima tagasi - all (kellele/millele),kinkima tagasi,all,kellele/millele,kinkima,tagasi,,,,,,obl
515,kirjama - all (kellele/millele),kirjama,all,kellele/millele,kirjama,,,,,,,obl
516,põlistama - all (kellele/millele),põlistama,all,kellele/millele,põlistama,,,,,,,obl
517,vahtima vastu - all (kellele/millele),vahtima vastu,all,kellele/millele,vahtima,vastu,,,,,,obl
518,karjuma vastu - all (kellele/millele),karjuma vastu,all,kellele/millele,karjuma,vastu,,,,,,obl
519,kapituleeruma - all (kellele/millele),kapituleeruma,all,kellele/millele,kapituleeruma,,,,,,,obl
520,saatma kallale - all (kellele/millele),saatma kallale,all,kellele/millele,saatma,kallale,,,,,,obl
521,põrnitsema otsa - all (kellele/millele),põrnitsema otsa,all,kellele/millele,põrnitsema,otsa,,,,,,obl
522,kiirustama järele - all (kellele/millele),kiirustama järele,all,kellele/millele,kiirustama,järele,,,,,,obl
523,tuksuma - all (kellele/millele),tuksuma,all,kellele/millele,tuksuma,,,,,,,obl
524,mängima välja - all (kellele/millele),mängima välja,all,kellele/millele,mängima,välja,,,,,,obl
525,kituma ära - all (kellele/millele),kituma ära,all,kellele/millele,kituma,ära,,,,,,obl
526,kuuluma üle - all (kellele/millele),kuuluma üle,all,kellele/millele,kuuluma,üle,,,,,,obl
527,kiitlema - all (kellele/millele),kiitlema,all,kellele/millele,kiitlema,,,,,,,obl
528,möjuma - all (kellele/millele),möjuma,all,kellele/millele,möjuma,,,,,,,obl
529,parseldama - all (kellele/millele),parseldama,all,kellele/millele,parseldama,,,,,,,obl
530,kisama - all (kellele/millele),kisama,all,kellele/millele,kisama,,,,,,,obl
531,sirutuma vastu - all (kellele/millele),sirutuma vastu,all,kellele/millele,sirutuma,vastu,,,,,,obl
532,tõttama järele - all (kellele/millele),tõttama järele,all,kellele/millele,tõttama,järele,,,,,,obl
533,treima - all (kellele/millele),treima,all,kellele/millele,treima,,,,,,,obl
534,kähvama - all (kellele/millele),kähvama,all,kellele/millele,kähvama,,,,,,,obl
535,iitsatama - all (kellele/millele),iitsatama,all,kellele/millele,iitsatama,,,,,,,obl
536,kasvama alla - all (kellele/millele),kasvama alla,all,kellele/millele,kasvama,alla,,,,,,obl
537,kasvama sisse - all (kellele/millele),kasvama sisse,all,kellele/millele,kasvama,sisse,,,,,,obl
538,nurruma - all (kellele/millele),nurruma,all,kellele/millele,nurruma,,,,,,,obl
539,hüppama otsa - all (kellele/millele),hüppama otsa,all,kellele/millele,hüppama,otsa,,,,,,obl
540,dikteerima ette - all (kellele/millele),dikteerima ette,all,kellele/millele,dikteerima,ette,,,,,,obl
541,kutsuma järele - all (kellele/millele),kutsuma järele,all,kellele/millele,kutsuma,järele,,,,,,obl
542,nakkama - all (kellele/millele),nakkama,all,kellele/millele,nakkama,,,,,,,obl
543,ruttama järele - all (kellele/millele),ruttama järele,all,kellele/millele,ruttama,järele,,,,,,obl
544,sugereerima - all (kellele/millele),sugereerima,all,kellele/millele,sugereerima,,,,,,,obl
545,sirutama vastu - all (kellele/millele),sirutama vastu,all,kellele/millele,sirutama,vastu,,,,,,obl
546,andma võlgu - all (kellele/millele),andma võlgu,all,kellele/millele,andma,võlgu,,,,,,obl
547,vuristama ette - all (kellele/millele),vuristama ette,all,kellele/millele,vuristama,ette,,,,,,obl
548,jõustama - all (kellele/millele),jõustama,all,kellele/millele,jõustama,,,,,,,obl
549,jõllitama otsa - all (kellele/millele),jõllitama otsa,all,kellele/millele,jõllitama,otsa,,,,,,obl
550,musitseerima - all (kellele/millele),musitseerima,all,kellele/millele,musitseerima,,,,,,,obl
551,vibutama - all (kellele/millele),vibutama,all,kellele/millele,vibutama,,,,,,,obl
552,passitama - all (kellele/millele),passitama,all,kellele/millele,passitama,,,,,,,obl
553,möirgama - all (kellele/millele),möirgama,all,kellele/millele,möirgama,,,,,,,obl
554,kinkima üle - all (kellele/millele),kinkima üle,all,kellele/millele,kinkima,üle,,,,,,obl
555,sattuma vastu - all (kellele/millele),sattuma vastu,all,kellele/millele,sattuma,vastu,,,,,,obl
556,süstima sisse - all (kellele/millele),süstima sisse,all,kellele/millele,süstima,sisse,,,,,,obl
557,annetama kokku - all (kellele/millele),annetama kokku,all,kellele/millele,annetama,kokku,,,,,,obl
558,kelkima - all (kellele/millele),kelkima,all,kellele/millele,kelkima,,,,,,,obl
559,"olema võlgu, kokku - all (kellele/millele)",olema võlgu,all,kellele/millele,olema,võlgu,,,,,,obl
560,"olema võlgu, kokku - all (kellele/millele)",olema kokku,all,kellele/millele,olema,kokku,,,,,,obl
561,miksima - all (kellele/millele),miksima,all,kellele/millele,miksima,,,,,,,obl
562,kõndima vastu - all (kellele/millele),kõndima vastu,all,kellele/millele,kõndima,vastu,,,,,,obl
563,valama sisse - all (kellele/millele),valama sisse,all,kellele/millele,valama,sisse,,,,,,obl
564,hoidma alles - all (kellele/millele),hoidma alles,all,kellele/millele,hoidma,alles,,,,,,obl
565,pobisema - all (kellele/millele),pobisema,all,kellele/millele,pobisema,,,,,,,obl
566,irvitama vastu - all (kellele/millele),irvitama vastu,all,kellele/millele,irvitama,vastu,,,,,,obl
567,tagurdama ette - all (kellele/millele),tagurdama ette,all,kellele/millele,tagurdama,ette,,,,,,obl
568,ütlema sisse - all (kellele/millele),ütlema sisse,all,kellele/millele,ütlema,sisse,,,,,,obl
569,jagama ümber - all (kellele/millele),jagama ümber,all,kellele/millele,jagama,ümber,,,,,,obl
570,suruma vastu - all (kellele/millele),suruma vastu,all,kellele/millele,suruma,vastu,,,,,,obl
571,selginema - all (kellele/millele),selginema,all,kellele/millele,selginema,,,,,,,obl
572,viima kohale - all (kellele/millele),viima kohale,all,kellele/millele,viima,kohale,,,,,,obl
573,istuma otsa - all (kellele/millele),istuma otsa,all,kellele/millele,istuma,otsa,,,,,,obl
574,küttima - all (kellele/millele),küttima,all,kellele/millele,küttima,,,,,,,obl
575,pakkuma valmis - all (kellele/millele),pakkuma valmis,all,kellele/millele,pakkuma,valmis,,,,,,obl
576,sepitsema - all (kellele/millele),sepitsema,all,kellele/millele,sepitsema,,,,,,,obl
577,resümeerima - all (kellele/millele),resümeerima,all,kellele/millele,resümeerima,,,,,,,obl
578,selgitama ära - all (kellele/millele),selgitama ära,all,kellele/millele,selgitama,ära,,,,,,obl
579,rändama edasi - all (kellele/millele),rändama edasi,all,kellele/millele,rändama,edasi,,,,,,obl
580,kinkima kokku - all (kellele/millele),kinkima kokku,all,kellele/millele,kinkima,kokku,,,,,,obl
581,välgutama - all (kellele/millele),välgutama,all,kellele/millele,välgutama,,,,,,,obl
582,manama ette - all (kellele/millele),manama ette,all,kellele/millele,manama,ette,,,,,,obl
583,välgatama - all (kellele/millele),välgatama,all,kellele/millele,välgatama,,,,,,,obl
584,nakkuma - all (kellele/millele),nakkuma,all,kellele/millele,nakkuma,,,,,,,obl
585,lubama ära - all (kellele/millele),lubama ära,all,kellele/millele,lubama,ära,,,,,,obl
586,vedama järele - all (kellele/millele),vedama järele,all,kellele/millele,vedama,järele,,,,,,obl
587,loovutama kokku - all (kellele/millele),loovutama kokku,all,kellele/millele,loovutama,kokku,,,,,,obl
588,mängima vastu - all (kellele/millele),mängima vastu,all,kellele/millele,mängima,vastu,,,,,,obl
589,müütama - all (kellele/millele),müütama,all,kellele/millele,müütama,,,,,,,obl
590,kituma - all (kellele/millele),kituma,all,kellele/millele,kituma,,,,,,,obl
591,helistama ette - all (kellele/millele),helistama ette,all,kellele/millele,helistama,ette,,,,,,obl
592,vaatama valmis - all (kellele/millele),vaatama valmis,all,kellele/millele,vaatama,valmis,,,,,,obl
593,vilkuma - all (kellele/millele),vilkuma,all,kellele/millele,vilkuma,,,,,,,obl
594,"maksma välja, kokku - all (kellele/millele)",maksma välja,all,kellele/millele,maksma,välja,,,,,,obl
595,"maksma välja, kokku - all (kellele/millele)",maksma kokku,all,kellele/millele,maksma,kokku,,,,,,obl
596,naerma vastu - all (kellele/millele),naerma vastu,all,kellele/millele,naerma,vastu,,,,,,obl
597,ujuma järele - all (kellele/millele),ujuma järele,all,kellele/millele,ujuma,järele,,,,,,obl
598,jätma kätte - all (kellele/millele),jätma kätte,all,kellele/millele,jätma,kätte,,,,,,obl
599,hüppama vastu - all (kellele/millele),hüppama vastu,all,kellele/millele,hüppama,vastu,,,,,,obl
600,deklameerima - all (kellele/millele),deklameerima,all,kellele/millele,deklameerima,,,,,,,obl
601,jutustama edasi - all (kellele/millele),jutustama edasi,all,kellele/millele,jutustama,edasi,,,,,,obl
602,vilistama järele - all (kellele/millele),vilistama järele,all,kellele/millele,vilistama,järele,,,,,,obl
603,valetama sisse - all (kellele/millele),valetama sisse,all,kellele/millele,valetama,sisse,,,,,,obl
604,seadma valmis - all (kellele/millele),seadma valmis,all,kellele/millele,seadma,valmis,,,,,,obl
605,orgunnima - all (kellele/millele),orgunnima,all,kellele/millele,orgunnima,,,,,,,obl
606,rühkima järele - all (kellele/millele),rühkima järele,all,kellele/millele,rühkima,järele,,,,,,obl
607,sadama sisse - all (kellele/millele),sadama sisse,all,kellele/millele,,sadama,sisse,,,,,obl
608,"andma üle, kokku - all (kellele/millele)",andma üle,all,kellele/millele,andma,üle,,,,,,obl
609,"andma üle, kokku - all (kellele/millele)",andma kokku,all,kellele/millele,andma,kokku,,,,,,obl
610,tulema ligi - all (kellele/millele),tulema ligi,all,kellele/millele,tulema,ligi,,,,,,obl
611,sööstma otsa - all (kellele/millele),sööstma otsa,all,kellele/millele,sööstma,otsa,,,,,,obl
612,teenima tagasi - all (kellele/millele),teenima tagasi,all,kellele/millele,teenima,tagasi,,,,,,obl
613,andma alles - all (kellele/millele),andma alles,all,kellele/millele,andma,alles,,,,,,obl
614,tulistama järele - all (kellele/millele),tulistama järele,all,kellele/millele,tulistama,järele,,,,,,obl
615,paiskuma vastu - all (kellele/millele),paiskuma vastu,all,kellele/millele,paiskuma,vastu,,,,,,obl
616,valetama kokku - all (kellele/millele),valetama kokku,all,kellele/millele,valetama,kokku,,,,,,obl
617,käratama peale - all (kellele/millele),käratama peale,all,kellele/millele,käratama,peale,,,,,,obl
618,ärima - all (kellele/millele),ärima,all,kellele/millele,ärima,,,,,,,obl
619,ärima maha - all (kellele/millele),ärima maha,all,kellele/millele,ärima,maha,,,,,,obl
620,lubama välja - all (kellele/millele),lubama välja,all,kellele/millele,lubama,välja,,,,,,obl
621,nuputama välja - all (kellele/millele),nuputama välja,all,kellele/millele,nuputama,välja,,,,,,obl
622,karjatama - all (kellele/millele),karjatama,all,kellele/millele,karjatama,,,,,,,obl
623,arvestama välja - all (kellele/millele),arvestama välja,all,kellele/millele,arvestama,välja,,,,,,obl
624,rääkima vahele - all (kellele/millele),rääkima vahele,all,kellele/millele,rääkima,vahele,,,,,,obl
625,sündima kaasa - all (kellele/millele),sündima kaasa,all,kellele/millele,sündima,kaasa,,,,,,obl
626,puhuma vastu - all (kellele/millele),puhuma vastu,all,kellele/millele,puhuma,vastu,,,,,,obl
627,loovutama tagasi - all (kellele/millele),loovutama tagasi,all,kellele/millele,loovutama,tagasi,,,,,,obl
628,särama vastu - all (kellele/millele),särama vastu,all,kellele/millele,särama,vastu,,,,,,obl
629,ulatama edasi - all (kellele/millele),ulatama edasi,all,kellele/millele,ulatama,edasi,,,,,,obl
630,renoveerima - all (kellele/millele),renoveerima,all,kellele/millele,renoveerima,,,,,,,obl
631,juhatama kätte - all (kellele/millele),juhatama kätte,all,kellele/millele,juhatama,kätte,,,,,,obl
632,aimuma - all (kellele/millele),aimuma,all,kellele/millele,aimuma,,,,,,,obl
633,maksma võidu - all (kellele/millele),maksma võidu,all,kellele/millele,maksma,võidu,,,,,,obl
634,jutustama ära - all (kellele/millele),jutustama ära,all,kellele/millele,jutustama,ära,,,,,,obl
635,jagama kaasa - all (kellele/millele),jagama kaasa,all,kellele/millele,jagama,kaasa,,,,,,obl
636,maalima ette - all (kellele/millele),maalima ette,all,kellele/millele,maalima,ette,,,,,,obl
637,saluteerima - all (kellele/millele),saluteerima,all,kellele/millele,saluteerima,,,,,,,obl
638,tegema tuupi - all (kellele/millele),tegema tuupi,all,kellele/millele,tegema,tuupi,,,,,,obl
639,mühatama - all (kellele/millele),mühatama,all,kellele/millele,mühatama,,,,,,,obl
640,lugema üles - all (kellele/millele),lugema üles,all,kellele/millele,lugema,üles,,,,,,obl
641,bluffima - all (kellele/millele),bluffima,all,kellele/millele,bluffima,,,,,,,obl
642,tormama peale - all (kellele/millele),tormama peale,all,kellele/millele,tormama,peale,,,,,,obl
643,söötma tagasi - all (kellele/millele),söötma tagasi,all,kellele/millele,söötma,tagasi,,,,,,obl
644,kõndima järele - all (kellele/millele),kõndima järele,all,kellele/millele,kõndima,järele,,,,,,obl
645,viskama järele - all (kellele/millele),viskama järele,all,kellele/millele,viskama,järele,,,,,,obl
646,rääkima ette - all (kellele/millele),rääkima ette,all,kellele/millele,rääkima,ette,,,,,,obl
647,mailima - all (kellele/millele),mailima,all,kellele/millele,,mailima,,,,,,obl
648,müksama külge - all (kellele/millele),müksama külge,all,kellele/millele,müksama,külge,,,,,,obl
649,juhtuma vastu - all (kellele/millele),juhtuma vastu,all,kellele/millele,juhtuma,vastu,,,,,,obl
650,tõlkima ära - all (kellele/millele),tõlkima ära,all,kellele/millele,tõlkima,ära,,,,,,obl
651,etenduma - all (kellele/millele),etenduma,all,kellele/millele,etenduma,,,,,,,obl
652,jooksma juurde - all (kellele/millele),jooksma juurde,all,kellele/millele,jooksma,juurde,,,,,,obl
653,hiilima järele - all (kellele/millele),hiilima järele,all,kellele/millele,hiilima,järele,,,,,,obl
654,hüüdma vahele - all (kellele/millele),hüüdma vahele,all,kellele/millele,hüüdma,vahele,,,,,,obl
655,kinkima kaasa - all (kellele/millele),kinkima kaasa,all,kellele/millele,kinkima,kaasa,,,,,,obl
656,inkrimineerima - all (kellele/millele),inkrimineerima,all,kellele/millele,inkrimineerima,,,,,,,obl
657,"põrutama tagant, sisse - all (kellele/millele)",põrutama tagant,all,kellele/millele,põrutama,tagant,,,,,,obl
658,"põrutama tagant, sisse - all (kellele/millele)",põrutama sisse,all,kellele/millele,põrutama,sisse,,,,,,obl
659,kirgastuma - all (kellele/millele),kirgastuma,all,kellele/millele,kirgastuma,,,,,,,obl
660,ratsutama vastu - all (kellele/millele),ratsutama vastu,all,kellele/millele,ratsutama,vastu,,,,,,obl
661,ostma valmis - all (kellele/millele),ostma valmis,all,kellele/millele,ostma,valmis,,,,,,obl
662,nõiduma - all (kellele/millele),nõiduma,all,kellele/millele,nõiduma,,,,,,,obl
663,vassima - all (kellele/millele),vassima,all,kellele/millele,vassima,,,,,,,obl
664,vaatama järgi - all (kellele/millele),vaatama järgi,all,kellele/millele,vaatama,järgi,,,,,,obl
665,sähvama - all (kellele/millele),sähvama,all,kellele/millele,sähvama,,,,,,,obl
666,esitama ära - all (kellele/millele),esitama ära,all,kellele/millele,esitama,ära,,,,,,obl
667,nähvama vastu - all (kellele/millele),nähvama vastu,all,kellele/millele,nähvama,vastu,,,,,,obl
668,joonistama juurde - all (kellele/millele),joonistama juurde,all,kellele/millele,joonistama,juurde,,,,,,obl
669,tagama kokku - all (kellele/millele),tagama kokku,all,kellele/millele,tagama,kokku,,,,,,obl
670,heiastuma - all (kellele/millele),heiastuma,all,kellele/millele,heiastuma,,,,,,,obl
671,"põrutama tagant, otsa - all (kellele/millele)",põrutama tagant,all,kellele/millele,põrutama,tagant,,,,,,obl
672,"põrutama tagant, otsa - all (kellele/millele)",põrutama otsa,all,kellele/millele,põrutama,otsa,,,,,,obl
673,mõõtma välja - all (kellele/millele),mõõtma välja,all,kellele/millele,mõõtma,välja,,,,,,obl
674,peegelduma tagasi - all (kellele/millele),peegelduma tagasi,all,kellele/millele,peegelduma,tagasi,,,,,,obl
675,kargama kinni - all (kellele/millele),kargama kinni,all,kellele/millele,kargama,kinni,,,,,,obl
676,mõõtma tagasi - all (kellele/millele),mõõtma tagasi,all,kellele/millele,mõõtma,tagasi,,,,,,obl
677,"olema kõrvale, vaja - all (kellele/millele)",olema kõrvale,all,kellele/millele,olema,kõrvale,,,,,,obl
678,"olema kõrvale, vaja - all (kellele/millele)",olema vaja,all,kellele/millele,olema,vaja,,,,,,obl
679,karjuma järele - all (kellele/millele),karjuma järele,all,kellele/millele,karjuma,järele,,,,,,obl
680,kasvama ette - all (kellele/millele),kasvama ette,all,kellele/millele,kasvama,ette,,,,,,obl
681,sammuma järele - all (kellele/millele),sammuma järele,all,kellele/millele,sammuma,järele,,,,,,obl
682,istutama tagasi - all (kellele/millele),istutama tagasi,all,kellele/millele,istutama,tagasi,,,,,,obl
683,kargama ligi - all (kellele/millele),kargama ligi,all,kellele/millele,kargama,ligi,,,,,,obl
684,ronima peale - all (kellele/millele),ronima peale,all,kellele/millele,ronima,peale,,,,,,obl
685,sõitma kõrvale - all (kellele/millele),sõitma kõrvale,all,kellele/millele,sõitma,kõrvale,,,,,,obl
686,hüüdma vastu - all (kellele/millele),hüüdma vastu,all,kellele/millele,hüüdma,vastu,,,,,,obl
687,põrutama järele - all (kellele/millele),põrutama järele,all,kellele/millele,põrutama,järele,,,,,,obl
688,segama kokku - all (kellele/millele),segama kokku,all,kellele/millele,segama,kokku,,,,,,obl
689,jahuma - all (kellele/millele),jahuma,all,kellele/millele,jahuma,,,,,,,obl
690,segama sisse - all (kellele/millele),segama sisse,all,kellele/millele,segama,sisse,,,,,,obl
691,pöörama vastu - all (kellele/millele),pöörama vastu,all,kellele/millele,pöörama,vastu,,,,,,obl
692,kihutama külge - all (kellele/millele),kihutama külge,all,kellele/millele,kihutama,külge,,,,,,obl
693,andma säru - all (kellele/millele),andma säru,all,kellele/millele,andma,säru,,,,,,obl
694,tikkuma peale - all (kellele/millele),tikkuma peale,all,kellele/millele,tikkuma,peale,,,,,,obl
695,lööma lahku - el (kellest/millest),lööma lahku,el,kellest/millest,lööma,lahku,,,,,,obl
696,tuiskama mööda - el (kellest/millest),tuiskama mööda,el,kellest/millest,tuiskama,mööda,,,,,,obl
697,armuma - ill (kellesse/millesse),armuma,ill,kellesse/millesse,armuma,,,,,,,obl
