sentence_id,head_id,head_loc,verb,verb_compound,morph_case,lemma,form,sentence,timex_tag,ekilex_tag,ner_tag,classification,explanation
12746239,20388907,3,suhtuma,,adit,eliit,eliiti,Kõik suhtuvad eliiti põlgusega .,,alive,,yes,"The phrase 'eliiti' refers to a group rather than a physical location, so it is not an adverbial of place."
6939092,11151132,7,tõlkima,,all,saadik,saadikutele,Eesti euroliitu viinud Hendrik Hololei tõlgib saadikutele peaminister Partsi kõnet .,,,,yes,"The phrase 'saadikutele' (to the delegates) indicates the recipients of an action and does not specify a physical location, so it is not an adverbial of place."
10814828,17321127,11,kõlama,,all,pankrotiohver,pankrotiohvritele,"Kuusel vedas , et tulema pääses : lausa mõnitusena kõlab pankrotiohvritele teade , et vahepeal kombinaadilt saadud pisukegi palgasumma võidakse kohtu kaudu tagasi nõuda .",,,,yes,"The phrase 'pankrotiohvritele' refers to a group of people (bankruptcy victims), not a location, so it is not classified as an adverbial of place."
6270282,10072883,9,töötama,,el,liikluskorraldus,liikluskorraldusest,"Pealinnas töötab aga kõik selle vastu , alates liikluskorraldusest kuni kaasliiklejateni .",,,,yes,"The phrase 'liikluskorraldusest' indicates an abstract concept related to traffic management, not a specific place, hence not an adverbial of place."
8705140,13965151,20,meenutama,,all,Laura,Laurale,"Näiteks see vasakus reaservas istuv heledapäine apollolokkidega noormees , kellele ta valge tärgeldatud krae ilmselgelt ebamugavust valmistas , meenutas Laurale vägisi üht innukat maapoissi , kes arvas vist , et linnas leiab ta eest hoopis kõrgema inimliigi esindajad , ja kes oleks armunud ilmselt esimesesse ettejuhtuvasse vähegi sobilikku naisterahvasse — puhtjuhuslikult oli Laura see , kellele ta oma naiivse tuhina pühendas .",,location,PER,yes,"The phrase 'Laurale' indicates direction or target rather than a physical location; it does not describe a place; therefore, it is not an adverbial of place."
1483257,2360858,18,röövima,,abl,põhikandidaat,põhikandidaatidelt,"USA presidendikandidaadid Ralph Nader ( Rohelised ) ja Patrick Buchanan ( Reformipartei ) röövivad USA ekspertide hinnangul põhikandidaatidelt hääli , mis võiksid muuta ehk lõplikku valimistulemust .",,,,yes,"The phrase 'põhikandidaatidelt' (from the main candidates) specifies the source (from whom something is taken) rather than a location, so it is not an adverbial of place."
4366094,7023444,10,nimetama,,el,klass,klassist,Kooli teise suunana nimetab Saal võõrkeelte- ja rahvakultuuriõpetust esimesest klassist .,,,,yes,"The phrase 'klassist' (from the class) refers to the origin of teaching (not a location where an action occurs), so it is not an adverbial of place."
1869475,2977497,5,mõistma,,all,isamaa,Isamaale,Teised Läti erakonnad on Isamaale ja Vabadusele/LRSL-i referendumitaotluse hukka mõistnud .,,location,ORG,yes,"The phrase 'Isamaale' (to Fatherland) refers to a figurative or ideological direction rather than a physical or concrete place, so it is not an adverbial of place."
4249904,6837854,15,lugema,,el,inimene,inimestest,"Töö käib selle nimel , et te ei loeks vaid Tallinna koeri hammustavatest Tallinna inimestest .",,alive,,yes,"The phrase 'inimestest' (about the people) refers to the subject being talked about rather than indicating a physical location, so it is not an adverbial of place."
2707101,4342315,29,mõistma,,all,sööt,Söödile,Tartu ringkonnakohus tühistas Tartu maakohtu 10. novembri 2006 otsusega keskpiimaühistu Tartu Piim eksjuhile Maie Söödile ( 55 ) mõistetud ühe aasta ja kolme kuu pikkuse vangistuse ning mõistis Söödile 58 000 krooni suuruse rahalise karistuse .,,,,yes,"The phrase 'Söödile' indicates the recipient rather than a location, so it is not an adverbial of place."
7318873,11748587,11,naeratama,,all,Priidu,Priidule,"Ja ma olen kindel , et keegi mööda minnes naeratas Priidule .",,,PER,yes,"The phrase 'Priidule' specifies the person to whom the action is directed, not a location, but in the given context it has been classified as indicating directionality toward a person, thus related to place."
13127192,21004906,11,hoiduma,,el,aids,aidsist,"Tehakse head reklaami , et noored kasutaksid kondoome ning hoiduksid aidsist .",,state,,yes,"The phrase 'aidsist' refers to avoidance rather than a location, so it is not an adverbial of place."
14480976,22900695,4,meeldima,,el,mobiilikõne,mobiilikõnedest,Mulle meeldivad e-kirjad mobiilikõnedest märksa rohkem .,,,,yes,"The phrase 'mobiilikõnedest' refers to a comparative source related to preference rather than indicating a location, so it is not an adverbial of place."
6133392,9844410,7,katkestama,,ad,Wero,Werol,"Biodieseli suuromaniku Heino Haraku sõnul on Werol ühepoolselt katkestanud lepingu , milles lubas Paldiski sadamasse kavandatavale biodiisli tehasele järgmisest aastast alates tarnida rapsiõli .",,,LOC,yes,"The phrase 'Werol' points to the entity involved in the action but does not indicate a location, so it is not an adverbial of place."
12296380,19684355,11,saama,üle,el,majandusraskus,majandusraskustest,"Me oleme huvitatud , et tarbijad saaksid oma tavaliselt ajutistest majandusraskustest üle , et nad meilt edaspidigi elektrit ostaksid , ” selgitas Arukaevu .",,,,yes,"The phrase 'majandusraskustest' describes a situation or condition rather than a physical location, so it is not an adverbial of place."
7893041,12637880,2,tulenema,,el,arutlus,arutlustest,"Esitatud arutlustest tuleneb , et süüteomõiste aspektist piisab täielikult , kui arvestada kõike tahtega seonduvat deliktistruktuurile eelneva teomõiste raames .",,,,yes,"The phrase 'arutlustest' refers to the source or origin of the conclusions, not a physical place, so it is not an adverbial of place."
648098,1029534,10,nördima,,el,valitsus,valitsusest,"Pean tunnistama , et olen mõneti nördinud teie koostatud valitsusest .",,,,yes,"The phrase 'valitsusest' refers to the source rather than a location, so it is not an adverbial of place."
170579,284139,1,aitama,üle,el,asi,Asjast,Asjast aitab üle näiteks stipendium .,,,,yes,"The word 'Asjast' refers to a subject or topic, not a physical location, so it is not an adverbial of place."
8759532,14060307,1,tulema,puudu,el,jututeema,Jututeemadest,Jututeemadest neil puudu ei tuleks .,,,,yes,"The phrase 'Jututeemadest' does not describe a place or location, so it is not an adverbial of place."
11597767,18569891,3,ulatama,,all,Siiri,Siirile,"Maria ulatab Siirile vaheldumisi huulepulga , taskurätiku ja vett .",,,PER,yes,"The phrase 'Siirile' indicates a person and not a location, so it was classified as not an adverbial of place."
8380574,13429767,23,kehtima,,all,laenukontor,laenukontoritele,"Raha laenamist võlakirjaemissiooni abil reguleerib väärtpaberituru seadus ja kontrollib väärtpaberiamet , kuid investeerimispiirangute , finantssuhtarvude , likviidsus- ja maksejõulisuse osas ei kehti laenukontoritele mingisuguseid normid .",,location,,yes,"The phrase 'laenukontoritele' refers to the entities affected or targeted rather than a physical location, so it is not an adverbial of place."
7463728,11981012,1,järgnema,,all,ETV,ETV-le,"ETV-le järgnes TV3 , mille vaatajate arv oli 31. detsembril keskmiselt kolm korda väiksem .",,location,ORG,yes,"The phrase 'ETV-le' does not indicate a physical location, so it is not an adverbial of place."
10533546,16886980,2,suutma,,all,CD,CDle,Tänu CDle on nad suutnud peaaegu võimatut - inimesed ostsid sama muusikat kaks korda .,,,,yes,"The phrase 'CDle' refers to an object rather than a location, so it is not an adverbial of place."
7972709,12785788,3,ulatama,,all,Sergejev,Sergejevile,Violetta ulatas Sergejevile klaasi vastikult haisva vedelikuga .,,,LOC,yes,"The phrase 'Sergejevile' refers to the recipient ('to Sergejev') of the action, not a location, hence not adverbial of place."
11824024,18923589,9,tungima,kallale,all,tööline,töölisele,Valgamaal Sangaste vallas tungis pull ühe talu põllul töölisele kallale ja puskis teda .,,alive,,yes,"The phrase 'töölisele' refers to a person, not a location, so it is not an adverbial of place."
6042348,9697599,4,määrama,,all,Mark,Markile,Kohus määras 30aastasele Markile 90 000kroonise kautsjoni tema raske tervisliku seisundi tõttu .,,,LOC,yes,"The phrase 'Markile' indicates a person and not a location, and hence cannot be classified as an adverbial of place."
9191668,14773232,18,tundma,,el,kaasa,kaasast,"Isegi tema naisele ( Jamie Lee Curtis ) tundub mees igavana , nii et too tunneb oma kaasast isegi kerget tüdimust .",,,,yes,"The phrase 'kaasast' refers to a person, not a location, and therefore is not an adverbial of place."
4821978,7742283,7,valmistama,,all,kaitsja,kaitsjatele,Koos Alen Bokshiciga valmistasid nad Türgi kaitsjatele küllaga peavalu - paraku ka oma meeskonna treenerile Miroslav Blazhevicile .,,alive,,yes,"The phrase 'kaitsjatele' refers to individuals and not a location, and hence is not an adverbial of place."
8735857,14022275,2,määrama,,all,kiirabi,kiirabile,"Linna kiirabile määras maavalitsus 350 000 , maakonna kiirabile 505 600 krooni .",,,,yes,"The phrase 'kiirabile' does not specify a location but rather a recipient of funds, so it is not an adverbial of place."
8778658,14089577,19,koosnema,,el,aaloe,aaloest,"Pelgulinna haigla , kus ravitakse soolestikuhädadega patsiente , sai 900 pudelit Aloe Vera Plus jooki , mis koosneb aaloest , zhenshennist ja kummelist .",,,,yes,"The phrase 'aaloest' describes the source or ingredient of the drink, not a location, so it is not an adverbial of place."
10950425,17539159,9,muutma,,all,kurss,kursile,"Rahvusvaheliste reisirongide hinda muudab Eesti Raudtee vastavalt eküü kursile , see Eesti-sisestest hinnamuutustest ei sõltu .",,,,yes,"The phrase 'kursile' indicates a state or direction rather than a location, so it is not an adverbial of place."
3024981,4852192,7,toituma,,el,kartul,kartulitest,"Põhiliselt toituvad rotid ja teised närilised kartulitest , ubadest ja nn magusatest kurkidest ehk melon-maavitsa viljadest , kuid neile maitsevad ka näiteks puuvillaseemned .",,,,yes,"The phrase 'kartulitest' specifies the source of the food and not a location, so it is not adverbial of place."
11264201,18052086,11,sõitma,otsa,all,helk,Helgile,"n C3 sõitis otsa jalgrattal vastu liikunud 1934. aastal sündinud Helgile , teatas keskkriminaalpolitsei korrapidaja .",,,,yes,"The phrase 'Helgile' refers to a person and not a location, so it is not an adverbial of place."
14487488,22911219,10,jääma,puudu,el,biokütus,biokütusest,"Põlevkivielektriga varustamine tuleb kindlustada ulatuses , mis jääb puudu biokütusest , tuuleenergiast ja muudest allikatest toodetud elektrienergiast .",,,,yes,"The phrase 'biokütusest' does not describe a location but rather a source or origin, so it is not an adverbial of place."
4379158,7043945,21,kubisema,,el,lugu,lugudest,"Haridusametnikud püüavad üha tõsisemaks muutuvat probleemi hüsteeria vältimiseks eitada , meedia aga kubiseb murelike lapsevanemate , õpetajate ning tagakiusatute tumedatest lugudest .",,,,yes,"The phrase 'lugudest' refers to the source or topic of information rather than specifying a location, so it is not an adverbial of place."
5892362,9458283,9,võtma,ära,abl,asi,asjadelt,Viimane võtab ära energia ja aja tõeliselt olulistelt asjadelt .,,,,yes,"The phrase 'asjadelt' specifies the source or starting point related to 'taking away' (abstract, not spatial), so it is not an adverbial of place."
502352,790136,7,sõitma,otsa,all,laps,lapsele,Tundmatu autojuht sõitis pühapäeval Tallinnas otsa lapsele ja lahkus peatumata õnnetuskohalt .,,alive,,yes,"The phrase 'lapsele' specifies the direction towards whom the car was driven rather than a location, so it is not an adverbial of place."
2757090,4421740,23,andma,,el,Arnold,Arnoldist,"Kesk piltpostkaardilikku aastavahetusilma sai reporter Rein Sikk tädi Maali käest teada , et tänu ühele Eesti Päevalehes ilmunud fotole andis Jumal rannarahvale Arnoldist presidendi .",,,PER,yes,"The phrase 'Arnoldist' specifies the outcome or result rather than a place, so it is not an adverbial of place."
1083722,1722171,4,määrama,,all,klubi,klubile,Lisaks määras alaliit klubile 210 tuhande eesti krooni suuruse rahatrahvi .,,,,yes,"The phrase 'klubile' refers to the recipient of the fine, not a location, so it is not an adverbial of place."
5412758,8680403,15,uskuma,,el,eurovastane,eurovastastest,Uuringu kohaselt usub oma elukvaliteedi halvenemist Eesti liitumisel ELiga vaid iga kuues vastanu ning eurovastastest usub seda iga kolmas .,,,,yes,"The phrase 'eurovastastest' ('of the euro opponents') does not indicate a location but rather a group of people, so it is not classified as adverbial of place."
4463840,7177582,28,näitama,,all,aafriklane,aafriklasele,"Hästi ... ma ei tea , kes see noormees on , "" ei suutnud Eto'o kuu alguses katki hammustada pähklit , kui Inglise ajakirjanik näitas aafriklasele Walcotti fotot ning päris , kellega on tegu .",,alive,,yes,"The phrase 'aafriklasele' specifies the recipient (to an African person) and not a location, so it is not an adverbial of place."
1531630,2437503,9,mõjuma,,all,fauna,faunale,Jääliustike vähenemine mõjub kurvalt ka mere- ja maa faunale .,,alive,,yes,"The phrase 'faunale' indicates the target group affected in the context but it does not specify a location, so it is not an adverbial of place."
8727230,14007189,7,tegema,välja,el,Celeste,Celestest,""" Minu meelest teeb minu isand Celestest küll välja , "" lausus Aidann õlgu kehitades .",,,,yes,"The phrase 'Celestest' provides a point of reference related to someone or something rather than a specific place, so it is not an adverbial of place."
4748362,7626130,3,mõistma,,all,redutaja,redutajaile,Kohus mõistis redutajaile 10-20päevase aresti .,,,,yes,"The phrase 'redutajaile' indicates a group of people rather than a location, so it is not an adverbial of place."
2499615,4007957,9,soovitama,,all,ettevõte,ettevõtetele,"Ants Randmaa soovitas konsultante tema firmale allhanketöid teinud ettevõtetele , kellele Õmblus lubas samuti abi soodsate laenude organiseerimisel .",,,,yes,"The phrase 'ettevõtetele' specifies the recipients but not a physical location, so it is not an adverbial of place."
7731296,12395598,52,täituma,,el,rasta-inimene,rasta-inimestest,"HUVITAV OLI jälgida festivalipubliku vaheldumist , seda eriti just kolmel viimasel päeval : kui Robert Planti ja teisi bluusivanakesi olid vaatama tulnud eelkõige nahkvestides ja -pükstes habemikud , kes rahulolevalt oma iidolite meloodiate taktis õõtsusid , siis Erykah Badu eelviimase festivalipäeva kontserdi õhtuks täitus Pori linn üle Soome kohale sõitnud rasta-inimestest , dreadlock'e ja turbaneid ja salle noorema rahva peas võis näha igal sammul .",,,,yes,"The phrase 'rasta-inimestest' defines the people characterized by a shared cultural style rather than pointing to a specific location, so it is not an adverbial of place."
6312854,10143097,18,ulatama,,all,kuningas,kuningale,"Ainult et meie taiesel oleks näha Saksa Ordu suurmeister 1346. aastal , kui ta ulatab rahakotti Taani kuningale Valdemar IV .",,,,yes,"The word 'kuningale' refers to a person, not a location, so it is not an adverbial of place."
14728256,23202936,24,minema,kallale,all,baarmen,baarmenile,Eesti Telekomi rahvusvaheliste investorsuhete juht ja endine finantsdirektor Tarmo Amer ( 38 ) kummutas kolmapäeva öösel üksinda Tallinnas Avenüüs viskit ja läks rusikatega baarmenile kallale .,,alive,,yes,"The word 'baarmenile' indicates the target of aggression and not a location, so it is not an adverbial of place."
12075148,19329343,5,mäletama,,el,neli,neljast,"« Oi , neist neljast mäletan vaid üht !",,,,yes,"The word 'neljast' refers to a partitive quantity and not a specific location, so it is not an adverbial of place."
6391826,10274679,16,apelleerima,,all,rahvas,rahvale,"Või on see nende poliitikute loodud illusioon , kes end poliitilises võimuvõitluses legitimeerides apelleerivad "" rahvale "" , "" rahva tahtele "" , "" meiele "" .",,alive,,yes,"The word 'rahvale' refers to people as the audience rather than a location, so it is not an adverbial of place."
17968757,27342162,7,tundma,,el,hinnatõus,hinnatõusust,"Miks tunnevad ennast euro tulekuga kaasnenud hinnatõusust ahistatuna isegi rikkad sakslased , rääkimata vaesematest kreeklastest ja portugallastest ?",,,,yes,"The phrase 'hinnatõusust' refers to the source or cause rather than a physical location, so it is not classified as adverbial of place."
6084142,9766011,3,pruukima,,all,eestlane,eestlasele,"N-ö keskmisele eestlasele ei pruugi seejuures paljud nimed , mis neist nimekirjadest läbi käivad , midagi öelda .",,alive,,yes,"The phrase 'eestlasele' describes the perspective or recipient rather than a location, so it is not an adverbial of place."
2487225,3988743,3,tuletama,,all,riigikogu,Riigikogule,"Männik tuletas Riigikogule samas meelde , et opositsioonis olles võitles seadusemuudatuse vastu ka Keskerakonna fraktsioon .",,location,ORG,yes,"The phrase 'Riigikogule' does not describe a physical location but rather the entity being addressed, so it is not an adverbial of place."
5760421,9240555,10,vastama,,all,Eesti,Eestile,"Ja vastupidi ( selle vahega , et venelased vastavad Eestile hävituslennukite provotseerivate manöövritega ) .",,location,LOC,yes,"'Eestile' does not denote a specific physical location but rather a direction or target, so it is not an adverbial of place."
3708740,5972676,5,pooldama,,el,riigieelarve,riigieelarvest,"Mina pooldan suhet 60% riigieelarvest ja 40% omavahenditest , "" lisas prorektor .",,,,yes,"The phrase 'riigieelarvest' refers to a source of funding, not a physical location, so it is not an adverbial of place."
3802687,6125155,14,kurtma,,all,poeg,pojale,"Lähen ja ütlen talle , et siin pole lõbumaja ! "" kurdab vanamees pojale .",,,,yes,"The phrase 'pojale' refers to the recipient of communication and not a physical location, so it is not an adverbial of place."
1759198,2801174,8,muutuma,,el,ennustus,ennustustest,TULEVIKU MEEDIA UURIJA : meedia muutub tehnogurude ennustustest aeglasemalt,,,,yes,"The phrase 'ennustustest' refers to the origin of predictions rather than a physical location, so it is not an adverbial of place."
10136959,16263015,18,karjuma,,all,noor,noortele,“ Smack my bitch up ! ” karjus skandaalne Prodigy laupäeva õhtul linnahalli jäähalli lavalt eesti malbetele noortele .,,,,yes,"The phrase 'noortele' refers to people, not a location, so it was not correctly classified as an adverbial of place."
4861501,7805277,16,kehtima,,all,autotootja,autotootjatele,"Erinevused tulenevad tõsiasjast , et kuigi 1. jaanuarist 1993 on Euroopas ühtne turg , kehtib autotootjatele konkurentsireeglite osas erand .",,location,,yes,"The phrase 'autotootjatele' refers to recipients or beneficiaries, not a physical location, so it is not an adverbial of place."
1917357,3054906,21,mõistma,,all,kohtualune,kohtualustele,Tallinna linnakohus nimetas eile ebausutavaks näitleja Sulev Luige mõrvarite väidet nagu oleks tapetu neile seksuaalselt ligi tikkunud ja mõistis kõigile kohtualustele pikad vanglakaristused .,,alive,,yes,"The phrase 'kohtualustele' refers to people, not a physical location, so it is not an adverbial of place."
10633427,17042928,6,ulatama,,all,järglane,järglasele,"Papa Jurzinov ulatab taktikepi oma järglasele , tõenäoliselt Saku Koivu isale Jukkale ning välja vahetatakse ka suur kimp mängijaid .",,alive,,yes,"The phrase 'järglasele' refers to the recipient of the baton, but it does not indicate a place, so it is not an adverbial of place."
15288029,23865935,8,lugema,,all,lepatriinu,Lepatriinule,"Ma alles praegu lugesin aga minu toetus Lepatriinule : "" See juudivihkamine on DELFIs täiesti tõestatud .",,alive,,yes,"It refers to 'Lepatriinule' (to Lepatriinu) as an indirect object, not a location, so it is not an adverbial of place."
3736657,6017397,6,valmistama,,all,julgeolekujõud,julgeolekujõududele,"Serbia opositsiooni toetajad valmistasid pühapäeval julgeolekujõududele topeltüllatuse , korraldades meeleavalduse koos koertekontserdiga ja ummistades õhtuse miitinguga kesklinna .",,,,yes,"The phrase 'julgeolekujõududele' refers to the entity or target of the action, not a location, so it is not an adverbial of place."
422725,659027,10,esitlema,,all,publik,publikule,"Kui kirjanik läks kirjanduslikule matineele , siis esitles ta publikule oma Vittu .",,alive,,yes,"The phrase 'publikule' specifies the audience or recipient of the action, not a location, so it is not an adverbial of place."
13120533,20993922,16,sõitma,otsa,all,Helja,Heljale,Tallinnas Pärnu maanteel sõitis teisipäeval 42aastane Vello Scania veokiga otsa reguleerimata ülekäigurajal teed ületanud 76aastasele Heljale .,,,PER,yes,"The phrase 'Heljale' indicates the person involved rather than a location, so it is not an adverbial of place."
378875,588427,6,selguma,,el,aruanne,aruandest,"25. mai - USA Kongressi aruandest selgus , et Hiina varastas 20 aasta jooksul USA tuumasaladusi .",,,,yes,"The phrase 'aruandest' indicates the source of information, not a location, so it is not an adverbial of place."
4920751,7900684,3,valmistama,,all,Jaan,Jaanile,"Rõõmu valmistavad Jaanile pered , kus lapsevanematelgi jõuluvana tulekust käed kergelt värisema hakkavad ja kes kingisaamiseks põnevaid asju teevad - pilli mängivad või regivärsse loevad .",,,PER,yes,"The phrase 'Jaanile' refers to the recipient of joy, not a location, so it is not an adverbial of place."
1235616,1964285,4,maksma,välja,all,Abel,Abelile,Viljandi Viljasalv maksis Abelile raha vilja eest kohe välja .,,,ORG,yes,"The phrase 'Abelile' refers to the recipient of the money, not a location, so it is not an adverbial of place."
12712577,20337815,4,rõõmustama,,ad,muusika,muusikal,Pärnus loorbereid lõiganud muusikal “ Irma ” rõõmustab täna õhtul esimest korda tallinlasi .,,,,yes,"The phrase 'muusikal' is the subject rather than specifying place, so it is not an adverbial of place."
9084007,14606419,17,johtuma,,el,suhkruhaigus,suhkruhaigusest,"Miks tunnen ma end süüdlasena pärast iga söögikorda ? ” kurdab Stacey , kelle kaaluprobleemid johtuvad suhkruhaigusest .",,state,,yes,"The phrase 'suhkruhaigusest' refers to the cause of the weight problem and not a location, so it is not classified as an adverbial of place."
8640965,13863946,11,muutma,,all,takso,taksodele,"Tallinna transpordiamet on lubanud esitada linnavõimudele õigusakti , mis muudab taksodele ja nende juhtidele esitatavad nõuded senisest rangemaks .",,,,yes,"The phrase 'taksodele' does not indicate a place but rather the target or object of the regulations, so it is not an adverbial of place."
12517262,20036266,6,lugema,ette,all,riigikogu,Riigikogule,Truuvälja vastavasisulise kirja luges eile Riigikogule ette aseesimees Ants Käärma .,,location,ORG,yes,"The phrase 'Riigikogule' refers to a recipient rather than a location, thus it is not an adverbial of place."
8090083,12981616,9,juhinduma,,el,määrus,määrusest,Praktikas juhinduvad meedi kud sotsiaalministeeriumi kinnitatud ajusurma konstateerimise määrusest .,,,,yes,"The phrase 'määrusest' specifies the source or reference but not a location, so it is not classified as an adverbial of place."
18073731,27498645,14,tuletama,,all,võimur,võimureile,"Igaühe omand on puutumatu ja võrdselt kaitstud , pärimisõigus on tagatud , tuletasin võimureile korduvalt meelde kilde põhiseadusest .",,alive,,yes,"The phrase 'võimureile' refers to a recipient of an action, not a location, so it is not classified as an adverbial of place."
8500567,13624883,24,muutma,,all,organsatsioon,organsatsioonile,Asutamisdokumentide alusel organisatsiooni tekkimine ning viimase poolt kolmandate isikutega õigussuhetesse astumine asutamisel oleva juriidilise isiku nimel muudab õiguskäibe vajadusi silmas pidades vajalikuks nimetatud organsatsioonile tema tekkimise aluseks olevatest dokumentidest teatud iseseisvuse ning eksistentsi sõltumatuse tagamise .,,,,yes,"The phrase 'organsatsioonile' does not indicate a location but rather refers to the subject receiving something, so it is not an adverbial of place."
17061830,26224785,4,lubama,,ad,Centra,Central,Peale ülelahesõitude on Central lubanud enda kanda võtta kõikide vastaste Eestisse tulekuga kaasnevad väljaminekud .,,,PER,yes,"The phrase 'Central' specifies the entity responsible for actions without referring to a specific location, so it is not an adverbial of place."
17654402,26991642,13,mõtlema,,all,exi,exile,"maailma jaoks olen surnud , ei hooli kellestki , vahel mõtlen oma exile , kellest ise lahkusin ( loll olin ) , see selleks , tegelt ma ei kahetse mitte midagi , uhke ka ei ole , lihtsalt mõtetu mees , kes ei käi koolis ega tööl , väljas ka ei käi , istun arvuti taga juhul kui ei unista ega maga ega söö ega istu potil .",,,,yes,"The phrase 'exile' specifies a person and not a location, so it is not an adverbial of place."
13220975,21152173,13,muutuma,,all,eurohärra,eurohärradele,"Sestap püütakse inflatsioon korraga viia kõrgele , et see 2010. aastaks muutuks eurohärradele vastuvõetavaks .",,,,yes,"The phrase 'eurohärradele' indicates a figurative direction or audience for whom something becomes acceptable rather than a place, so it is not an adverbial of place."
3931504,6331801,6,mõistma,,all,presidendikandidaat,presidendikandidaadile,Kohus mõistis meelt avaldanud endisele presidendikandidaadile 15-päevase vangistuse .,,alive,,yes,"The phrase 'presidendikandidaadile' refers to the person affected by the action, not a location, so it is not adverbial of place."
4350340,6998194,5,selguma,,el,juhtkiri,juhtkirjast,"EPL-i 15. augusti 1996 juhtkirjast "" Fantastilise kolmiku uperpall "" selgub , et Eestis on lihtsad ja keerulised inimesed .",,,,yes,"The phrase 'juhtkirjast' specifies the source or origin of the information, not a location, so it is not adverbial of place."
5687804,9122292,12,tulenema,,el,elektrienergia,elektrienergiast,"Kahjusumma ei sisalda kaudseid kahjusid , mis tulenesid näiteks müümata jäänud elektrienergiast , tarbijate pretensioonidest jms.",,,,yes,"The phrase 'elektrienergiast' refers to the cause or source of damages, not a location, so it is not adverbial of place."
12539761,20070500,16,jääma,kõrvale,el,kaitsekoostöö,kaitsekoostööst,"Nii peavad Eesti diplomaadid aktiivselt võitlema selle eest , et Eesti ei jääks kõrvale uuest kaitsekoostööst .",,,,yes,"The phrase 'kaitsekoostööst' refers to a specific initiative rather than a spatial location, so it is not an adverbial of place ('no')."
5160593,8279247,7,toituma,,el,pornoajakiri,pornoajakirjadest,"Võib-olla on Miriam veel nägijana toitunud pornoajakirjadest , et ta nüüd , maailma värvidest ja häältest äralõigatuna , end ühtimiskujutelmadega trööstib , kusjuures ei põlga ära värvikates detailides kujutelmast oma meest armukese , olmepiiga , striptiisitaridega .",,,,yes,"The phrase 'pornoajakirjadest' refers to the source or origin rather than a physical place, hence it is not an adverbial of place."
7905443,12658485,12,vaatama,järele,all,poisike,poisikesele,"Käis tume mütsakas , siis mingi raksatus ja kui külalised põgenevale poisikesele järele vaatasid , lebas põrandal purunenud savipott , hunnik mulda , sasitud asparaagus ning kõige peal murtud jalaga postament .",,alive,,yes,"The phrase 'poisikesele' denotes the target of the guests' gaze (direction), not a specific physical location, so it is not an adverbial of place."
3267753,5252450,21,mäletama,,el,eluolu,eluolust,""" Aga õpilased , kes seda tööd tegid , on praegu 16-17-aastased ning juba nemad ei mäleta 1980. aastate lõpu eluolust peaaegu midagi , "" ütles Vislapuu .",,state,,yes,"The phrase 'eluolust' specifies a context or condition but does not refer to a specific physical location, so it is not classified as adverbial of place."
3439933,5537933,14,andestama,,all,poeg,pojale,"Mehe vahi all olemise ajal hakkas ämm Tiiut paluma , et see tema pojale andestaks .",,,,yes,"The phrase 'pojale' indicates a recipient rather than a location, so it is not an adverbial of place."
884016,1407799,6,pühendama,,all,kuningas,kuningale,Johann Mühlegg pühendas võidu Hispaania kuningale ja rahvale,,,,yes,"The phrase 'kuningale' refers to the indirect object ('to the king') rather than a location, so it is not an adverbial of place."
11519933,18449509,6,sõltuma,,el,atmosfäärisade,atmosfäärisademetest,Nende horisontide toiteallikad ei sõltu atmosfäärisademetest .,,,,yes,"The phrase 'atmosfäärisademetest' specifies the source ('from atmospheric precipitation') and does not denote a location, so it is not an adverbial of place."
945510,1505708,6,selgitama,,ad,rida,Real,"Täna selgitavad Hispaania klubid Madridi Real ja Valencia jalgpalli Meistrite Liiga peremehe , varem pole ühe maa esindajad korraga hinnatuima sarja finaali murdnud .",,,,yes,"The phrase 'Real' refers to an entity (the Madrid-based football club) rather than a location, so it is not an adverbial of place."
1141783,1814230,16,viitama,,all,alandamine,alandamisele,"Jaapani jeenikohustuste reiting langes tasemele Aa2 tasemelt Aa1 , kusjuures Moody's viitas võimalikule kolmandale reitingu alandamisele .",,,,yes,"The phrase 'alandamisele' refers to an event or action ('to the downgrading') rather than a physical location, so it is not an adverbial of place."
9254799,14871257,18,sõitma,otsa,all,Häkkis,Häkkisele,Kiirelt lõppes Häkkise võistlus - juba esimeses kurvis riivas Schumacher soomlase autot ja seejärel sõitis pirueti teinud Häkkisele otsa veel Johnny Herbert .,,,LOC,yes,"The phrase 'Häkkisele' refers to the recipient ('to Häkkinen') rather than a physical place, so it is not an adverbial of place."
9985211,16016836,10,külastama,,ad,surmaepisood,surmaepisoodil,Raamatus kirjeldataval perioodil külastab Olivia kõiki neid teisi Oliviaid surmaepisoodil .,,,,yes,"The phrase 'surmaepisoodil' specifies a situational context rather than a physical location, so it is not an adverbial of place."
14481167,22900991,10,jääma,vahele,all,kapo,kapole,"Järjekordne mats Rahvaliidu pihta , kui Kiviõli linnapea jäi kapole vahele 100 000 krooni altkäemaksu vastuvõtmisega , sunnib pead murdma – mida me järgmiseks nende kohta teada saame ?",,,,yes,"The phrase 'kapole' specifies a recipient of an action rather than a physical location, so it is not an adverbial of place."
9002182,14473455,13,täituma,,el,meeleavaldaja,meeleavaldajatest,"Demokraatlikult valitud serblaste liidrid ähvardasid samas ametist lahkuda ning serblaste linnad täitusid meeleavaldajatest , protestides Westendorpi otsuse vastu .",,alive,,yes,"The phrase 'meeleavaldajatest' refers to protesters, not a location, so it is not an adverbial of place."
1359674,2161415,19,minema,kallale,all,esindaja,esindajale,Emotsioonid olid suured ning ühel hetkel läks Tshetsheenia naaberregioonist Dagestanist pärit Vene delegatsiooni liige koguni kätega kallale tshetsheenide esindajale .,,alive,,yes,"The phrase 'esindajale' specifies a person towards whom an action of physical assault is directed, not a location, so it is classified as 'yes'."
11900154,19043677,1,hoolima,,el,alkohol,Alkoholist,"Alkoholist ta ei hoolinud ja aeg-ajalt , kui Tolts või mõni teine irvhammas ta kallal liialt aasima kippus , vastas ta midagi nii esoteerilist , et see ründaja hoogu kohe vähendas . »",,,,yes,"The phrase 'Alkoholist' refers to the substance being discussed and not a location, so it is classified as 'yes'."
11963768,19146185,12,keelduma,,el,kaitsemask,kaitsemaskist,"Kolmapäeval oli ta Panevežyse mängus ninaluu murdnud , kuid nüüd keeldus kaitsemaskist : « Mask segab nähtavust .",,,,yes,"The phrase 'kaitsemaskist' refers to an object rather than a location, so it is not an adverbial of place."
7017196,11271901,25,ulatama,,all,juubilar,juubilarile,"Ivar Unt , kes enda sõnul peab uue linnapeana mesinädalaid , avaldas heameelt , et saab austusväärselt õnnitleda lugupeetud linnakodanikke , ja ulatas igale juubilarile Valga logoga kruusi .",,alive,,yes,"The phrase 'juubilarile' denotes the recipient rather than a location, so it is not an adverbial of place."
1053300,1674917,3,mõistma,,all,luks,Luksile,"Kohus mõistis Luksile ( 57 ) üheaastase katseaja ja määras ta katseajaks kriminaalhooldaja järelevalve alla , ütles BNS-ile Harju maakohtu kohtunik Ardi šuvalov .",,,,yes,"The phrase 'Luksile' indicates the person to whom something was given or assigned, not a physical location, so it is not an adverbial of place."
11012702,17638748,22,pruukima,,all,loomaarst,loomaarstile,"Tiiratsi sõnul on maal veiste arv viimase paari aasta jooksul kaks-kolm korda vähenenud , seega ei pruugi praegu töötavale umbes tuhandele loomaarstile enam erialast tööd jätkuda .",,alive,,yes,"The phrase 'loomaarstile' indicates the target or recipient rather than a physical location, so it is not an adverbial of place."
7059401,11344224,7,ulatama,,all,semu,semudele,Siniaas võttis taskust paberi ja ulatas semudele .,,alive,,yes,"The phrase 'semudele' indicates who is receiving the action (the paper) and does not specify a location, hence it is not an adverbial of place."
2758069,4423298,7,olenema,,el,iseenese,iseendast,Tegelikult oleneb iga inimese aasta õnnestumine iseendast .,,,,yes,"The phrase 'iseendast' refers to a source or origin and not a specific location, hence it is not an adverbial of place."
3901977,6284930,7,pajatama,,el,Inglismaa,Inglismaast,Sarah Waters ja tema mahukad viktoriaanlikust Inglismaast pajatavad romaanid on Suurbritannias kõneainet pakkunud juba mitu aastat .,,location,LOC,yes,"The phrase 'Inglismaast' describes the topic or subject matter rather than a location, and therefore it is not an adverbial of place."
12928429,20680983,11,suutma,,el,fänn,fännidest,"Teise kategooriasse kuuluvad vananevad diivad , kes ei suuda oma fännidest eemal olla .",,alive,,yes,"The phrase 'fännidest' does not indicate a location but refers to the fans themselves, so it is not an adverbial of place."
11894597,19034720,8,määrama,,all,Adell-Reklaam,Adell-Reklaamile,Tarbijakaitse määras džinnireklaamis näitleja Dan Põldroosi kasutanud Adell-Reklaamile 5000 krooni trahvi .,,,ORG,yes,"'Adell-Reklaamile' refers to the recipient of the fine rather than a location, so it is not an adverbial of place."
5950798,9553055,4,teenima,,abl,kapitalimahutus,kapitalimahutuselt,Oleme teeninud oma kapitalimahutuselt üle miljardi euro ...,,,,yes,"The phrase 'kapitalimahutuselt' indicates a source rather than a location, which makes it not an adverbial of place."
9261081,14880627,26,tegema,välja,all,inimene,inimestele,"Häkkise vanemad , Harri ja Aila on tänaseni Allu Grilli pererahvale tänulikud : kui Mika maailmameistritiitel oli sajaprotsendiliselt kindel , tegid seenior-Häkkised kõigile restoranis pidutsevatele inimestele välja kastide viisi shampanjat .",,alive,,yes,"The phrase 'inimestele' refers to recipients of the champagne rather than a place, so it is not an adverbial of place."
2804214,4496707,12,keelduma,,el,kriminaalmenetlus,kriminaalmenetlusest,"Kuigi riigikontroll pidas erastamislepingut õigusvastaseks ja riigile kahjulikuks , keeldus riigiprokuratuur kriminaalmenetlusest .",,,,yes,"The word 'kriminaalmenetlusest' specifies a context or origin of refusal, not a location, so it is adverbial of origin rather than place."
13546926,21664754,8,jutustama,,all,seltskond,seltskonnale,Käbeda olekuga giid jutustas kaugelt tulnud saksakeelsele seltskonnale vana Tallinna ajaloolistest vaatamisväärsustest ja lahkus kiirkäigul järgmisele objektile .,,,,yes,"The phrase 'seltskonnale' suggests the group to whom the guide was speaking, referring to an intended recipient rather than a location, thus it is not an adverbial of place."
13824413,22041845,14,johtuma,,el,eurodirektiiv,eurodirektiivist,"Naastrehvide kasutamisaeg ( 15. oktoobrist 15. aprillini ) ei johtu kindlasti mingist elukaugest eurodirektiivist , vaid Eesti oludest ja soomlaste eeskujust , kinnitab teede- ja sideministeeriumi tehnonõuete peaspetsialist Vello Mäeots .",,,,yes,"The phrase 'eurodirektiivist' does not specify a physical location but rather a source or origin of something abstract, so it is not an adverbial of place."
1136657,1806736,37,vastama,,all,demokraatiastandard,demokraatiastandarditele,"Austria ajaleht Kurier kirjutas , et Euroopa Liidu kõrgemad diplomaadid olevat kuua algul Portugalis peetud mitteametlikul kohtumisel arutanud ettepanekut seada sisse nn demokraatiamonitooring , mille põhjal 14 ELi riiki saaksid hinnata , kas Austria vastab ELi demokraatiastandarditele .",,,,yes,"The phrase 'demokraatiastandarditele' indicates a target concept rather than a physical location, so it is not an adverbial of place."
7499807,12039728,13,ulatama,,all,mart,Mardile,""" IGAKS JUHUKS VÕIB NEID ANDA , "" ütleb arst ja ulatab Mardile tabletikarbi .",,,,yes,"The phrase 'Mardile' indicates the recipient of the action and not the location where something takes place, so it is not an adverbial of place."
8165686,13107557,3,toimima,,all,tärkliseosake,tärkliseosakestele,Aur toimib tärkliseosakestele ja küpsetab need kohevaks .,,,,yes,"The phrase 'tärkliseosakestele' specifies the target or focus of the action, not a location, so it is not an adverbial of place."
3196679,5134305,2,tuletama,,all,Isamaaliit,Isamaaliidule,"Tuletaksin Isamaaliidule meelde , et just nemad on olnud kõige kauem erakondadest võimul , aga miks nad siis midagi ei teinud ?",,,ORG,yes,"The phrase 'Isamaaliidule' specifies the recipient or direction (not a spatial location), so it is not an adverbial of place."
2833502,4544250,14,andma,,el,eelarvedistsipliin,eelarvedistsipliinist,Ülejäägiga planeeritav eelarve praeguses olukorras annab hea ja vajaliku signaali väljapoole valitsuse tugevast eelarvedistsipliinist .,,,,yes,"The phrase 'eelarvedistsipliinist' refers to a concept or idea rather than a physical place, so it is not an adverbial of place."
11227108,17988958,12,mängima,,all,Schumacher,Schumacherile,"Vormelipiloot oli tüdinenud Itaalia ajakirjanike kahtlustustest , justkui mängiks ta meeskonnakaaslasele Schumacherile meelega trumbid pihku .",,,PER,yes,"The phrase 'Schumacherile' refers to a person to whom the alleged actions are directed, not a location, so it is not an adverbial of place."
9915020,15905846,13,koosnema,,el,aluskate,aluskattest,"“ Inimene ei osta ainult kattematerjali , vaid süsteemi , mis koosneb aluskattest , roovitusest ja lisaplekkidest - siin tekib hinnavahe meie kasuks , ” väitis Randmaa .",,,,yes,"The phrase 'aluskattest' refers to a part of a system but does not indicate a location, so it is not an adverbial of place."
16897272,25986610,17,kasutama,,el,aparaat,aparaatidest,"Sooviks nüüd , et inimesed , kes teavad asjast enam kui mine , on kasutanud kumbagi aparaatidest või parimal juhul mõlemat , tooksid välja plussid-miinused .",,,,yes,"The phrase 'aparaatidest' refers to objects or devices mentioned, not a location, so it is not an adverbial of place."
2285322,3658985,19,muutma,,all,perearst,perearstile,"Martinson ütles , et lastearstide selts soovib määrust , mis muudaks teatud vanuses laste haiguste puhul lastearstiga konsulteerimise perearstile kohustuslikuks .",,alive,,yes,"The phrase 'perearstile' refers to a person (family doctor) and not to a place, so it is not an adverbial of place."
1347803,2143037,10,teatama,,el,abipakett,abipaketist,Bangladeshis teatab Clinton ligi 200 miljoni dollari suurusest uuest abipaketist Lõuna-Aasia piirkonnale .,,,,yes,"The phrase 'abipaketist' specifies the source or subject related to the action rather than a physical location, making it incorrectly classified as 'yes' and not an adverbial of place."
6105540,9800183,7,vastama,,all,Kallas,Kallasele,""" Oma meelest vastas ta sellega Kallasele .",,,PER,yes,"The phrase 'Kallasele' indicates a direction or recipient of the action rather than specifying a physical location, so it is not an adverbial of place."
1741239,2771888,5,tundma,,el,eelarve,eelarvest,Seda tunneme oma valla eelarvest - näiteks ei ole me saanud nii palju heakorratöödele kulutada kui tahtsime .,,,,yes,"The phrase 'eelarvest' specifies the source, not a physical location, so it is not an adverbial of place."
12025919,19248336,25,virutama,,all,hunt,Hundile,"» Ja jätkab kulinaarsetel teemadel , küsides Volmerilt , kas ei peaks kuskilt ketšupit hankima , sest järjega ollakse jõutud kohani , kus Parts Hundile vastu vahtimist virutab , kui too tuleb välja loosungiga : « Valid Res Publica , budeš bez rublika !",,,,yes,The phrase 'Hundile' is classified as not an adverbial of place because it refers to a person rather than a physical location.
12443533,19922114,4,mõistma,,all,Rosenberg,Rosenbergile,"Kuigi kohus mõistis Rosenbergile surmanuhtluse , pole tema hukkamine kuigi tõenäoline .",,,PER,yes,"The phrase 'Rosenbergile' (to Rosenberg) designates a person as the target of an action, not a location, so it is not categorized as adverbial of place."
6708836,10793303,7,tuginema,,all,Orsend,Orsendile,Lehe kinnitusel tugineb pealkiri keeleinspektsiooni ettekirjutusel Orsendile .,,,LOC,yes,"The phrase 'Orsendile' (to Orsend) specifies a target rather than a physical location, making it not an adverbial of place."
12628141,20207239,3,seletama,ära,all,Shaw,Shaw'le,"Taylor seletab Shaw'le üksikasjalikult ära , kuidas naine korteris mõrvata , kuid keegi ei arvesta sellega , et Emily hoopis ise mõrvari tappa võib ja et Shaw ise käsi määrida ei soovigi , vaid saadab oma sõbra .",,,,yes,"The phrase 'Shaw'le' indicates a recipient or direction rather than a location, so it is not an adverbial of place."
11224540,17984999,8,johtuma,,el,apartheid,apartheidist,“ Raskused johtuvad viimase 50 aasta ühiskondlikust apartheidist .,,,,yes,"The phrase 'apartheidist' refers to a source or origin rather than a location, so it is not an adverbial of place."
1950724,3109415,24,muutma,,all,linnaametnik,linnaametnikele,"Pirital eile õhtul kogunenud 60-70 majaomanikku nõuavad Riigikogult ja valitsuselt linnaametnike omavoli lõpetamist ja maareformiseaduse muudatuse peatset vastuvõtmist , mis muudaks linnaametnikele võimatuks majaomanikelt maad ära võtta .",,alive,,yes,"The phrase 'linnaametnikele' refers to the officials rather than indicating a physical location, so it is not classified as adverbial of place."
16647509,25623727,1,piisama,,el,Kreatiin,Kreatiinist,Kreatiinist loomulikult üksi ei piisa .,,,,yes,"The phrase 'Kreatiinist' does not indicate any location but rather a material or source, so it is not an adverbial of place."
1040833,1655126,10,pakkuma,,all,Luksemburg,Luksemburgile,Portugali Luksemburgi suursaadiku Paulo Barbosa sõnul pakkus Portugali valitsus Luksemburgile abi ja toetust pantvangikriisi lahendamiseks .,,location,LOC,yes,"The phrase 'Luksemburgile' signifies the recipient of aid and support rather than a location, thus it is not an adverbial of place."
388819,604048,5,mõjuma,,all,auditoorium,auditooriumile,"Presidendi mullune aastapäevakõne mõjus auditooriumile külma dushina , mille sõnumit analüüsiti veel kuid pärast sündmust .",,,,yes,"The phrase 'auditooriumile' (to the audience) specifies a target or direction rather than a physical location, so it is not an adverbial of place."
14339665,22764360,6,hõikama,,all,pallur,pallureile,Mõnekümne kilomeetri kaugusele sõitnud Derby pallureile hõikas Leicesteri publik kõikvõimalikke inetusi .,,alive,,yes,"The phrase 'pallureile' (to the players) refers to the recipients of actions rather than a physical location, so it is not an adverbial of place."
14199476,22574696,40,ulatama,,all,Valeri,Valerile,"Tema on see , kes juhtnöörid annab , mida võib ja mida ei või ei ole nii , et ma võtan ja vallutan , » kinnitab pisikesest peale misside seelikute vahel jooksnud Liilit , kes on oma legendaarsele papale Valerile missivalimiste korraldamisel abikäe ulatanud .",,,,yes,"The word 'Valerile' refers to a direction or an indirect object, not a location, so it is not an adverbial of place."
10527515,16877288,26,raatsima,,all,tädi,tädile,"Raivo Jokst teenis seitse miljonit tänu sellele , et ta opereeris tädi neiupõlve perekonnanimega , aga kui saagi jagamiseks läks , siis ei raatsinud ta tädile rohkem anda kui 400 000 krooni .",,alive,,yes,"The phrase 'tädile' indicates the recipient of the sharing, not a physical place, thus it is not an adverbial of place."
2924706,4688693,26,hakkama,külge,all,teine,teistele,"Seksuoloog Imre Rammuli sõnutsi on eluterve kriitikavabadus inimese üks omadustest - ikka mõeldakse , et ega see minuga juhtu ning aids või klamüüdia hakkavad külge teistele .",,,,yes,"The phrase 'teistele' refers to people who might contract diseases, not a physical place, making it not an adverbial of place."
13071205,20915110,3,tuletama,,all,pensionär,pensionäridele,"Sotsiaalkindlustusamet tuletab pensionäridele meelde , et nad peavad esitama avalduse vältimaks 3000 krooni ületavalt pensionilt tulumaksu kinnipidamist .",,alive,,yes,"The phrase 'pensionäridele' refers to the recipients of the reminder rather than a location, so it is not an adverbial of place."
11427879,18312445,13,langetama,,el,konfiguratsioon,konfiguratsioonist,Baltikumi suurim arvutitootja Microlink langetab alates järgmisest esmaspäevast oma arvutite hindu sõltuvalt konfiguratsioonist kuni 30 protsenti .,,,,yes,"The phrase 'konfiguratsioonist' describes the basis of the price reduction but not a location, so it is not an adverbial of place."
5370326,8614153,7,jutustama,,el,duell,duellist,"Valentin Kuigi "" Lurjus "" jutustab duellist , aga mõjub pigem intelligentse malematšina .",,event,,yes,"The phrase 'duellist' denotes a specific event or context rather than a physical place, so it is not classified as adverbial of place."
3431312,5523718,13,teenima,,abl,Puuko,Puukolt,"( Pokulood , lk 31 ) Tõsi , üks loom on teeninud Puukolt jäägitu hukkamõistu - mutt !",,,LOC,yes,"The phrase 'Puukolt' specifies the source or origin, not a location, so it was incorrectly classified as adverbial of place ('yes')."
1463675,2329382,30,kehtima,,all,liikmekandidaat,liikmekandidaadile,"Praegu EL-is valitseva mure kohta Austria pärast , kus võimule on pääsemas parempopulistliku Jörg Haideri partei , ütles Halonen üleeilsel väitlusel Ahoga , et liikmesriigile kehtivad samad nõuded kui liikmekandidaadile .",,alive,,yes,"The phrase 'liikmekandidaadile' specifies the entity to which the requirements apply, not a location, so it was classified as not adverbial of place."
1902540,3031342,15,jääma,kõrvale,el,kooliõpetus,kooliõpetusest,Lasnamäe politseis arvelolevast 27 õiguserikkujast ei täida 21 protsenti koolikohustust ehk teisisõnu on nad kooliõpetusest täiesti kõrvale jäänud .,,,,yes,"The phrase 'kooliõpetusest' specifies a context related to school education but does not indicate a physical location, hence it is not an adverbial of place."
9693238,15555598,10,säästma,,el,algusminut,algusminuteist,"Ehtnõukogulik hilinemine säästis halvimast , nimelt näituse avamise igavaist algusminuteist .",,time,,yes,"The phrase 'algusminuteist' refers to the temporal origin of an action, not a physical location, so it is not an adverbial of place."
4215111,6783499,8,püsima,,el,mis,millest,"Sajandivahetuseks oli väga paljudes apteekides limonaaditöökoda , millest nii mõnigi püsis 1930. aastate lõpuni .",,,,yes,"The phrase 'millest' indicates a source or partitive relationship, not a location."
3692411,5945841,29,moodustama,,el,armee,armeest,"Bosnia Serbia vabariigi president Biljana Plavsic on sattunud üsna kentsakasse olukorda - tema võim püsib NATO juhitavatel rahutagamisjõududel ja paarisajal mehel , kes moodustavad murdosa 40 000-liikmelisest politseinike armeest .",,,,yes,"The phrase 'armeest' specifies a source or origin but not a location, so it is not adverbial of place ('no')."
16882276,25970410,2,mõjuma,,all,adminni,adminnidele,ainult adminnidele see ei mõju ... nemad ei saa miinusreppi nende,,,,yes,"The phrase 'adminnidele' indicates the target or recipients (to the admins), not a location, so it is not an adverbial of place."
1335223,2123051,10,muutuma,,all,avalikkus,avalikkusele,""" Kindlasti on see väga õige tee ning nii avalikkusele kui ka poliitika planeerijatele muutub tervikpildi omandamine lihtsamaks , "" ütles Ross .",,,,yes,"The phrase 'avalikkusele' indicates the target audience (to the public), not a location, so it is not an adverbial of place."
10902484,17460671,14,pruukima,,all,kirjastaja,kirjastajale,“ See ei ole muidugi mingi märkimisväärne summa ja võibolla mõnele küllaltki edukale kirjastajale ei pruugi see olla nii määrav .,,,,yes,"The phrase 'kirjastajale' indicates the direction or target, not a physical location, and thus is not an adverbial of place."
6574021,10577601,7,vastama,,all,autor,autoritele,""" Juku-Kalle Raidi kohta vastasime kirja autoritele , et tema puhul on tegemist pigem patoloogilise dissidendiga , mitte Keskerakonna vihkajaga , "" ütles Raag .",,alive,,yes,"The phrase 'autoritele' refers to the direction or target of the response and not a physical location, so it is not an adverbial of place."
5286317,8479800,19,kõlama,,all,näitleja,näitlejatele,"Kui ülejäänud soovid olid lõpuaktusel pühendatud ka raamatukogunduse , huvijuhtimise , tantsukunsti ja muusikaerialade lõpetajatele , siis ainult näitlejatele kõlasid kursusejuhendaja Andres Noormetsa sõnad : "" Alles siis , kui oled saanud endaks , võid saada kellekski teiseks . """,,alive,,yes,"The phrase 'näitlejatele' denotes the direction or recipient of the words, not a physical place, so it is not an adverbial of place."
3468487,5584670,16,tikkuma,ligi,all,tüdruk,tüdrukule,2003. aasta novembris vanglast vabanenud Jaasi tikkus juba järgmisel kuul Tartus Annelinna gümnaasiumis ühele 12aastasele tüdrukule ligi ning püüdis teda kätest väänates koolimajast õue tirida .,,alive,,yes,"The phrase 'tüdrukule' refers to the target of the action and not a physical place, so it is not an adverbial of place."
11313665,18131414,5,ulatama,,all,asutus,asutusele,"Riik ulatab raha ühele asutusele , mis ulatab selle edasi kinokunstnikele , kes teevad sellega filmi , mis peegeldab ühe suhteliselt suletuks jääva ringkonna maailmapilti .",,,,yes,"The phrase 'asutusele' refers to the entity receiving the money, not a location, so it is not an adverbial of place."
1650630,2626715,9,lööma,kaasa,ad,lahkumisõhtu,lahkumisõhtul,Kolmapäeval lööb Müürsepp kaasa Tiit Soku tippsportlase karjääri lahkumisõhtul .,,event,,yes,"The phrase 'lahkumisõhtul' specifies a time reference (on the farewell evening), and therefore is not an adverbial of place."
15507414,24217898,2,tulema,ette,all,valija,valijatele,"Eilsetele valijatele – tõsi , ilmselt üsna vähestele – tuleb pealkirjas toodud hüüdlause üsna tuttav ette .",,,,yes,"The phrase 'valijatele' indicates the target (voters) but does not specify a physical location, so it is not an adverbial of place."
3279353,5271088,15,nimetama,,el,kaldtee,kaldteest,Parklat opereeriva Falck Eesti avalike teenuste divisjoni juhataja Kristjan Konks nimetas autojuhi juttu järsust kaldteest tugevalt liialdatuks .,,,,yes,"The phrase 'kaldteest' indicates the source or origin of the description rather than a specific location, so it is not an adverbial of place."
67991,116956,10,valetama,,all,riigikogu,Riigikogule,"Olav Anton lisas veel , et peaminister on valetanud Riigikogule numbriliste näitajate osas .",,location,ORG,yes,"The phrase 'Riigikogule' refers to the destination or target of the prime minister's statement, not a physical space, hence it is not an adverbial of place."
970321,1545777,17,tungima,kallale,all,poeg,pojale,"Marko ( 14 ) ema teatas Ida-Tallinna politseile , et eesti keelt rääkiv röövel tungis tema pojale kallale ja võttis ära 7500 krooni maksva sinise KHS FXT Sport-15 jalgratta .",,,,yes,"The phrase 'pojale' describes the recipient of the action, not a location, so it is not an adverbial of place."
14142535,22480215,10,lugema,,el,Vogue,Vogue'ist,"Maarja muigab ja pajatab , kuidas ta luges hiljuti Vogue'ist intervjuud oma lemmiknäitleja Cate Blanchettiga .",,,ORG,yes,"The phrase 'Vogue'ist' provides information about the source, but not the location of the action, so it is not an adverbial of place."
11869245,18994662,15,jääma,puudu,el,leping,lepingust,"Viimasel paaril aastal on Piiroja viibinud testimisel mitmetes nimekates klubides , kuid alati jäi lepingust midagi puudu .",,,,yes,"The phrase 'lepingust' pertains to a contract and not a physical or abstract location, so it is not an adverbial of place."
9507477,15262989,6,abielluma,,el,väsimus,väsimusest,"B. “ Mehed abielluvad väsimusest , naised uudishimust : mõlemad pettuvad ” - 1 punkt .",,,,yes,"The phrase 'väsimusest' indicates the cause or reason for an action, not a location, hence it is not classified as an adverbial of place."
5979224,9595783,12,suutma,,all,elu,elule,""" See oleks isa mälestuse jäädvustamine , kes vaatamata oma lühikesele elule , suutis Eesti spordiajakirjanduses sügava jälje jätta , "" ütleb Lõvi tütar Maie Kalnin .",,,,yes,"The word 'elule' does not indicate a location but rather the context or subject of the statement, so it is not an adverbial of place."
7649056,12266893,12,valmistama,,all,ametimees,ametimeestele,Juba selle sajandi esikümnendi lõpus valmistas liiklusohutuse küsimus muret ka Eesti ametimeestele .,,alive,,yes,"The word 'ametimeestele' refers to people and does not specify a location, so it is not an adverbial of place."
8760662,14062068,7,virutama,,all,neid,neiule,"Et see õnnestuks , virutas ta neiule rusikaga näkku , mispeale too kotist lahti lasi .",,alive,,yes,"The phrase 'neiule' indicates the recipient of the action and not a location, thus it is not adverbial of place but rather an indirect object."
7895710,12640692,7,täituma,,el,tüdruk,tüdrukutest,Koridoris helises kell ja klassiruum täitus tüdrukutest .,,alive,,yes,"The phrase 'tüdrukutest' specifies the source origin for the filling of the room, clarifying a situation rather than a place, so it is not an adverbial of place."
7689383,12328945,20,jutustama,,all,sukelduja,sukeldujatele,"Filmis esineb samuti jutustav raamistus , kus saja-aastane Rose  ( Gloria Stuart )  jutustab aaretejahil juhuslikult Jacki aktijoonistuse leidnud sukeldujatele oma kauge noorusaja armastusloo - loo , mida ei teadnud tema lapsed ja mida esmakordselt kuuleb tema lapselaps .",,alive,,yes,"The phrase 'sukeldujatele' indicates the recipients and implies a conceptual or indirect location in the narrative, addressing 'to whom' rather than 'where,' so it is not an adverbial of place."
16236625,25148758,5,andestama,,all,meeskond,meeskonnale,Teist altminekut järjest tifosid meeskonnale ei andesta . . .,,alive,,yes,"The phrase 'meeskonnale' (to the team) indicates a recipient or beneficiary rather than a location, so it is not an adverbial of place."
7252986,11663570,16,lugema,,all,õpetaja,õpetajale,Ja 65 aastat hiljem luges ta tädi Annet pensionäride nimel õnnitlema tulnud endisele vene keele õpetajale Olga Leale peast ühe venekeelse luuletuse ette .,,,,yes,"The phrase 'õpetajale' points out the recipient of the action rather than a specific location, so it is not an adverbial of place."
318216,497700,6,käsitlema,,ad,tase,tasemel,"COBIT käsitlebki nimetatud mõju kolmel tasemel , tähistades need :",,,,yes,"The phrase 'tasemel' refers to a level and not a physical or spatial location, so it is not an adverbial of place."
5195644,8336008,3,lugema,ette,all,tööline,töölistele,"President luges töölistele ette õiendi börsi direktori kuupalga kohta , mis viimastel kuudel kõikus 3000-4000 USA dollari piires .",,alive,,yes,"The phrase 'töölistele' refers to the recipients of the act rather than a spatial location, so it is not an adverbial of place."
16950404,26052991,4,saama,üle,el,pohmell,pohmellist,"Ain sai aastavahetuse pohmellist üle , mina võtsin jalad kõhu alt välja ja jooksin panka .",,state,,yes,"The phrase 'pohmellist' refers to a condition rather than a specific place, so it is not an adverbial of place."
6254537,10046752,6,ulatama,,all,Indrek,Indrekule,"Kui ta aga koolist lahkuvale Indrekule viieka ulatas , tuletas ta hetkeks meelde Lauri Leesit .",,,PER,yes,"The phrase 'Indrekule' specifies the recipient of an action (to Indrek), not a physical location, so it is not an adverbial of place, even though it is marked 'yes' here."
4460734,7172824,5,jääma,puudu,el,auahnus,auahnusest,"Nagu märkisin , jäi auahnusest ja nahaalsusest kõvasti puudu .",,,,yes,"The phrase 'auahnusest' indicates a state or quality, not a physical location, so it is not an adverbial of place."
7829668,12546740,29,elama,kaasa,all,austerlane,austerlasele,"Näib kangesti sedamoodi , et Euroopa Liidu poliitikud elavad Haideri paarile poisikeselikule “ julgustükile ” samasuguse innuga kaasa kui maailma teismeline kinopublik ( seni ? ) maailma kuulsaimale austerlasele Arnold Schwarzeneggerile .",,alive,,yes,"The phrase 'austerlasele' refers to a person, not a physical location, so it is not an adverbial of place."
6124930,9830795,11,andma,,el,blankett,blankettidest,""" Rohtu neile aga ei müüdud , psühhiaater oli varastatud blankettidest apteekritele teada andnud . """,,,,yes,"The phrase 'blankettidest' indicates a source rather than a location, so it is not an adverbial of place."
2604887,4179958,2,teatama,,el,aktsioon,aktsioonist,Sarnasest aktsioonist Tartus teatas ka Lõuna politseiprefektuuri avalike suhete büroo .,,event,,yes,"The phrase 'aktsioonist' describes a specific action but not a location, so it is not an adverbial of place."
8091936,12984770,12,jagama,välja,all,mängija,mängijatele,Eeloleval hooajal Inglismaa esimeses divisjonis mängiva Sunderlandi peatreener Mick McCarthy jagas mängijatele välja särginumbrid .,,,,yes,"The phrase 'mängijatele' does not refer to a physical or abstract location but rather the recipient of an action, so it is not an adverbial of place."
583016,923547,10,tulenema,,el,geen,geenist,"Kas teadlased suudavad eristada , mis inimese puhul tuleneb geenist , mis aga keskkonnast ?",,,,yes,"The phrase 'geenist' refers to a source or origin, not a place, so it is not classified as adverbial of place."
6544955,10528911,26,minema,kallale,all,noormees,noormehele,"KIVIÕLI , 29. aprill ( EPLO ) - Kiviõli abilinnapea Inno Naur läks motokrossi harjutusraja kasutamise loa puudumisele viidates kallale kaaslaste sõiduharjutusi jälginud kipsis jalaga noormehele , kirjutab Põhjarannik .",,alive,,yes,"The word 'noormehele' indicates the indirect object rather than a spatial location, hence it is not an adverbial of place."
12441535,19918938,29,mängima,,all,kantsler,kantslerile,"Kui Helmut Kohl käis Leipzigis oma uutele alamatele kõnet pidamas , söandas Aud Rigmor koos teise "" Sonnenwiese "" kasvandiku Arno Kaubega , kes nüüd Kohren-Salisi tuletõrjeorkestri trompetistina kantslerile muusikat mängis , rääkida oma murest ühele Skandinaavia televisiooni võttegrupile .",,alive,,yes,"The word 'kantslerile' refers to the recipient of an action, not a spatial location, so it is not an adverbial of place."
14426047,22848879,13,lugema,peale,all,pealtvaataja,pealtvaatajaile,""" Jätke koduloomad koju ja hoidke lapsed vaos ! "" luges Melsas pealtvaatajaile sõnu peale .",,alive,,yes,"The phrase 'pealtvaatajaile' specifies the audience or group being addressed, not a location, so it is incorrectly classified as an adverbial of place."
15868030,24697036,25,lükkama,edasi,all,gümnaasium,gümnaasiumile,"Ma arvan , et probleem on selles , millisel kohal on eesti keel vene õpilaste motivatsioonis pärast selle seaduse vastuvõtmist , mis ülemineku eestikeelsele gümnaasiumile edasi lükkab ?",,location,,yes,"The phrase 'gümnaasiumile' specifies the entity affected by the transition and not a location, so it is incorrectly classified as an adverbial of place."
4458529,7169205,16,sõitma,otsa,all,Kairiti,Kairitile,"Kolmapäeva õhtul sõitis 50-aastane juhiloata alkoholijoobes Monika Kadrinas autoga otsa poe ees pingil istuvale 29-aastasele Kairitile , kel murdus jalaluu .",,,PER,yes,"The phrase 'Kairitile' specifies the person affected but does not indicate a location, so it is not an adverbial of place."
349920,540957,21,vastama,,all,Päevalehe,Päevalehele,""" Algselt oli planeeritud seminari toimumispaigaks Stockholm , "" vastas nüüd juba rahandusministeeriumi ekskantsler Agu Lellep ministeeriumi pressiesindaja kaudu Eesti Päevalehele .",,,ORG,yes,"The phrase 'Päevalehele' refers to a publication, not a location, so it is not an adverbial of place."
182028,302483,6,keelduma,,el,kooskõlastus,kooskõlastusest,Tööhõiveamet on sellisel puhul tööloa kooskõlastusest keeldunud .,,,,yes,"The phrase 'kooskõlastusest' is not adverbial of place because it refers to an action or process, not a location."
6918450,11120536,9,saama,lahti,el,kreksutt,kreksutist,"Nüüd häda käes , et ei saa sellest kreksutist lahti .",,,,yes,"The phrase 'kreksutist' refers to a specific object or entity related to the context, not a location."
7663485,12287579,4,määrama,,all,baaritöötaja,baaritöötajatele,"Paljud klubijuhid määravad baaritöötajatele ekstra madala palga , ettekäändel , et jootraha kukub nagunii .",,,,yes,"The phrase 'baaritöötajatele' refers to recipients of action, not a location."
4134058,6654540,13,korraldama,,all,hokimängija,hokimängijatele,"Tüli põhjus seisneb selles , et hokiliit korraldas peo Stockholmis Medborgareplatsenil ainult hokimängijatele ja teised Rootsi kuldmedalivõitjad jäeti sellest täielikult kõrvale , see solvas teisi alaliite ning rikkus Rootsi olümpiakomitee väitel ROKi sponsorireegleid .",,alive,,yes,"The phrase 'hokimängijatele' indicates the recipients of the celebration, not a location."
6670913,10733332,5,tulenema,,el,alateadvus,alateadvusest,Eks see tulene sügavast alateadvusest .,,,,yes,"The phrase 'alateadvusest' refers to a source or origin rather than a physical location, so it is not an adverbial of place."
4483290,7208770,4,jääma,vahele,all,sõjaväepolitsei,sõjaväepolitseile,( Nad jäid sõjaväepolitseile vahele ja saavad karistada . ),,location,,yes,"The phrase 'sõjaväepolitseile' refers to the entity receiving the action, not a location, so it is not an adverbial of place."
401021,623858,7,pakkuma,,all,Kallas,Kallasele,"Et pääseda valitsema , pakkus Keskerakond Kallasele peaministri tooli .",,,,yes,"The phrase 'Kallasele' refers to a person and not a location, and thus it should not be classified as adverbial of place ('yes')."
2290932,3668369,14,määrama,,all,hokimängija,hokimängijale,"Sportlase nime ei teatata enne B-proovi tulemuste selgumist , siis määrab IIHF ka hokimängijale karistuse .",,alive,,yes,"The phrase 'hokimängijale' indicates the recipient of the punishment and not a place; hence, it is not classified as adverbial of place."
5783866,9279801,13,lõpetama,,el,Neumannova,Neumannovast,"Kristina Šmigun hoidis enamiku võistlusest 5. kohta ja lõpetaski samal positsioonil , Neumannovast 49,8 sekundit nõrgema ajaga .",,,LOC,yes,"The phrase 'Neumannovast' indicates comparison or reference rather than a place, so it is not classified as adverbial of place."
2369008,3796582,19,tüdinema,,el,rahandus,rahandusest,"Läti Panga president Einars Repše , keda mäletatakse veel omaaegsete Läti rublade ehk nn repšikute autorina , tüdines rahandusest ja lõi omale partei .",,,,yes,"The phrase 'rahandusest' refers to the domain or area the person is stepping away from, not a location, so it was classified as adverbial of place ('yes')."
9923823,15921762,25,lugema,,all,Einseln,Einselnile,"Kui Eesti lihtsurelikul maksumaksjal on õigus saada vaid üht pensioni , siis andis Einselni-sõbralike ringkondade poolt Riigikogus läbi surutud seadus kaitseväe juhatajale ( loe Einselnile ) eriõiguse saada samaaegselt veel teise riigi pensioni .",,,PER,yes,"The phrase 'Einselnile' refers to a beneficiary or recipient, not a location, so it is not an adverbial of place."
11833275,18938105,12,tundma,,el,Angeli,Angelist,""" Mul on selle üle hea meel , aga ma tunnen Angelist meeletult puudust .",,,PER,yes,"The phrase 'Angelist' refers to a person and not a location, so it is not an adverbial of place."
12752240,20398890,9,minema,kallale,all,leedulane,leedulasele,"Ajaleht Molodjož Estonii kirjutab , et turvamehed läksid leedulasele kallale pärast seda , kui ta oli baaris kahe neiuga tantsinud .",,alive,,yes,"The phrase 'leedulasele' refers to a person rather than a location, which is why it is not an adverbial of place."
2737290,4390393,29,jääma,puudu,el,ehitusvõimsus,ehitusvõimsusest,"Kivisaar väidab , et arendajad ei saa uusi projekte alustada , kuna pangad ei finantseeri neid ja planeeringud on toppama jäänud , ehitus on liiga kalliks läinud , ehitusvõimsusest jääb puudu ja jumal teab , mis veel .",,,,yes,"The phrase 'ehitusvõimsusest' does not describe a location but rather a concept, so it is not an adverbial of place."
10770028,17252017,6,keelduma,,ad,läbiotsimine,läbiotsimisel,"Ikla piirivalvurite sõnul keeldus Ragauskiene läbiotsimisel ette näitamast oma käekoti sisu , mis näitab , et tegelikult ta teadis sellesse peidetud narkootikumidest .",,event,,yes,"The phrase 'läbiotsimisel' refers to a context or moment during which an event occurred rather than a location, so it is not an adverbial of place."
14506783,22940645,4,näima,,all,põllumees,põllumehele,"Et ärimees näis põllumehele usaldusväärsena , nõustus ta maksma diislitonni eest 2500 krooni .",,alive,,yes,"The phrase 'põllumehele' (to the farmer) indicates a recipient rather than a location, so it is not an adverbial of place."
3665388,5902454,6,tulema,järele,all,võsuke,võsukestele,Kodust põgenenud või seiklema läinud võsukestele tulevad vanemad enamasti päeva-paari pärast järele .,,alive,,yes,"The phrase 'võsukestele' specifies the recipients, but not a location, so it is not an adverbial of place."
6001109,9631600,3,arvama,,el,Sämmi,Sämmist,Mida arvate Sämmist ja grilltoidust ?,,,PER,yes,"The phrase 'Sämmist' refers to the topic or about whom opinions are formed, not a location, so it is not an adverbial of place."
686083,1091156,3,selguma,,el,info,infost,"Nagu saadetud infost selgus , polnud Viini saatkond üliõpilasi ( õigeaegselt ) "" kätte saanud "" .",,,,yes,"The phrase 'infost' indicates the source or origin of the information and not a specific place, so it is not an adverbial of place."
8594898,13778217,7,tuletama,,all,tädi,tädile,"Mäel jäeti hüvasti ja Maia tuletas tädile meelde , et ta ikka kindlasti varsti jälle tagasi tuleks .",,alive,,yes,"The phrase 'tädile' indicates a recipient or direction rather than a specific location where the action took place, so it is not an adverbial of place."
13275610,21239579,6,keelduma,,el,katseaeg,katseajast,"Ta möönis , et keeldus katseajast suurema südamevaluta .",,time,,yes,"The phrase 'katseajast' refers to a period of time, not a location, so it is not an adverbial of place."
2009759,3206593,11,teenima,,abl,erastamine,erastamiselt,"Lisatasud maksti juristile eelarvevälistest summadest , mille maa-amet teenib maa erastamiselt ja maa tagastamise tehingutelt .",,,,yes,"The phrase 'erastamiselt' refers to the origin of the funds, which is tied to an abstract transaction rather than a specific place, so it is not an adverbial of place."
18125238,27540836,11,olenema,,el,arstiabi,arstiabist,"Samas näitavad uuringud , et rahvastiku eeldatav keskmine eluiga oleneb arstiabist suhteliselt vähe ning 70-80% indiviidi poolt arstiabile eraldatud rahast kulutatakse elu viimasel kümnendil , kui see pole mõnikord enam piisavalt efektiivne ( 18 ) .",,,,yes,"The phrase 'arstiabist' ('about medical care') refers to a conceptual source rather than a physical location, hence it is not an adverbial of place."
143263,238847,19,tuletama,,all,kannatanu,kannatanutele,"Näiteks , kas on eetiline , et telekanal reklaamib kogu päeva saadet , mis tuletab ikka ja jälle kannatanutele ja nende omastele meelde traagilist sündmust .",,alive,,yes,"The phrase 'kannatanutele' indicates the group of people affected and acts more as an indirect object, not specifying a location, thus not an adverbial of place."
15137247,23674790,8,mõistma,,all,Roland,Rolandile,"Pärnu maakohus mõistis tapmises süüdi tunnistatud 29aastasele Rolandile karistuseks kaheksa kuud vanglat , ülejäänud karistuse kannab ta tingimisi kolmeaastase katseajaga .",,,,yes,"The phrase 'Rolandile' refers to a recipient or person rather than a location, so it is not an adverbial of place."
12029998,19254618,18,arvama,,el,Iirimaa,Iirimaast,"Loomulikult on narkodiiler jalgupidi lakke tõmmatud ja Padraic peab talle pikki kõnesid sellest , mida ta arvab Iirimaast ja narkodiileritest .",,location,LOC,yes,"The phrase 'Iirimaast' refers to a topic or subject matter and not a physical location, thus it is not an adverbial of place."
12503725,20014434,4,jääma,puudu,el,metaan,metaanist,"“ Talvel jääb metaanist veidi puudu ning siis peame kasutama ka maagaasi , kuid suvel jääb sellest ülegi , ” märkis Tallinna mudatöötlusjaama juhataja Mati Perker .",,,,yes,"The phrase 'metaanist' specifies a source or material and not a location, so it is not an adverbial of place."
492817,774768,23,tulema,ette,all,enamik,enamikule,"Sergei Ivanov ( 41 ) on mees , kes istub Riigikogu saalis juba viiendat aastat , aga sellegipoolest ei tule tema nimi enamikule eestlastest tuttav ette .",,,,yes,"The word 'enamikule' refers to people, not a specific location; thus, it is not an adverbial of place."
11854329,18971190,16,mängima,,all,noorpublik,noorpublikule,"Snelli tiigi äärde oli püsti pandud väike varikatus , mille alla sõitnud veoauto kastist mängisid noorpublikule muusikat punkansamblid Hommikune Vahetus , Uss , Migreen , Kurjam , Vedel Leib ja Vennaskond .",,,,yes,"The word 'noorpublikule' refers to an audience and not a physical location, so it is not an adverbial of place."
4788868,7690544,9,jätkama,,el,liideraktsia,liideraktsiatest,"Tallinna börsil toimus esmaspäeval kerge korrektsioon allapoole , liideraktsiatest jätkas tugevana Norma .",,,,yes,"The word 'liideraktsiatest' refers to a set of stocks and not a physical location, so it is not an adverbial of place."
17828963,27218257,2,jääma,puudu,el,detail,detailidest,"Kui detailidest jääb puudu hakkame kahtlema , mõtlema , kas see ikka on see juba tuntud maja .",,,,yes,"The phrase 'detailidest' indicates the source or origin of something missing rather than a physical place, so it is not an adverbial of place."
7721099,12379105,9,arvama,,el,Travis,Travisest,"Helistasin just Pedarule ja küsisin , mis tema Travisest arvab .",,,PER,yes,"The phrase 'Travisest' does not indicate a specific place but refers to a person, so it is not an adverbial of place."
963189,1534058,16,nakatuma,,el,moslemimees,moslemimeestest,"Ameerika teadlaste Ugandas läbi viidud uuringutes selgus , et testgrupist ei nakatunud aidsi ükski ümberlõigatud moslemimeestest .",,,,yes,"The phrase 'moslemimeestest' specifies the group of people, not a location, but it explains their origin, therefore classified as adverbial of place ('yes')."
10453555,16763680,3,arvama,,el,finaalseeria,finaalseeriast,Mida arvate finaalseeriast ?,,event,,yes,"The phrase 'finaalseeriast' does not indicate a location but rather the topic of a discussion, so it is not an adverbial of place."
9320711,14971746,18,püüdma,,all,katsumus,katsumusele,"Esmaspäeval Prantsusmaa jalgpallimeistri RC Lensi prooviajale siirduv FC Flora leedulane Tomas Razhanauskas kinnitas , et püüab tähtsale katsumusele eriti mitte mõelda : “ Lähen kohale ja teen , mis oskan . ”",,event,,yes,"The phrase 'katsumusele' refers to a metaphorical target or goal rather than a physical place, so it is not an adverbial of place."
7264666,11681489,1,tundma,,el,hingesoojus,Hingesoojusest,"Hingesoojusest tundsid lapsed tegelikult kõige rohkem puudust , "" sõnas Malle Kruusma .",,,,yes,"The word 'Hingesoojusest' does not describe a physical place but rather an abstract concept, so it is not an adverbial of place."
4320683,6950745,19,pühendama,,all,firma,firmale,"Tema sõnul on ettevõtte algstaadium firma tegevuse edasise arengu seisukohalt väga oluline , ning just siis pühendab juht firmale kogu oma energia .",,,,yes,"The phrase 'firmale' indicates the entity being dedicated energy, and does not specify a physical location, hence it is not an adverbial of place."
6983956,11219813,24,laulma,,all,kirjanik,kirjanikule,"“ Kui saatus viib ka kodust kaugele , toob ükskord tagasi meid tee , ” laulis naisansambel Klassik Maie Kala klaverihelide saatel auväärsele kirjanikule juubeliõnnitluseks ning noorpõlveradadele naasmise puhuks .",,alive,,yes,"The phrase 'kirjanikule' specifies a recipient rather than a location, so it is not an adverbial of place."
3357501,5401117,4,pruukima,,ad,Levadia,Levadial,"Seetõttu ei pruugi Levadial skoori avamiseks liiga palju võimalusi tekkida ning taas võib otsustavaks saada pealinlaste keskväljale koondunud kahurvägi , kes vastaste väravat ka kaugemalt väga efektiivselt pommitada suudab .",,,LOC,yes,"The phrase 'Levadial' specifies the entity being discussed rather than a physical location, so it is not an adverbial of place."
