pat_id,verb_word,verb_compound,phrase_case,adp,inf_verb,verb_occurrence_count,absolute_support,relative_support
50,andma,andeks,all,,,7,7,100
52,paluma,andeks,abl,,,3,3,100
214,luiskama,ette,all,,,1,1,100
874,mängima,kätte,all,,,4,4,100
927,harjutama,külge,all,,,1,1,100
1010,liidendama,,kom,,,1,1,100
1648,sarnlema,,all,,,2,2,100
2042,tegema,tuupi,all,,,10,10,100
1813,tegema,säru,all,,,38,37,97.36842105263158
2054,valguma,täis,part,,,63,61,96.82539682539682
893,olema,kõrini,ad,,,28,27,96.42857142857143
1281,nõudlema,,part,,,26,25,96.15384615384616
2306,nägema,välja,nom,,,11974,11437,95.5152831134124
1669,seisnema,,in,,,9542,9101,95.37832739467616
368,jätma,ilma,el,,,696,654,93.96551724137932
2486,valama,üle,kom,,,331,310,93.65558912386706
974,ütlema,lahti,el,,,523,488,93.30783938814533
1341,osutuma,,tr,,,22121,20627,93.24623660774829
1531,põhinema,,ad,,,9626,8937,92.84230209848327
2464,kallama,üle,kom,,,96,89,92.70833333333334
2335,võbistama,,part,,,26,24,92.3076923076923
1825,sõltuma,,el,,,33713,31082,92.1958888262688
758,koosnema,,el,,,15701,14447,92.01324756384943
1359,pakatama,,el,,,561,516,91.97860962566845
1537,põlvnema,,el,,,161,148,91.92546583850931
1772,soodustama,,part,,,4994,4581,91.73007609130957
784,kubisema,,el,,,1054,966,91.65085388994308
2334,väärima,,part,,,9949,9051,90.97396723288773
131,distantseerima,,el,,,144,131,90.97222222222221
538,tungima,kallale,all,,,1169,1059,90.59024807527801
2450,pidama,ülal,part,,,159,144,90.56603773584906
2202,seisma,vastu,all,,,528,477,90.3409090909091
2154,vajama,,part,,,55652,50148,90.10996909365342
1745,jootma,sisse,all,,,30,27,90
218,teavitama,ette,part,,,29,26,89.65517241379311
161,eirama,,part,,,1864,1669,89.53862660944206
801,kuritarvitama,,part,,,870,778,89.42528735632183
500,kaasnema,,kom,,,9566,8550,89.37905080493415
2453,aitama,üle,el,,,131,117,89.31297709923665
471,järgima,,part,,,4694,4189,89.24158500213038
1206,vaatama,mööda,el,,,325,290,89.23076923076924
314,hoolitsema,,gen,eest,,5121,4565,89.14274555750829
1070,lähtuma,,el,,,11556,10286,89.01003807545862
1872,ajama,taga,part,,,1587,1411,88.90989287964713
1463,pooldama,,part,,,7570,6727,88.86393659180978
369,jääma,ilma,el,,,6035,5358,88.7821043910522
308,hoiduma,,el,,,2493,2211,88.68832731648617
1344,vaatama,otsa,all,,,2266,2007,88.57016769638129
2326,väljendama,,part,,,9399,8296,88.26470901159698
1777,soosima,,part,,,3232,2851,88.21163366336634
636,haarama,kinni,el,,,1150,1014,88.17391304347825
245,hakkama,,ill,,,235159,207336,88.16843072134174
522,kahjustama,,part,,,5451,4802,88.09392771968446
1571,rahulduma,,kom,,,386,340,88.08290155440415
36,alluma,,all,,,4398,3862,87.81264211005002
2457,hindama,üle,part,,,377,331,87.79840848806366
2328,vältima,,part,,,3803,3337,87.7465159084933
1899,talitsema,,part,,,121,106,87.60330578512396
1934,tegelema,,kom,,,40063,35084,87.57207398347603
854,käsitlema,,part,,,18385,16091,87.52243676910525
423,johtuma,,el,,,673,589,87.518573551263
1198,hiilima,mööda,el,,,95,83,87.36842105263159
902,hiilima,kõrvale,el,,,243,212,87.24279835390946
2014,tulenema,,el,,,13928,12147,87.21280873061458
1343,sõitma,otsa,all,,,2802,2438,87.00927908636689
2491,ülehindama,,part,,,130,113,86.92307692307692
1498,puudutama,,part,,,32839,28517,86.83881969609305
852,käsitama,,part,,,544,472,86.76470588235294
714,määrima,kokku,kom,,,105,91,86.66666666666667
2253,olema,villand,ad,,,15,13,86.66666666666667
432,juhinduma,,el,,,890,771,86.62921348314607
498,käima,kaasas,kom,,,1867,1615,86.50241028387788
1402,peegeldama,,part,,,3659,3159,86.33506422519814
988,lasuma,,ad,,,2860,2469,86.32867132867132
906,hoiduma,kõrvale,el,,,131,113,86.25954198473282
1275,nõretama,,el,,,109,94,86.23853211009175
604,keskenduma,,all,,,8364,7209,86.19081779053084
1189,mõlgutama,,part,,,463,398,85.96112311015118
326,huvituma,,el,,,2139,1835,85.7877512856475
1294,ohustama,,part,,,4569,3917,85.7299190194791
487,aitama,kaasa,all,,,8226,7052,85.72817894480914
895,saama,kõrini,el,,,54,46,85.18518518518519
2481,puistama,üle,kom,,,54,46,85.18518518518519
442,jumaldama,,part,,,647,551,85.16228748068006
533,kajastama,,part,,,4118,3506,85.13841670713938
1585,reguleerima,,part,,,5350,4550,85.04672897196261
1696,seonduma,,kom,,,2397,2038,85.02294534835211
1600,vedama,ringi,part,,,60,51,85
1431,piirduma,,kom,,,8432,7164,84.96204933586338
692,kohtama,,part,,,7974,6774,84.95109104589918
583,keelduma,,el,,,19666,16690,84.86728363673345
715,puutuma,kokku,kom,,,5008,4248,84.82428115015975
2367,võõrduma,,el,,,242,205,84.71074380165288
320,hullutama,,part,,,359,304,84.67966573816156
1873,kiruma,taga,part,,,13,11,84.61538461538461
1998,tuginema,,all,,,3757,3178,84.58876763375032
2050,tähistama,,part,,,11317,9541,84.3067950870372
105,austama,,part,,,3160,2657,84.08227848101266
934,külgnema,,kom,,,143,120,83.91608391608392
1345,vahtima,otsa,all,,,124,104,83.87096774193549
312,hoolima,,el,,,4403,3692,83.85191914603679
30,kirjutama,alla,all,,,9473,7941,83.82772089095324
1027,loobuma,,el,,,20838,17465,83.81322583741242
1231,nautima,,part,,,7556,6328,83.7480148226575
21,alahindama,,part,,,899,750,83.42602892102336
2418,õigustama,,part,,,4630,3857,83.30453563714903
1905,taotlema,,part,,,13689,11402,83.29315508802688
370,ilmutama,,part,,,4352,3617,83.11121323529412
1188,mõjutama,,part,,,22526,18678,82.91751753529255
677,kohaldama,,part,,,1240,1027,82.8225806451613
1966,toetuma,,all,,,3899,3229,82.8161066940241
2197,minema,vastu,all,,,593,491,82.79932546374368
2299,kasvama,välja,el,,,2074,1716,82.73866923818709
451,jälestama,,part,,,263,217,82.50950570342205
497,kandma,kaasas,part,,,580,478,82.41379310344827
1013,tegema,liiga,all,,,17,14,82.35294117647058
234,haavama,,part,,,1004,826,82.27091633466136
2470,külvama,üle,kom,,,95,78,82.10526315789474
324,huvitama,,part,,,18577,15236,82.01539538138559
1204,rääkima,mööda,el,,,139,114,82.01438848920863
2248,viitama,,all,,,20065,16441,81.9386992275106
569,kasutama,,part,,,60667,49616,81.78416602106581
1475,pretendeerima,,all,,,1427,1167,81.77995795374913
2255,saama,villand,el,,,173,141,81.5028901734104
994,leevendama,,part,,,1885,1536,81.48541114058355
752,koordineerima,,part,,,1320,1075,81.43939393939394
1918,tasustama,,part,,,43,35,81.3953488372093
199,esindama,,part,,,15129,12280,81.16861656421442
2337,võimendama,,part,,,1135,921,81.1453744493392
2159,valdama,,part,,,5597,4540,81.11488297302127
904,hoidma,kõrvale,el,,,453,367,81.01545253863135
855,käsitsema,,part,,,63,51,80.95238095238095
110,baseeruma,,ad,,,875,708,80.91428571428571
2504,pidama,üleval,part,,,52,42,80.76923076923077
87,asenduma,,kom,,,2151,1737,80.75313807531381
490,minema,kaasa,kom,,,1827,1473,80.623973727422
2369,võõrutama,,el,,,67,54,80.59701492537313
1974,tolereerima,,part,,,36,29,80.55555555555556
1788,spetsialiseeruma,,all,,,1189,956,80.40370058873002
787,kujutama,,part,,,13096,10522,80.34514355528405
1930,teenindama,,part,,,2829,2271,80.27571580063628
1432,piirnema,,kom,,,552,443,80.2536231884058
206,esitlema,,part,,,4840,3881,80.18595041322314
1283,nõudma,,part,,,60685,48552,80.00659141468238
910,puiklema,kõrvale,el,,,15,12,80
1202,manööverdama,mööda,el,,,5,4,80
2258,vaatama,viltu,all,,,20,16,80
60,apelleerima,,all,,,264,211,79.92424242424242
274,harrastama,,part,,,1982,1583,79.86881937436932
912,põiklema,kõrvale,el,,,144,115,79.86111111111111
455,jäljendama,,part,,,411,328,79.80535279805353
132,distantseeruma,,el,,,302,241,79.80132450331125
2515,käima,ümber,kom,,,300,239,79.66666666666666
1637,samastuma,,kom,,,270,215,79.62962962962963
1307,omama,,part,,,11606,9227,79.50198173358608
1121,matkima,,part,,,361,287,79.50138504155125
1944,tervitama,,part,,,5975,4738,79.2970711297071
2347,võlgnema,,all,,,1905,1506,79.05511811023622
1676,seletuma,,kom,,,143,113,79.02097902097903
2356,võrduma,,kom,,,3038,2392,78.73601053324556
999,leppima,,kom,,,5193,4087,78.70209897939534
2471,libisema,üle,el,,,89,70,78.65168539325843
1874,otsima,taga,part,,,971,763,78.57878475798145
141,edendama,,part,,,824,647,78.51941747572816
272,harmoneeruma,,kom,,,223,175,78.47533632286996
1464,poputama,,part,,,116,91,78.44827586206897
1133,mehkeldama,,kom,,,51,40,78.43137254901961
162,eitama,,part,,,8953,7018,78.38713280464648
2239,vihkama,,part,,,3902,3057,78.3444387493593
2122,vaatlema,,part,,,2262,1770,78.24933687002653
1699,seostuma,,kom,,,3080,2410,78.24675324675324
1342,jõllitama,otsa,all,,,32,25,78.125
2482,saama,üle,el,,,2910,2272,78.07560137457045
1962,toetama,,part,,,48142,37586,78.07320011632255
22,alandama,,part,,,2641,2060,78.00075728890572
10,ahistama,,part,,,1378,1072,77.79390420899854
1399,nägema,pealt,part,,,810,630,77.77777777777779
2221,vehkima,,kom,,,1501,1164,77.54830113257827
344,hööritama,,part,,,89,69,77.52808988764045
1554,pühendama,,all,,,2708,2099,77.51107828655834
342,hõlmama,,part,,,11091,8595,77.49526643224236
675,koguma,,part,,,22266,17251,77.47687056498698
2036,tutvustama,,part,,,13381,10366,77.46805171511845
1292,ohjeldama,,part,,,208,161,77.40384615384616
488,elama,kaasa,all,,,1975,1528,77.36708860759494
2211,vastutama,,gen,eest,,11556,8930,77.27587400484597
2216,veenduma,,in,,,12003,9266,77.19736732483545
460,jooksma,järele,all,,,342,264,77.19298245614034
374,imiteerima,,part,,,419,323,77.08830548926015
61,arendama,,part,,,3818,2937,76.92509167103195
932,pookima,külge,all,,,26,20,76.92307692307693
2274,vähendama,,part,,,13241,10166,76.77667849860282
1862,süüdistama,,in,,,14263,10935,76.66690037159083
842,käitlema,,part,,,77,59,76.62337662337663
2018,tundma,,part,,,80338,61549,76.61256192586323
389,iseloomustama,,part,,,12386,9486,76.58646859357339
1465,portreteerima,,part,,,247,189,76.51821862348179
197,eristama,,part,,,2839,2169,76.40014089468123
1120,maskeeruma,,tr,,,207,158,76.32850241545893
518,kahandama,,part,,,1826,1393,76.28696604600219
1473,presenteerima,,part,,,118,90,76.27118644067797
1309,omistama,,all,,,697,531,76.18364418938307
894,saama,kõrini,ad,,,54,41,75.92592592592592
219,teavitama,ette,el,,,29,22,75.86206896551724
256,halvustama,,part,,,364,276,75.82417582417582
183,ennetama,,part,,,478,362,75.73221757322176
2101,umbusaldama,,part,,,257,194,75.4863813229572
1127,meeldima,,all,,,64834,48917,75.44960977265015
1298,olenema,,el,,,10015,7547,75.35696455317024
1595,rikkuma,,part,,,12423,9356,75.31192143604605
1578,rajanema,,ad,,,1148,864,75.26132404181185
1071,lävima,,kom,,,315,237,75.23809523809524
2256,saama,villand,ad,,,173,130,75.14450867052022
1346,otsima,,part,,,33053,24819,75.08849423652921
380,indikeerima,,part,,,8,6,75
467,vahtima,järele,all,,,20,15,75
1006,tükkima,ligi,all,,,8,6,75
1702,sidustama,,part,,,4,3,75
1815,sõbrutsema,,kom,,,4,3,75
2468,kuhjama,üle,kom,,,8,6,75
2084,tülitama,,part,,,618,463,74.91909385113269
453,jälgima,,part,,,14521,10867,74.83644377109015
49,analüüsima,,part,,,3179,2379,74.83485372758729
926,külastama,,part,,,12368,9252,74.80595084087969
1020,liituma,,kom,,,7207,5389,74.77452476758707
1666,seirama,,part,,,416,311,74.75961538461539
2000,tuhnima,,in,,,304,227,74.67105263157895
373,imetlema,,part,,,1933,1439,74.4438696326953
2501,töötama,üles,part,,,187,139,74.33155080213903
833,käendama,,part,,,101,75,74.25742574257426
571,kasvatama,,part,,,8353,6199,74.212857655932
360,ihaldama,,part,,,946,701,74.1014799154334
2281,heitma,välja,el,,,239,177,74.05857740585773
779,kritiseerima,,part,,,5200,3851,74.0576923076923
2081,tüdinema,,el,,,851,630,74.03055229142186
396,jagama,,part,,,22824,16895,74.0229582895198
1439,pilama,,part,,,173,128,73.98843930635837
2411,ärritama,,part,,,2029,1501,73.97732873336619
1896,takistama,,part,,,11596,8576,73.9565367368058
603,keskendama,,all,,,115,85,73.91304347826086
1455,poetiseerima,,part,,,23,17,73.91304347826086
503,kadestama,,part,,,810,598,73.82716049382717
1590,resoneeruma,,kom,,,19,14,73.68421052631578
1376,parandama,,part,,,8227,6059,73.64774522912361
1698,seostama,,part,,,2179,1603,73.56585589720055
2080,tüdima,,el,,,911,669,73.43578485181119
699,kohutama,,part,,,470,345,73.40425531914893
1573,jääma,rahule,kom,,,5301,3891,73.40124504810413
2231,vigastama,,part,,,3315,2433,73.39366515837104
1902,taluma,,part,,,3325,2439,73.35338345864662
972,saama,lahti,el,,,3507,2571,73.31052181351583
1417,pettuma,,in,,,3692,2705,73.26652221018418
267,hangeldama,,kom,,,48,35,72.91666666666666
1770,solvama,,part,,,2367,1725,72.87705956907477
2035,tutvuma,,kom,,,6809,4956,72.78601850491995
1635,samastama,,kom,,,418,304,72.72727272727273
614,kiirendama,,part,,,2184,1584,72.52747252747253
231,haakuma,,kom,,,1986,1440,72.50755287009063
624,kimbutama,,part,,,1563,1133,72.48880358285349
1958,tipnema,,kom,,,838,607,72.43436754176611
1846,sügama,,part,,,508,367,72.24409448818898
2484,sõitma,üle,el,,,536,387,72.20149253731343
1860,süüdistama,,part,,,14263,10275,72.03954287316834
1362,pakkuma,,part,,,67218,48356,71.93906394120623
1287,nõustama,,part,,,1336,961,71.9311377245509
1673,sekundeerima,,all,,,822,591,71.8978102189781
1407,peituma,,in,,,7446,5346,71.7969379532635
2108,usaldama,,part,,,7114,5100,71.68962608940119
979,laiendama,,part,,,2300,1647,71.60869565217392
1567,rahastama,,part,,,2799,2002,71.52554483744194
108,avaldama,,part,,,39908,28530,71.48942567906185
2426,õnnistama,,part,,,733,524,71.48703956343793
1901,taltsutama,,part,,,217,155,71.42857142857143
311,hooldama,,part,,,905,645,71.27071823204419
1881,tõukama,tagant,part,,,177,126,71.1864406779661
1580,ravima,,part,,,2647,1884,71.17491499811108
1791,suhestama,,kom,,,38,27,71.05263157894737
424,joobuma,,el,,,69,49,71.01449275362319
7,adresseerima,,all,,,117,83,70.94017094017094
1941,teotama,,part,,,113,80,70.79646017699115
914,viilima,kõrvale,el,,,27,19,70.37037037037037
1731,simuleerima,,part,,,128,90,70.3125
1986,trahvima,,part,,,741,519,70.04048582995951
524,kahtlema,,in,,,8522,5961,69.94836892748181
379,imponeerima,,all,,,269,188,69.88847583643123
331,häirima,,part,,,10172,7105,69.84860401101062
561,karistama,,part,,,4665,3253,69.73204715969989
1697,seostama,,kom,,,2179,1519,69.71087654887563
75,arutama,,part,,,22921,15959,69.62610706339166
294,himustama,,part,,,471,327,69.42675159235668
190,eraldama,,part,,,6435,4467,69.41724941724942
1852,sümpatiseerima,,all,,,272,188,69.11764705882352
1634,sallima,,part,,,2820,1949,69.11347517730496
1310,ootama,,part,,,66154,45716,69.10542068506817
438,julgestama,,part,,,152,105,69.07894736842105
463,minema,järele,all,,,459,317,69.06318082788671
1768,solgutama,,part,,,42,29,69.04761904761905
1586,reklaamima,,part,,,2472,1704,68.93203883495146
771,korreleeruma,,kom,,,209,144,68.89952153110048
2189,varustama,,kom,,,1794,1234,68.78483835005575
2277,aitama,välja,el,,,763,524,68.67627785058977
150,hoidma,eemale,el,,,1002,688,68.6626746506986
1636,samastama,,part,,,418,287,68.6602870813397
2284,hüppama,välja,el,,,866,594,68.59122401847574
542,kammitsema,,part,,,482,330,68.46473029045643
1792,suhestama,,part,,,38,26,68.42105263157895
1616,rõhuma,,all,,,1747,1195,68.40297653119633
1783,sorima,,in,,,269,184,68.40148698884758
2116,usutlema,,part,,,142,97,68.30985915492957
84,arvustama,,part,,,985,672,68.2233502538071
2026,tunnetama,,part,,,3818,2603,68.17705605028812
29,jääma,alla,all,,,8352,5683,68.04358237547893
1235,nimetama,,part,,,37617,25575,67.98787782119786
2182,vapustama,,part,,,1238,840,67.85137318255249
195,erinema,,el,,,11313,7665,67.7539114293291
2103,unistama,,el,,,5841,3954,67.69388803287109
254,haletsema,,part,,,148,100,67.56756756756756
1393,kallama,peale,part,,,37,25,67.56756756756756
761,koputama,,all,,,1701,1149,67.54850088183422
1774,soojendama,,part,,,1285,867,67.47081712062257
929,kleepima,külge,all,,,46,31,67.3913043478261
633,kinkima,,all,,,7818,5264,67.3317984139166
461,jõudma,järele,all,,,1144,769,67.22027972027972
2352,võrdlema,,part,,,6671,4483,67.20131914255734
142,edestama,,part,,,5612,3767,67.1240199572345
418,janunema,,gen,järele,,291,195,67.0103092783505
113,briifima,,part,,,6,4,66.66666666666666
271,harmoneerima,,kom,,,18,12,66.66666666666666
457,olema,jännis,kom,,,3,2,66.66666666666666
623,kilistama,,kom,,,3,2,66.66666666666666
637,hakkama,kinni,el,,,159,106,66.66666666666666
1876,õhkama,taga,part,,,6,4,66.66666666666666
1878,innustama,tagant,part,,,6,4,66.66666666666666
2254,olema,villand,el,,,15,10,66.66666666666666
486,kaaluma,,part,,,13457,8962,66.59730995021178
2250,viivitama,,kom,,,742,494,66.57681940700809
557,kannustama,,part,,,576,383,66.49305555555556
1527,põdema,,part,,,4077,2710,66.47044395388765
1793,suhestuma,,kom,,,164,109,66.46341463414635
1997,tsiteerima,,part,,,3810,2530,66.40419947506561
774,kostitama,,kom,,,723,480,66.39004149377593
352,identifitseerima,,part,,,327,217,66.36085626911316
192,ergutama,,part,,,1183,784,66.27218934911244
613,kiinduma,,ill,,,378,250,66.13756613756614
2173,valmistuma,,tr,,,6823,4504,66.01201817382383
971,raputama,lahti,el,,,50,33,66
433,juhtima,,part,,,43307,28571,65.97316830997299
1623,ründama,,part,,,10046,6614,65.83714911407526
2447,ühtima,,kom,,,1085,714,65.80645161290323
1887,keerama,taha,all,,,38,25,65.78947368421053
295,hindama,,part,,,25614,16835,65.72577496681502
148,eelnema,,all,,,5241,3433,65.50276664758634
1640,sarnanema,,kom,,,5449,3563,65.38814461369059
1866,süüvima,,ill,,,312,204,65.38461538461539
2193,vastanduma,,all,,,1158,757,65.3713298791019
1790,sugereerima,,part,,,75,49,65.33333333333333
1733,sisendama,,part,,,1387,905,65.24873828406633
2172,seadma,valmis,nom,,,149,97,65.1006711409396
1814,sõbrustama,,kom,,,189,123,65.07936507936508
431,juhendama,,part,,,3021,1966,65.07778881165177
918,kõrvutama,,part,,,343,223,65.01457725947522
273,harmoniseeruma,,kom,,,20,13,65
46,alustama,,part,,,63173,41028,64.94546720909248
144,eeldama,,part,,,15153,9837,64.91783805187092
1166,muutuma,,tr,,,83556,54187,64.85111781320312
786,kujunema,,tr,,,25119,16227,64.60050161232533
719,sobitama,kokku,part,,,48,31,64.58333333333334
62,armastama,,part,,,19711,12725,64.55786109279083
879,kõlistama,,part,,,135,87,64.44444444444444
998,leierdama,,part,,,28,18,64.28571428571429
1644,sarnastama,,part,,,14,9,64.28571428571429
2196,käima,vastu,all,,,150,96,64
1694,seltsima,,kom,,,69,44,63.76811594202898
1765,sobitama,,part,,,355,226,63.66197183098592
2288,juhatama,välja,el,,,44,28,63.63636363636363
1495,jääma,puudu,el,,,4599,2912,63.31811263318112
952,küündima,,term,,,4765,3012,63.21091290661071
660,klapitama,,part,,,19,12,63.1578947368421
834,käiama,,part,,,57,36,63.1578947368421
2147,vahetama,,part,,,10633,6713,63.133640552995395
1885,müüma,tagasi,all,,,108,68,62.96296296296296
2349,olema,võlgu,all,,,1323,833,62.96296296296296
304,hirmutama,,part,,,1745,1098,62.922636103151866
1582,reageerima,,all,,,6605,4156,62.9220287660863
321,hurjutama,,part,,,344,216,62.7906976744186
2117,uudistama,,part,,,415,260,62.65060240963856
2190,varustama,,part,,,1794,1123,62.59754738015607
494,tundma,kaasa,all,,,1279,800,62.54886630179828
1741,hõõruma,sisse,kom,,,16,10,62.5
1750,määrima,sisse,kom,,,24,15,62.5
961,laenutama,,part,,,301,188,62.45847176079734
933,riputama,külge,all,,,37,23,62.16216216216216
1794,suhtlema,,kom,,,7151,4436,62.033282058453366
1893,tajuma,,part,,,4685,2901,61.92102454642476
689,kohanema,,kom,,,1379,853,61.85641769398115
531,kaitsma,,part,,,8629,5334,61.81481052265616
1646,sarnastuma,,kom,,,13,8,61.53846153846154
307,hoidma,,part,,,29673,18232,61.44306271694807
1795,suhtuma,,ill,,,13881,8527,61.429291837763856
655,kiusama,,part,,,1323,812,61.37566137566137
2298,kantima,välja,el,,,31,19,61.29032258064516
1252,nägema,,part,,,129412,79234,61.226161406979266
2428,õnnitlema,,part,,,1730,1059,61.213872832369944
2237,vihjama,,all,,,3700,2263,61.16216216216216
2296,kallama,välja,part,,,18,11,61.111111111111114
751,koonerdama,,kom,,,208,127,61.057692307692314
1000,ajama,ligi,all,,,41,25,60.97560975609756
2118,uurima,,part,,,21513,13113,60.953841863059544
892,olema,kõrini,el,,,28,17,60.71428571428571
1960,toestama,,part,,,140,85,60.71428571428571
1416,petma,,part,,,3475,2106,60.60431654676259
2192,vastama,,all,,,71373,43255,60.604150028722344
1068,lähenema,,all,,,5552,3363,60.57276657060518
818,kuulama,,part,,,17685,10711,60.56545094713034
220,valmistuma,ette,tr,,,152,92,60.526315789473685
217,teatama,ette,el,,,233,141,60.51502145922747
1440,pildistama,,part,,,1865,1128,60.48257372654155
2263,virgutama,,part,,,91,55,60.43956043956044
1143,motiveerima,,part,,,1083,654,60.387811634349035
1096,jooksma,maha,part,,,305,184,60.32786885245902
931,lööma,külge,all,,,146,88,60.273972602739725
1201,lendama,mööda,el,,,219,132,60.273972602739725
576,katsetama,,part,,,2463,1483,60.211124644742185
2291,jääma,välja,el,,,4067,2448,60.19178755839685
770,korrastama,,part,,,1050,631,60.09523809523809
908,juhtima,kõrvale,part,,,115,69,60
1072,läänistama,,all,,,5,3,60
1744,jootma,sisse,part,,,30,18,60
2381,harjuma,ära,kom,,,803,480,59.7758405977584
1570,rahuldama,,part,,,7408,4424,59.71922246220303
1535,põletama,,part,,,1676,996,59.427207637231504
1395,sattuma,peale,all,,,409,243,59.41320293398533
1422,pidurdama,,part,,,2518,1494,59.33280381254964
1003,pääsema,ligi,all,,,1008,598,59.32539682539682
2283,hääletama,välja,el,,,295,175,59.32203389830508
1569,olema,rahul,kom,,,18379,10877,59.181674737472115
658,klammerduma,,gen,külge,,414,245,59.17874396135265
2454,andma,üle,all,,,4563,2697,59.10585141354372
2512,kehastuma,ümber,tr,,,44,26,59.09090909090909
145,eelistama,,part,,,17876,10553,59.034459610651155
1912,tassima,,part,,,976,576,59.01639344262295
2445,ühilduma,,kom,,,273,161,58.97435897435898
1660,segama,,part,,,11442,6747,58.96696381751442
670,klõpsutama,,part,,,141,83,58.86524822695035
166,elatuma,,el,,,809,476,58.838071693448704
783,krõmpsutama,,part,,,34,20,58.82352941176471
2503,hoidma,üleval,part,,,34,20,58.82352941176471
1976,tonksama,,part,,,116,68,58.620689655172406
743,konsulteerima,,kom,,,1594,934,58.59473023839398
1232,neelduma,,in,,,123,72,58.536585365853654
465,tulema,järele,all,,,1328,776,58.43373493975904
1251,nuusutama,,part,,,692,404,58.38150289017341
1804,suudlema,,part,,,1932,1126,58.2815734989648
1533,põhjendama,,part,,,20189,11745,58.175243944722375
151,jääma,eemale,el,,,1353,787,58.1670362158167
406,jahmerdama,,kom,,,43,25,58.139534883720934
1101,jääma,maha,el,,,6475,3755,57.992277992278
1380,patroneerima,,part,,,19,11,57.89473684210527
1550,pöörduma,,gen,poole,,16813,9691,57.63992148932374
1441,pilkama,,part,,,236,136,57.6271186440678
1910,tarnima,,part,,,764,440,57.59162303664922
2466,kanduma,üle,all,,,313,180,57.50798722044729
1026,lohutama,,part,,,2433,1398,57.45992601726264
711,mäkerdama,kokku,kom,,,14,8,57.14285714285714
883,kõnnitama,,part,,,7,4,57.14285714285714
1001,litsuma,ligi,all,,,7,4,57.14285714285714
2309,saagima,välja,el,,,14,8,57.14285714285714
430,juhatama,,part,,,5222,2980,57.0662581386442
109,avalduma,,in,,,3502,1998,57.05311250713878
2151,vaimustuma,,el,,,759,433,57.04874835309618
1884,mõtlema,tagasi,all,,,135,77,57.03703703703704
1247,normaliseerima,,part,,,79,45,56.9620253164557
384,innustuma,,el,,,341,194,56.89149560117303
930,kleepuma,külge,all,,,44,25,56.81818181818182
1174,märkama,,part,,,16856,9563,56.73350735643095
2308,päästma,välja,el,,,83,47,56.62650602409639
1004,saama,ligi,all,,,414,234,56.52173913043478
1208,mürgitama,,part,,,340,192,56.470588235294116
1700,siduma,,part,,,6371,3596,56.44325851514675
1105,saama,maha,kom,,,1215,685,56.37860082304527
652,kirjeldama,,part,,,19884,11173,56.19090726212029
2325,õpetama,välja,part,,,248,139,56.048387096774185
2074,tõstma,,part,,,20888,11682,55.92684795097663
2476,olema,üle,el,,,469,262,55.863539445628994
559,karistama,,kom,,,4665,2604,55.81993569131832
1575,rahustama,,part,,,1875,1046,55.78666666666666
2100,ulatuma,,term,,,18230,10148,55.66648381788261
2522,ümmardama,,part,,,27,15,55.55555555555556
2220,veenma,,part,,,2518,1397,55.48054011119936
86,asendama,,part,,,6813,3778,55.452810802876854
1328,osalema,,ad,,,44466,24543,55.194980434489274
1559,püüdlema,,gen,poole,,1162,641,55.163511187607575
708,langema,kokku,kom,,,2506,1382,55.147645650438946
1200,kõndima,mööda,el,,,245,135,55.10204081632652
2045,panema,tähele,part,,,1407,774,55.010660980810236
2280,astuma,välja,el,,,2616,1436,54.89296636085626
1246,noomima,,part,,,536,294,54.850746268656714
2487,vedama,üle,part,,,31,17,54.83870967741935
2129,vabanema,,el,,,4978,2729,54.821213338690235
473,jätkama,,part,,,36162,19788,54.72042475526796
454,jõudma,jälile,all,,,11,6,54.54545454545454
1870,tabama,,part,,,27348,14914,54.53415240602604
2227,vestlema,,kom,,,3781,2059,54.45649299127216
1308,omastama,,part,,,469,255,54.37100213219617
2096,ulatama,,all,,,2825,1535,54.336283185840706
1755,sõitma,sisse,all,,,935,508,54.33155080213904
1005,tikkuma,ligi,all,,,70,38,54.285714285714285
793,kulmineerima,,kom,,,24,13,54.166666666666664
1924,teadvustama,,part,,,1563,845,54.06269993602047
1821,sõitlema,,part,,,63,34,53.96825396825397
2048,tähendama,,part,,,101051,54243,53.67883543953054
2458,hüppama,üle,el,,,112,60,53.57142857142857
383,innustama,,part,,,1841,986,53.55784899511136
1199,jalutama,mööda,el,,,142,76,53.52112676056338
426,joonduma,,gen,järgi,,148,79,53.37837837837838
683,kohandama,,part,,,436,232,53.21100917431193
395,jaatama,,part,,,98,52,53.06122448979592
1588,remontima,,part,,,972,515,52.9835390946502
377,immutama,,kom,,,51,27,52.94117647058824
2176,valvama,,part,,,3134,1658,52.90363752393108
2131,vabastama,,el,,,6648,3510,52.79783393501805
2017,tulistama,,part,,,6474,3415,52.7494593759654
819,kuuletuma,,all,,,351,185,52.70655270655271
495,kaasama,,part,,,867,456,52.595155709342556
853,käsitama,,es,,,544,286,52.57352941176471
1888,panema,taha,all,,,82,43,52.4390243902439
747,konverteerima,,tr,,,63,33,52.38095238095239
2077,tögama,,part,,,134,70,52.23880597014925
2267,viskama,,part,,,21195,11050,52.13493748525596
1086,lömitama,,gen,ees,,71,37,52.112676056338024
794,kulmineeruma,,kom,,,1251,651,52.038369304556355
1973,toituma,,el,,,1033,534,51.69409486931268
225,filmima,,part,,,861,445,51.68408826945412
508,kaebama,,gen,,,5297,2732,51.576363979611095
2508,üllatama,,part,,,7960,4104,51.55778894472361
1100,joonistama,maha,part,,,33,17,51.515151515151516
702,ajama,kokku,part,,,473,243,51.37420718816068
942,küllastuma,,el,,,411,211,51.338199513382
2317,vabandama,välja,part,,,131,67,51.14503816793893
1205,sõitma,mööda,el,,,889,454,51.06861642294713
928,jääma,külge,all,,,546,278,50.91575091575091
2205,tulema,vastu,all,,,3090,1569,50.77669902912621
540,kallistama,,part,,,1113,562,50.494159928122194
2195,hakkama,vastu,all,,,1577,793,50.285351934052
1933,teesklema,,part,,,712,357,50.14044943820225
2289,jätma,välja,el,,,1280,641,50.07812499999999
2051,täiendama,,part,,,6529,3266,50.02297442181038
5,abstraheeruma,,el,,,6,3,50
128,dislotseerima,,ad,,,2,1,50
385,interakteeruma,,kom,,,8,4,50
412,ajama,jalule,part,,,2,1,50
704,juhtuma,kokku,kom,,,170,85,50
830,kviteerima,,part,,,24,12,50
873,maksma,kätte,all,,,10,5,50
1063,nämmutama,läbi,part,,,2,1,50
1268,ajama,närvi,part,,,2,1,50
1855,sünkroniseeruma,,kom,,,8,4,50
1900,talluma,,ad,,,40,20,50
2090,tüütama,,part,,,642,321,50
2396,nihverdama,ära,el,,,2,1,50
2511,formeerima,ümber,tr,,,2,1,50
2514,kvalifitseerima,ümber,tr,,,10,5,50
1501,puutuma,,ill,,,11135,5563,49.95958688819039
716,põrkama,kokku,kom,,,3822,1897,49.633699633699635
2300,kooruma,välja,el,,,399,198,49.62406015037594
222,võtma,ette,part,,,6266,3109,49.6169805298436
1867,taandama,,part,,,580,285,49.137931034482754
2431,õpetama,,part,,,12340,6061,49.116693679092386
2348,jääma,võlgu,all,,,644,316,49.06832298136646
1114,maiustama,,kom,,,151,74,49.00662251655629
1458,polemiseerima,,kom,,,84,41,48.80952380952381
198,kutsuma,esile,part,,,2622,1278,48.74141876430206
525,kahtlustama,,part,,,6105,2969,48.632268632268634
1023,lisanduma,,all,,,16471,8010,48.63092708396576
266,hammustama,,part,,,1783,864,48.45765563656758
39,minema,alt,kom,,,471,228,48.40764331210191
718,sattuma,kokku,kom,,,517,250,48.35589941972921
2285,jooksma,välja,el,,,671,324,48.28614008941878
209,jõudma,ette,el,,,812,392,48.275862068965516
2446,ühinema,,kom,,,10005,4827,48.245877061469265
1290,nõustuma,,kom,,,17232,8291,48.11397400185701
20,akrediteerima,,part,,,52,25,48.07692307692308
472,järgnema,,all,,,27434,13145,47.9149959903769
1056,laskma,läbi,part,,,1335,639,47.86516853932584
2368,võõrutama,,part,,,67,32,47.76119402985074
705,klappima,kokku,kom,,,155,74,47.74193548387097
1040,lugema,,part,,,41320,19712,47.70571151984511
35,vanduma,alla,all,,,202,96,47.524752475247524
1978,tonksama,,kom,,,116,55,47.41379310344828
1880,lükkama,tagant,part,,,55,26,47.27272727272727
1468,praadima,,part,,,586,277,47.269624573378834
230,grillima,,part,,,201,95,47.2636815920398
1338,osundama,,all,,,248,117,47.17741935483871
268,harjuma,,kom,,,9295,4380,47.1221086605702
2338,võistlema,,in,,,8130,3828,47.08487084870849
586,keelitama,,part,,,400,188,47
909,juhtima,kõrvale,abl,,,115,54,46.95652173913044
721,trehvama,kokku,kom,,,32,15,46.875
2463,kallama,üle,part,,,96,45,46.875
1203,minema,mööda,el,,,2511,1177,46.873755475906016
1340,osutama,,all,,,10012,4685,46.79384738314023
2278,ajama,välja,part,,,1195,558,46.69456066945607
335,hävima,,in,,,4728,2207,46.679357021996616
91,asetama,,all,,,4290,1991,46.41025641025641
1390,hüppama,peale,all,,,97,45,46.391752577319586
358,igatsema,,part,,,2567,1190,46.35761589403973
1315,oponeerima,,all,,,212,98,46.22641509433962
2526,žongleerima,,kom,,,39,18,46.15384615384615
362,ihkama,,part,,,4147,1907,45.9850494333253
196,eristama,,el,,,2839,1304,45.93166607960549
337,hääletama,,gen,poolt,,10267,4707,45.84591409369826
2423,õnnestuma,,ad,,,44996,20614,45.81296115210241
980,laimama,,part,,,354,162,45.76271186440678
796,kuluma,,tr,,,28832,13193,45.758185349611544
185,ennistama,,all,,,234,107,45.72649572649573
1258,näitama,,part,,,95743,43735,45.6795797081771
47,amelema,,kom,,,92,42,45.65217391304348
1329,osalema,,in,,,44466,20282,45.61237799667162
2449,ühtlustama,,part,,,318,145,45.59748427672956
2091,uhkeldama,,kom,,,358,163,45.530726256983236
462,kiitma,järele,all,,,11,5,45.45454545454545
2496,kloppima,üles,part,,,11,5,45.45454545454545
2374,armuma,ära,ill,,,84,38,45.23809523809524
53,andestama,,all,,,1190,537,45.12605042016807
186,ennustama,,part,,,10667,4804,45.03609262210556
458,aitama,järele,part,,,40,18,45
28,hüppama,alla,el,,,563,253,44.93783303730018
1043,ajama,läbi,kom,,,365,164,44.93150684931507
580,kauplema,,kom,,,1436,644,44.84679665738162
666,klõbistama,,part,,,252,113,44.84126984126984
668,klõpsima,,part,,,199,89,44.72361809045226
106,autasustama,,kom,,,611,273,44.680851063829785
1875,rääkima,taga,part,,,130,58,44.61538461538462
643,saama,kinni,el,,,359,160,44.56824512534819
226,fokuseerima,,all,,,36,16,44.44444444444444
1002,pressima,ligi,all,,,9,4,44.44444444444444
735,kompenseerima,,part,,,1798,799,44.43826473859844
135,jõudma,edasi,in,,,430,191,44.41860465116279
2351,võrdlema,,kom,,,6671,2940,44.0713536201469
710,minema,kokku,kom,,,2211,973,44.007236544549976
1130,meenutama,,part,,,41391,18195,43.9588316300645
620,kiitma,,part,,,19564,8598,43.94806787977919
252,halastama,,all,,,526,231,43.91634980988593
440,julgustama,,part,,,1758,772,43.91353811149033
857,käsutama,,part,,,852,374,43.89671361502347
2302,lõikama,välja,el,,,499,219,43.8877755511022
2319,valama,välja,part,,,244,107,43.85245901639344
2208,vaidlema,vastu,all,,,2100,920,43.80952380952381
599,keppima,,part,,,571,249,43.6077057793345
456,jääma,jänni,kom,,,39,17,43.58974358974359
2199,panema,vastu,all,,,381,166,43.569553805774284
746,kontsentreeruma,,all,,,248,108,43.54838709677419
639,hoidma,kinni,part,,,3465,1507,43.492063492063494
1886,tagastama,,all,,,1702,737,43.30199764982374
11,ahvima,,part,,,97,42,43.29896907216495
1701,siduma,,kom,,,6371,2757,43.274211269816355
662,klatšima,,part,,,37,16,43.24324324324324
1317,orienteeruma,,all,,,731,316,43.22845417236662
2272,vormuma,,tr,,,220,95,43.18181818181818
155,ehmatama,,part,,,2421,1042,43.040066088393225
2409,ärgitama,,part,,,1352,580,42.89940828402367
899,kõristama,,part,,,7,3,42.857142857142854
1093,magatama,,part,,,63,27,42.857142857142854
1427,saama,pihta,all,,,1939,831,42.857142857142854
1784,sorkima,,in,,,42,18,42.857142857142854
2498,laulma,üles,part,,,7,3,42.857142857142854
215,nägema,ette,part,,,18235,7777,42.64875239923225
1169,mäletama,,part,,,31293,13239,42.30658613747483
966,lahkuma,,el,,,30787,13009,42.25484782538084
1942,teretama,,part,,,483,204,42.2360248447205
975,lahutama,,el,,,3584,1513,42.215401785714285
1909,tarnima,,all,,,764,322,42.14659685863874
445,jutlustama,,part,,,402,169,42.039800995024876
2361,võtma,,part,,,157471,66183,42.028690997072474
1556,pühkima,,part,,,2329,976,41.906397595534564
707,käima,kokku,kom,,,793,332,41.86633039092055
2354,võrdsustama,,kom,,,385,161,41.81818181818181
2372,ähvardama,,part,,,16968,7094,41.80810938236681
1979,tooma,,part,,,68834,28569,41.504198506551994
730,kommenteerima,,part,,,18829,7803,41.44139359498646
686,kohanduma,,kom,,,116,48,41.37931034482759
2312,tegema,välja,el,,,1946,800,41.109969167523126
2333,väsitama,,part,,,957,392,40.96133751306165
83,arvestama,,part,,,14602,5960,40.816326530612244
1631,sahkerdama,,kom,,,108,44,40.74074074074074
1119,manitsema,,part,,,1627,660,40.56545789797173
1035,loovutama,,all,,,2868,1162,40.516039051603904
1067,läbima,,part,,,13938,5646,40.50796383986225
493,sõitma,kaasa,kom,,,460,186,40.43478260869565
1667,seisma,,in,,,45701,18463,40.399553620270886
449,juurdlema,,gen,üle,,352,142,40.340909090909086
1949,tiirlema,,gen,ümber,,1249,503,40.27221777421938
2171,seadma,valmis,tr,,,149,60,40.26845637583892
2455,astuma,üle,el,,,351,141,40.17094017094017
404,jagunema,,tr,,,5877,2358,40.12251148545176
270,harjutama,,part,,,6419,2575,40.115282754323104
785,kujundama,,part,,,5084,2038,40.08654602675059
663,klobistama,,kom,,,5,2,40
664,klobistama,,part,,,5,2,40
732,kommunikeerima,,part,,,10,4,40
872,maksma,kätte,gen,eest,,10,4,40
1147,mugandama,,part,,,50,20,40
1394,kargama,peale,all,,,15,6,40
2477,ostma,üle,part,,,20,8,40
2241,viibima,,ad,,,21100,8433,39.96682464454977
1318,orjama,,part,,,106,42,39.62264150943396
1018,liitma,,part,,,1368,542,39.61988304093567
1409,peksma,,part,,,7426,2939,39.57716132507406
519,kahetsema,,part,,,6135,2421,39.46210268948655
2070,tõrelema,,kom,,,117,46,39.31623931623932
152,tõukama,eemale,el,,,199,78,39.19597989949749
489,kiitma,kaasa,all,,,23,9,39.130434782608695
66,armuma,,ill,,,3189,1247,39.10316713703355
1908,tarima,,part,,,187,73,39.037433155080215
1373,panustama,,all,,,1044,407,38.984674329501914
1664,segunema,,kom,,,1194,465,38.94472361809046
126,diskuteerima,,gen,üle,,208,81,38.94230769230769
2140,tõmbama,vahele,part,,,36,14,38.88888888888889
2143,võtma,vahele,part,,,90,35,38.88888888888889
591,keerlema,,gen,ümber,,1611,626,38.85785226567349
9,agiteerima,,part,,,168,65,38.69047619047619
1157,murdma,,part,,,6677,2582,38.670061404822526
2406,ütlema,ära,el,,,2453,948,38.64655523848349
638,hoidma,kinni,el,,,3465,1339,38.64357864357864
1184,mõistma,,part,,,31394,12083,38.488246161686945
227,fokusseerima,,all,,,13,5,38.46153846153847
913,tõmbuma,kõrvale,el,,,115,44,38.26086956521739
820,kuulma,,part,,,47627,18206,38.226216221890944
541,kamandama,,part,,,996,380,38.152610441767074
2120,vaatama,,part,,,78848,29948,37.981939935064936
828,kuulutama,,tr,,,12680,4812,37.94952681388013
1187,mõjuma,,all,,,22316,8428,37.76662484316186
1052,jooksma,läbi,el,,,912,344,37.719298245614034
289,helistama,,all,,,19038,7176,37.69303498266625
93,assotsieeruma,,kom,,,588,221,37.58503401360544
1988,treenima,,part,,,4148,1558,37.560270009643205
829,kviteerima,,kom,,,24,9,37.5
2219,veenma,,in,,,2518,944,37.4900714853058
2305,minema,välja,el,,,4540,1698,37.40088105726872
564,kartma,,part,,,30355,11347,37.38099159940702
386,investeerima,,ill,,,5218,1950,37.370640091989266
2330,värvima,,tr,,,1221,456,37.34643734643734
860,kätlema,,part,,,156,58,37.17948717948718
1170,mängima,,part,,,64766,23958,36.99163141154309
1589,resoneerima,,kom,,,30,11,36.666666666666664
1285,olema,nõus,kom,,,27610,10087,36.53386454183266
2198,olema,vastu,all,,,1393,505,36.252692031586506
2071,tõrjuma,,part,,,4363,1580,36.213614485445795
1826,sõnelema,,kom,,,58,21,36.206896551724135
1047,hüppama,läbi,el,,,83,30,36.144578313253014
139,lükkama,edasi,part,,,2705,977,36.118299445471344
693,kohtuma,,kom,,,30369,10956,36.0762619776746
118,debateerima,,gen,üle,,25,9,36
2215,vedama,,ad,,,13225,4757,35.969754253308125
2441,ühenduma,,kom,,,103,37,35.92233009708738
2432,õppima,,part,,,31748,11400,35.90777371802948
328,häbenema,,part,,,2437,871,35.74066475174395
1645,sarnastama,,kom,,,14,5,35.714285714285715
1785,sorkima,,kom,,,42,15,35.714285714285715
2204,tegutsema,vastu,all,,,28,10,35.714285714285715
1591,riidlema,,kom,,,351,125,35.61253561253561
2137,jääma,vahele,kom,,,6113,2175,35.579911663667595
712,mängima,kokku,kom,,,302,107,35.430463576158935
2270,volitama,,part,,,862,305,35.382830626450115
673,kogema,,part,,,8576,3031,35.3428171641791
2339,võistlema,,ad,,,8130,2867,35.26445264452644
1392,kallama,peale,all,,,37,13,35.13513513513514
1798,surkima,,in,,,37,13,35.13513513513514
882,kõnelema,,el,,,11036,3874,35.10329829648423
1734,sisendama,,all,,,1387,485,34.967555875991344
1079,lõhnama,,gen,järele,,1589,551,34.67589679043424
2473,minema,üle,all,,,2810,973,34.62633451957296
1044,astuma,läbi,el,,,748,259,34.62566844919786
1249,nussima,,part,,,260,90,34.61538461538461
1095,hüppama,maha,abl,,,136,47,34.55882352941176
1572,jätma,rahule,part,,,1187,409,34.45661331086774
468,jõudma,järgi,all,,,32,11,34.375
2224,venitama,,part,,,1993,684,34.32012042147517
2092,uhkustama,,kom,,,418,143,34.21052631578947
1391,juhtuma,peale,all,,,47,16,34.04255319148936
641,olema,kinni,in,,,2628,893,33.98021308980213
745,kontsentreerima,,all,,,56,19,33.92857142857143
347,hüvitama,,part,,,1653,560,33.8777979431337
1273,näägutama,,gen,kallal,,62,21,33.87096774193548
919,kõrvutama,,kom,,,343,116,33.819241982507286
755,seisma,koos,el,,,89,30,33.70786516853933
2136,vahelduma,,kom,,,1475,494,33.49152542372881
1382,patustama,,kom,,,466,156,33.47639484978541
799,kummardama,,part,,,977,327,33.469805527123846
107,autoriseerima,,part,,,9,3,33.33333333333333
260,olema,hambus,ad,,,3,1,33.33333333333333
343,hõõgama,,part,,,9,3,33.33333333333333
354,identima,,part,,,3,1,33.33333333333333
622,kilistama,,part,,,3,1,33.33333333333333
1008,liialdama,,kom,,,660,220,33.33333333333333
1574,sundima,rahule,part,,,3,1,33.33333333333333
1853,sünkima,,kom,,,3,1,33.33333333333333
2520,valima,ümber,part,,,3,1,33.33333333333333
2499,ostma,üles,part,,,220,73,33.18181818181819
1883,kohkuma,tagasi,el,,,193,64,33.160621761658035
757,kooskõlastama,,part,,,1185,391,32.9957805907173
1400,peatuma,,ad,,,8693,2868,32.99206257908662
2355,võrdsustuma,,kom,,,262,86,32.82442748091603
632,kinkima,,part,,,7818,2560,32.74494755691993
1601,riputama,,all,,,1332,432,32.432432432432435
1990,trehvama,,part,,,421,136,32.304038004750595
229,garanteerima,,part,,,2429,782,32.194318649650064
993,laveerima,,gen,vahel,,87,28,32.18390804597701
694,kohustama,,part,,,4013,1290,32.14552703712933
2363,võõrandama,,part,,,333,107,32.13213213213213
1579,raporteerima,,el,,,523,168,32.122370936902485
1388,hakkama,peale,kom,,,1570,504,32.101910828025474
466,vaatama,järele,all,,,574,183,31.881533101045296
2157,vaktsineerima,,gen,vastu,,120,38,31.666666666666664
2303,meelitama,välja,abl,,,237,75,31.645569620253166
1695,seondama,,kom,,,19,6,31.57894736842105
2311,sööma,välja,part,,,133,42,31.57894736842105
2201,saama,vastu,all,,,1358,425,31.2960235640648
1397,valama,peale,part,,,192,60,31.25
1405,peenutsema,,kom,,,16,5,31.25
207,hoiatama,ette,part,,,167,52,31.137724550898206
203,esitama,,all,,,66906,20769,31.042059008160706
459,andma,järele,all,,,1801,557,30.927262631871184
1094,hüppama,maha,el,,,136,42,30.88235294117647
1103,niitma,maha,part,,,94,29,30.851063829787233
2170,jõudma,valmis,kom,,,357,110,30.81232492997199
114,dateerima,,part,,,39,12,30.76923076923077
2518,ristima,ümber,tr,,,13,4,30.76923076923077
985,laskuma,,all,,,1897,582,30.680021085925148
1123,mattuma,,gen,alla,,744,228,30.64516129032258
317,hooplema,,kom,,,281,86,30.604982206405694
2467,kasvama,üle,tr,,,183,56,30.601092896174865
2493,keerama,üles,part,,,134,41,30.597014925373134
608,vedama,kihla,gen,peale,,118,36,30.508474576271187
617,kiitlema,,kom,,,505,154,30.495049504950494
2345,võitma,,in,,,78783,24012,30.47865656296409
2086,tülitsema,,kom,,,786,239,30.407124681933844
706,kolima,kokku,kom,,,53,16,30.18867924528302
447,jutustama,,el,,,7156,2160,30.184460592509783
2380,elatuma,ära,el,,,10,3,30
1767,soetama,,all,,,1728,518,29.976851851851855
1162,muretsema,,gen,pärast,,7599,2273,29.911830504013686
204,esitama,,part,,,66906,19912,29.76115744477326
549,kanduma,,all,,,2034,603,29.646017699115045
2495,kihutama,üles,part,,,44,13,29.545454545454547
851,võtma,käsile,part,,,202,59,29.207920792079207
1356,paiknema,,ad,,,6086,1776,29.181728557344726
1856,sünkroonima,,kom,,,240,70,29.166666666666668
723,viima,kokku,kom,,,854,249,29.156908665105384
444,jutlustama,,el,,,402,117,29.1044776119403
653,kisklema,,gen,pärast,,86,25,29.069767441860467
516,kaevuma,,ill,,,148,43,29.054054054054053
680,kohalduma,,all,,,93,27,29.03225806451613
1618,rõhutama,,part,,,22812,6615,28.997895844292476
3,abielluma,,kom,,,5572,1609,28.876525484565686
1761,sobima,,all,,,43171,12453,28.845752935998703
810,kurvastama,,part,,,1471,424,28.82392929979606
1849,sülitama,,all,,,1170,337,28.8034188034188
1805,suunama,,all,,,3879,1116,28.770301624129928
2232,vihastama,,part,,,1998,572,28.628628628628626
2510,arvutama,ümber,ill,,,21,6,28.57142857142857
140,otsima,edasi,part,,,102,29,28.431372549019606
1670,sekkuma,,ill,,,4254,1204,28.30277385989657
2391,kuluma,ära,all,,,2555,722,28.25831702544031
824,kuuluma,,all,,,100027,28226,28.218381037119975
1050,jalutama,läbi,el,,,117,33,28.205128205128204
478,jääma,,tr,,,303012,85378,28.176441857088168
1339,osutama,,part,,,10012,2811,28.07630842988414
2480,pingutama,üle,kom,,,760,213,28.02631578947368
2332,väsima,,el,,,7135,1999,28.01681850035039
232,haarduma,,ill,,,25,7,28.000000000000004
233,haarduma,,kom,,,25,7,28.000000000000004
597,kelkima,,kom,,,175,49,28.000000000000004
607,vedama,kihla,kom,,,118,33,27.966101694915253
797,kulutama,,all,,,9531,2663,27.940404994229358
1084,lõppema,,kom,,,38871,10835,27.874250726762885
2425,õnnistama,,kom,,,733,204,27.83083219645293
2297,kallama,välja,el,,,18,5,27.77777777777778
1354,paigutama,,ill,,,2985,828,27.738693467336685
2138,rääkima,vahele,all,,,29,8,27.586206896551722
2403,väsitama,ära,part,,,229,63,27.510917030567683
2429,õnnitlema,,gen,puhul,,1730,475,27.45664739884393
1046,helistama,läbi,part,,,124,34,27.419354838709676
957,laekuma,,all,,,18193,4972,27.32919254658385
82,arvestama,,kom,,,14602,3989,27.318175592384602
1524,päästma,,el,,,8380,2288,27.30310262529833
1,aasima,,part,,,176,48,27.27272727272727
122,dekoreerima,,kom,,,33,9,27.27272727272727
1057,libisema,läbi,el,,,55,15,27.27272727272727
2293,jõudma,välja,term,,,1281,349,27.24434035909446
191,eraldama,,all,,,6435,1749,27.17948717948718
428,joovastuma,,el,,,59,16,27.11864406779661
1370,panema,,all,,,112571,30339,26.950990930168516
2206,tulema,vastu,in,,,3090,827,26.763754045307444
553,kannatama,,part,,,14294,3812,26.66853225129425
2500,tegema,üles,part,,,94,25,26.595744680851062
34,vajutama,alla,part,,,53,14,26.41509433962264
2404,väänama,ära,part,,,19,5,26.31578947368421
1314,opereerima,,kom,,,1262,331,26.22820919175911
236,hagema,,part,,,103,27,26.21359223300971
469,minema,järgi,all,,,23,6,26.08695652173913
1476,proovima,,part,,,21639,5635,26.04094459078516
960,laenama,,all,,,3159,819,25.925925925925924
885,kõrbema,,in,,,600,155,25.833333333333336
756,kooskõlastama,,kom,,,1185,306,25.82278481012658
2353,võrdsustama,,part,,,385,99,25.71428571428571
213,lugema,ette,all,,,2642,679,25.7002271006813
116,dateerima,,kom,,,39,10,25.64102564102564
1368,panema,,part,,,112571,28758,25.5465439589237
305,hoiatama,,part,,,11705,2986,25.510465612985904
189,eraldama,,el,,,6435,1626,25.26806526806527
2162,valima,,tr,,,32106,8112,25.26630536348346
839,käima,,ad,,,155358,39206,25.23590674442256
1064,saama,läbi,kom,,,6597,1660,25.162952857359404
2507,üllatama,,kom,,,7960,2002,25.15075376884422
224,fikseerima,,part,,,1820,456,25.054945054945055
322,hurmuma,,el,,,4,1,25
859,kätlema,,kom,,,156,39,25
1153,muganema,,tr,,,4,1,25
1740,hõõruma,sisse,part,,,16,4,25
2383,hiilima,ära,el,,,16,4,25
2079,töötama,,es,,,74420,18543,24.916689062080085
724,võtma,kokku,part,,,4893,1218,24.892703862660944
964,minema,lahku,el,,,2142,533,24.88328664799253
1288,nõustama,,in,,,1336,332,24.850299401197603
2460,jooksma,üle,el,,,165,41,24.848484848484848
876,kõlbama,,tr,,,6379,1582,24.800125411506503
681,kohandama,,all,,,436,108,24.770642201834864
1466,poseerima,,all,,,1095,269,24.5662100456621
1622,röövima,,abl,,,5188,1274,24.556669236700078
136,kanduma,edasi,all,,,410,100,24.390243902439025
153,leidma,eest,part,,,760,185,24.342105263157894
2247,viipama,,kom,,,870,211,24.25287356321839
1922,teadma,,part,,,230392,55792,24.216118615229696
349,hüvitama,,all,,,1653,400,24.198427102238355
1620,rõõmustama,,part,,,9526,2301,24.154944362796556
1609,ronima,,all,,,4714,1134,24.0560033941451
117,debateerima,,kom,,,25,6,24
1737,häkkima,sisse,ill,,,25,6,24
2344,võitlema,,gen,eest,,10657,2556,23.984235713615465
1098,jooksma,maha,abl,,,305,73,23.934426229508198
973,siduma,lahti,el,,,46,11,23.91304347826087
1062,mõtlema,läbi,part,,,537,128,23.83612662942272
2398,panema,ära,all,,,1007,240,23.833167825223438
1186,mõjuma,,es,,,22316,5257,23.557089084065243
1104,rääkima,maha,part,,,34,8,23.52941176470588
1089,lükkama,,part,,,5946,1398,23.511604439959637
1671,seksima,,kom,,,1081,254,23.496762257169287
1766,sobitama,,kom,,,355,83,23.380281690140844
2324,viskama,välja,part,,,1935,452,23.359173126614987
1598,käima,ringi,kom,,,2663,622,23.357116034547502
560,karistama,,gen,eest,,4665,1087,23.30117899249732
2225,venitama,,kom,,,1993,464,23.28148519819368
1576,rajama,,all,,,4287,998,23.279682761838117
286,heitlema,,kom,,,907,211,23.26350606394708
1806,suunduma,,all,,,5915,1374,23.229078613694
1613,rääkima,,el,,,203750,47210,23.170552147239263
2200,pidama,vastu,all,,,7757,1796,23.153280907567357
95,asuma,,ad,,,77239,17843,23.101024094045755
2243,viima,,part,,,51505,11894,23.09290360159208
2158,valama,,all,,,3175,732,23.05511811023622
1780,soovima,,part,,,90141,20740,23.008397954316013
1520,pääsema,,all,,,43614,10009,22.94905305635805
2378,elama,ära,el,,,1082,248,22.920517560073936
742,konsulteerima,,part,,,1594,365,22.898368883312422
1553,pöörduma,,kom,,,16813,3844,22.86326057217629
1854,sünkroniseerima,,kom,,,35,8,22.857142857142858
422,jaotama,,tr,,,973,221,22.713257965056528
2149,vaidlema,,gen,üle,,3772,855,22.667020148462356
826,kuulutama,,part,,,12680,2874,22.665615141955836
391,istuma,,ad,,,40527,9185,22.663903076961038
2027,tunnistama,,part,,,65726,14852,22.596841432614188
366,ilkuma,,gen,üle,,196,44,22.448979591836736
32,neelama,alla,part,,,738,165,22.35772357723577
56,anduma,,all,,,945,210,22.22222222222222
2088,tülpima,,el,,,153,34,22.22222222222222
1180,määrama,,tr,,,21896,4827,22.045122396784798
729,komistama,,gen,otsa,,1018,224,22.00392927308448
1823,sõitma,,kom,,,61901,13612,21.98995169706467
2364,võõrandama,,all,,,333,73,21.92192192192192
283,kiitma,heaks,part,,,4828,1055,21.851698425849214
1757,valama,sisse,all,,,55,12,21.818181818181817
1995,trügima,,all,,,1218,265,21.75697865353038
502,kaasuma,,all,,,83,18,21.686746987951807
2316,tulema,välja,el,,,24852,5381,21.65218091099308
1547,põrutama,,part,,,2685,579,21.564245810055866
482,jõudma,,all,,,136280,29383,21.560757264455532
1122,mattuma,,ill,,,744,160,21.50537634408602
2323,vihastama,välja,part,,,121,26,21.487603305785125
1639,sanktsioneerima,,part,,,135,29,21.48148148148148
306,hoiatama,,gen,eest,,11705,2513,21.46945749679624
1577,rajanema,,all,,,1148,246,21.428571428571427
676,kogunema,,all,,,18062,3859,21.365297309268076
2343,võitlema,,kom,,,10657,2276,21.356854649526134
464,mõtlema,järele,gen,üle,,835,178,21.317365269461078
911,põikama,kõrvale,gen,eest,,47,10,21.27659574468085
1383,patustama,,gen,vastu,,466,99,21.244635193133046
2019,tundma,,es,,,80338,17033,21.20167293186288
959,laenama,,abl,,,3159,669,21.17758784425451
1544,põrkuma,,all,,,1160,245,21.120689655172413
1139,minema,,ill,,,310534,65562,21.11266399170461
1764,sobima,,tr,,,43171,9093,21.06275045748303
1367,palvetama,,gen,eest,,898,189,21.046770601336302
1534,põhjendama,,kom,,,20189,4248,21.04116102828273
720,sobitama,kokku,kom,,,48,10,20.833333333333336
1817,sõdima,,gen,vastu,,1888,393,20.815677966101696
1643,sarnanema,,all,,,5449,1132,20.774454028262067
1053,kukkuma,läbi,ad,,,2401,498,20.741357767596835
772,korrutama,,kom,,,950,196,20.63157894736842
943,küsima,,part,,,64508,13251,20.54163824641905
684,kohandama,,tr,,,436,89,20.412844036697248
194,erinema,,gen,poolest,,11313,2303,20.357111287898878
665,klõbistama,,kom,,,252,51,20.238095238095237
1073,läänistama,,part,,,5,1,20
1789,sugereerima,,all,,,75,15,20
2402,viilima,ära,el,,,5,1,20
2475,nuusutama,üle,part,,,20,4,20
419,janunema,,part,,,291,58,19.93127147766323
1212,müüma,,all,,,24007,4777,19.898362977464906
1987,trahvima,,gen,eest,,741,147,19.838056680161944
1080,lõikama,,tr,,,5032,986,19.594594594594593
690,kohkuma,,el,,,563,110,19.538188277087034
1480,puhastama,,el,,,2383,462,19.387326898866974
1214,naasma,,all,,,8057,1553,19.27516445327045
535,kaklema,,kom,,,1324,255,19.259818731117825
593,kehtestama,,part,,,9773,1880,19.236672464954466
642,pidama,kinni,el,,,9091,1747,19.21680783192168
1816,sõdima,,kom,,,1888,360,19.06779661016949
417,jalutama,,part,,,3525,672,19.06382978723404
1545,põrkuma,,kom,,,1160,221,19.051724137931032
1459,polemiseerima,,gen,üle,,84,16,19.047619047619047
1787,spekuleerima,,kom,,,562,107,19.03914590747331
661,klappima,,kom,,,2449,465,18.9873417721519
388,irvitama,,gen,üle,,1120,212,18.928571428571427
1149,muganduma,,kom,,,85,16,18.823529411764707
1674,seletama,,part,,,18178,3414,18.78094399823963
1519,pääsema,,el,,,43614,8180,18.755445499151648
2392,leppima,ära,kom,,,400,75,18.75
2013,tulema,,ad,,,631483,118329,18.73827165576904
678,kohaldama,,gen,suhtes,,1240,232,18.70967741935484
2207,vaidlema,vastu,in,,,2100,390,18.571428571428573
1847,sügelema,,ad,,,388,72,18.556701030927837
1558,panema,püsti,part,,,739,137,18.538565629228685
2097,ulatama,,part,,,2825,523,18.513274336283185
969,kiskuma,lahti,el,,,200,37,18.5
1514,pärinema,,abl,,,11555,2128,18.416270012981393
1940,tellima,,abl,,,9884,1819,18.4034803723189
984,langema,,all,,,36357,6678,18.367852133014274
149,eemaldama,,abl,,,2083,380,18.242918867018723
2037,tutvustama,,all,,,13381,2437,18.212390703235933
94,astuma,,all,,,24188,4397,18.17843558789482
2056,täituma,,kom,,,4544,826,18.17781690140845
947,küsima,,abl,,,64508,11726,18.177590376387425
1542,põrkama,,all,,,1156,210,18.166089965397923
2478,pakkuma,üle,kom,,,221,40,18.099547511312217
609,kihluma,,kom,,,227,41,18.06167400881057
2242,viima,,all,,,51505,9275,18.00796039219493
2112,uskuma,,part,,,76958,13849,17.99553002936667
1982,tormama,,all,,,4191,754,17.990932951562876
2236,vihastuma,,gen,peale,,139,25,17.985611510791365
1611,ruttama,,all,,,1632,293,17.95343137254902
682,kohandama,,kom,,,436,78,17.889908256880734
1499,puutuma,,part,,,11135,1981,17.790749887741356
2437,ööbima,,ad,,,1403,248,17.67640769779045
2313,tegema,välja,all,,,1946,342,17.574511819116136
2465,kanduma,üle,ill,,,313,55,17.57188498402556
351,hüüdma,,part,,,5397,946,17.528256438762273
2223,vehklema,,kom,,,389,68,17.480719794344473
2384,hirmutama,ära,part,,,189,33,17.46031746031746
822,kuulma,,el,,,47627,8298,17.42289037730699
907,juhtima,kõrvale,el,,,115,20,17.391304347826086
1460,pommitama,,kom,,,1286,223,17.34059097978227
1059,lööma,läbi,ad,,,995,172,17.28643216080402
2128,vabandama,,gen,ees,,7725,1329,17.20388349514563
1597,jooksma,ringi,ad,,,753,129,17.131474103585656
1999,tuginema,,ad,,,3757,641,17.061485227575194
1102,kirjutama,maha,gen,pealt,,206,35,16.990291262135923
1181,määrama,,all,,,21896,3709,16.93916697113628
814,kutsuma,,all,,,30033,5084,16.92804581626877
1215,naasma,,abl,,,8057,1362,16.90455504530222
501,kaasuma,,kom,,,83,14,16.867469879518072
392,istutama,,all,,,1135,191,16.82819383259912
2314,tooma,välja,el,,,6267,1054,16.81825434817297
2252,vilistama,,all,,,1221,205,16.78951678951679
1351,pahandama,,part,,,3763,628,16.688812117990963
363,iiveldama,,ad,,,18,3,16.666666666666664
1220,minema,nahka,gen,,,6,1,16.666666666666664
1372,panustama,,ill,,,1044,174,16.666666666666664
2488,viima,üle,all,,,120,20,16.666666666666664
1820,sõimama,,tr,,,2594,429,16.53816499614495
1337,osundama,,part,,,248,41,16.532258064516128
1938,tegutsema,,es,,,28790,4732,16.436262591177492
45,alustama,,kom,,,63173,10373,16.41998955249869
2078,töötama,,ad,,,74420,12188,16.3773179252889
1781,soovitama,,part,,,39902,6524,16.350057641220992
1624,saabuma,,all,,,32308,5268,16.305558994676243
1950,tiirutama,,gen,ümber,,712,116,16.292134831460675
31,minema,alla,ad,,,992,161,16.22983870967742
1016,liitma,,kom,,,1368,220,16.08187134502924
577,katsuma,,part,,,5233,841,16.07108733040321
2139,segama,vahele,all,,,337,54,16.023738872403563
2318,vahetama,välja,part,,,2553,409,16.020368194281236
1082,lõpetama,,kom,,,46006,7370,16.019649610920315
210,kandma,ette,el,,,1224,196,16.013071895424837
703,elama,kokku,kom,,,350,56,16
85,asendama,,kom,,,6813,1087,15.954792308821371
476,jätma,,all,,,59193,9414,15.903907556636765
353,identifitseerima,,kom,,,327,52,15.902140672782874
2440,ühendama,,kom,,,7525,1195,15.880398671096346
1822,sõitma,,all,,,61901,9804,15.838193244050986
1858,süvenema,,ill,,,3266,516,15.799142682180037
2405,väänama,ära,all,,,19,3,15.789473684210526
1078,lõhkuma,,ad,,,4805,754,15.691987513007282
2315,tulema,välja,kom,,,24852,3895,15.672782874617738
15,aitama,,part,,,62380,9769,15.6604680987496
2490,võtma,üle,abl,,,2458,384,15.622457282343369
2295,jõudma,välja,el,,,1281,200,15.612802498048401
1282,nõudma,,abl,,,60685,9469,15.60352640685507
359,igatsema,,gen,järele,,2567,398,15.504479937670432
2065,tõmbama,,all,,,16828,2609,15.503922034704065
1897,kiitma,takka,all,,,117,18,15.384615384615385
803,kurjustama,,kom,,,774,119,15.374677002583978
806,kurtma,,part,,,12633,1940,15.356605715190375
1818,sõidutama,,kom,,,1427,218,15.276804484933425
2150,vaidlema,,kom,,,3772,574,15.217391304347828
2379,elama,ära,kom,,,1082,164,15.157116451016636
405,jagunema,,gen,vahel,,5877,889,15.126765356474392
2377,eksima,ära,ad,,,516,78,15.11627906976744
1112,maitsma,,all,,,2497,377,15.098117741289546
547,kandideerima,,tr,,,8571,1291,15.06241978765605
387,ironiseerima,,gen,üle,,620,93,15
2456,helistama,üle,part,,,20,3,15
997,leiduma,,ad,,,20796,3112,14.964416233891134
2373,ähvardama,,kom,,,16968,2538,14.957567185289959
184,ennistama,,part,,,234,35,14.957264957264957
2342,võitlema,,gen,vastu,,10657,1591,14.929154546307592
506,kaebama,,part,,,5297,788,14.876345101000565
2502,vaatama,üles,gen,poole,,263,39,14.82889733840304
303,hirmutama,,kom,,,1745,257,14.727793696275072
398,jagama,,all,,,22824,3349,14.673151069050123
287,heitlema,,gen,pärast,,907,133,14.66372657111356
575,katma,,kom,,,9956,1457,14.63439132181599
2082,tühistama,,part,,,4109,601,14.626429788269652
1877,tagama,,part,,,17206,2508,14.576310589329303
6,adresseerima,,part,,,117,17,14.529914529914532
1137,minema,,tr,,,310534,44951,14.475387558206187
2366,võõrandama,,el,,,333,48,14.414414414414415
717,saama,kokku,kom,,,8588,1234,14.368886818816954
748,konverteerima,,ill,,,63,9,14.285714285714285
898,kõristama,,kom,,,7,1,14.285714285714285
962,laenutama,,all,,,301,43,14.285714285714285
2041,saama,tuupi,gen,käest,,7,1,14.285714285714285
200,esinema,,kom,,,38541,5499,14.267922472172492
1426,hakkama,pihta,kom,,,1823,260,14.26220515633571
640,katma,kinni,part,,,260,37,14.23076923076923
1954,tikkuma,,all,,,550,78,14.181818181818182
736,kompenseerima,,all,,,1798,254,14.126807563959956
753,koormama,,kom,,,780,110,14.102564102564102
2160,valetama,,all,,,5497,774,14.08040749499727
2509,üllatuma,,el,,,2936,412,14.032697547683922
2275,väitlema,,gen,üle,,251,35,13.94422310756972
958,laenama,,tr,,,3159,440,13.928458372902815
2141,tõmbama,vahele,kom,,,36,5,13.88888888888889
2400,põgenema,ära,gen,eest,,108,15,13.88888888888889
901,kõrvaldama,,abl,,,1609,223,13.859540087010567
1349,pabistama,,gen,pärast,,824,114,13.834951456310678
367,ilkuma,,gen,kallal,,196,27,13.77551020408163
1560,püüdlema,,part,,,1162,160,13.769363166953527
1587,relvastuma,,kom,,,80,11,13.750000000000002
2194,ajama,vastu,all,,,204,28,13.725490196078432
532,kaitsma,,gen,eest,,8629,1183,13.709583961061536
1049,jalutama,läbi,part,,,117,16,13.675213675213676
416,jalutama,,kom,,,3525,482,13.673758865248226
1136,minema,,all,,,310534,42208,13.592070433511305
333,hämmastuma,,el,,,390,53,13.58974358974359
1470,praalima,,kom,,,266,36,13.533834586466165
1797,surkima,,kom,,,37,5,13.513513513513514
2148,vahetama,,gen,vastu,,10633,1434,13.486316185460359
1652,sattuma,,all,,,39532,5327,13.475159364565414
1890,tahtma,,part,,,301951,40659,13.465429821394862
579,kaunistama,,kom,,,2247,302,13.44014241210503
749,koonduma,,all,,,3122,419,13.420884048686741
2388,kohkuma,ära,el,,,82,11,13.414634146341465
2286,jooksma,välja,part,,,671,90,13.412816691505217
134,ebaõnnestuma,,ad,,,5010,671,13.39321357285429
2350,olema,võlgu,gen,eest,,1323,177,13.378684807256235
1110,mahtuma,,all,,,13710,1833,13.369803063457331
965,lahkuma,,abl,,,30787,4114,13.362782992821645
1192,mõtlema,,all,,,67583,9027,13.356909281920009
481,jääma,,all,,,303012,40266,13.288582630390874
725,kolima,,all,,,7716,1020,13.21928460342146
1904,taotlema,,abl,,,13689,1808,13.207685002556799
434,juhtuma,,kom,,,59383,7803,13.140124277992019
2024,tungima,,all,,,5407,710,13.13112631773627
511,kaeblema,,gen,üle,,153,20,13.071895424836603
57,annekteerima,,part,,,69,9,13.043478260869565
1117,maksma,,all,,,84000,10870,12.940476190476192
1926,teatama,,all,,,135095,17477,12.93682223620415
202,esinema,,es,,,38541,4945,12.83049220310838
496,kaasama,,ill,,,867,111,12.802768166089965
1812,särisema,,el,,,125,16,12.8
146,eelistama,,all,,,17876,2283,12.771313492951444
25,algama,,el,,,71040,9072,12.77027027027027
669,klõpsutama,,kom,,,141,18,12.76595744680851
1742,hüppama,sisse,ill,,,94,12,12.76595744680851
2407,ütlema,ära,all,,,2453,313,12.759885854056257
2461,jooksma,üle,part,,,165,21,12.727272727272727
2479,pakkuma,üle,part,,,221,28,12.669683257918551
880,kõlistama,,kom,,,135,17,12.592592592592592
1113,maiustama,,gen,kallal,,151,19,12.582781456953644
288,heitlema,,gen,eest,,907,114,12.56890848952591
986,laskuma,,ill,,,1897,238,12.546125461254611
1581,reageerima,,kom,,,6605,827,12.520817562452688
2397,panema,ära,part,,,1007,126,12.512413108242304
129,dislotseeruma,,ad,,,16,2,12.5
544,kanaliseerima,,ill,,,24,3,12.5
968,haakima,lahti,el,,,24,3,12.5
2053,jootma,täis,part,,,48,6,12.5
2382,hiilima,ära,abl,,,16,2,12.5
594,kehtima,,gen,kohta,,30801,3816,12.389208142592773
790,kukkuma,,all,,,21212,2626,12.379785027343013
616,kiirustama,,all,,,3622,447,12.341247929320817
2448,ühtlustama,,kom,,,318,39,12.264150943396226
701,koitma,,all,,,473,58,12.26215644820296
397,jagama,,kom,,,22824,2795,12.245881528215913
137,kanduma,edasi,ill,,,410,50,12.195121951219512
1233,neelduma,,ill,,,123,15,12.195121951219512
216,pääsema,ette,el,,,640,78,12.1875
1959,toestama,,kom,,,140,17,12.142857142857142
2386,keelama,ära,part,,,858,104,12.121212121212121
1129,meelitama,,kom,,,4689,568,12.113457027084666
1529,põgenema,,gen,eest,,8472,1024,12.086874409820586
685,kohanduma,,all,,,116,14,12.068965517241379
156,ehmuma,,el,,,1210,146,12.066115702479339
667,klõpsima,,kom,,,199,24,12.060301507537687
1819,sõidutama,,all,,,1427,172,12.053258584442887
1738,häkkima,sisse,all,,,25,3,12
1225,nakatuma,,kom,,,2404,288,11.980033277870216
1925,teatama,,el,,,135095,16149,11.95381028165365
2183,varastama,,abl,,,4677,554,11.84519991447509
1557,pühkima,,kom,,,2329,275,11.80764276513525
1752,rändama,sisse,abl,,,51,6,11.76470588235294
1914,tasuma,,part,,,32445,3805,11.727538912004931
1088,lükkama,,all,,,5946,686,11.537167843928692
1332,oskama,,part,,,87828,10131,11.53504577128023
2156,vajuma,,all,,,6083,700,11.507479861910241
1771,solvuma,,gen,peale,,2738,315,11.504747991234478
243,hakkama,,ad,,,235159,27018,11.489247700492006
825,kuuluma,,gen,hulka,,100027,11462,11.458906095354255
2322,vedama,välja,term,,,1016,116,11.41732283464567
157,ehtima,,kom,,,1656,189,11.41304347826087
1316,oponeerima,,part,,,212,24,11.320754716981133
823,kuuluma,,ill,,,100027,11297,11.293950633329002
1989,trehvama,,kom,,,421,47,11.163895486935866
67,arranžeerima,,all,,,27,3,11.11111111111111
1971,toimetama,,all,,,5558,617,11.101115509175962
1786,spekuleerima,,gen,üle,,562,62,11.032028469750891
1991,trehvama,,ill,,,421,46,10.926365795724466
338,hääletama,,gen,vastu,,10267,1119,10.898996785818643
2469,käima,üle,kom,,,1289,140,10.861132660977502
1226,nakatuma,,el,,,2404,261,10.856905158069884
816,kutsuma,,tr,,,30033,3258,10.848067126161224
1420,pidama,,part,,,817024,88232,10.799193169356103
2185,varjama,,gen,eest,,6268,674,10.753031269942566
1882,jõudma,tagasi,all,,,2578,277,10.74476338246703
2228,vestlema,,el,,,3781,406,10.73790002644803
2413,õhutama,,all,,,1830,194,10.601092896174864
878,kõlbama,,all,,,6379,676,10.5972722997335
2524,ütlema,,all,,,546927,57790,10.56630958062045
2214,vedama,,kom,,,13225,1396,10.555765595463138
1513,pärima,,gen,,,10340,1091,10.551257253384913
1115,maksma,,gen,eest,,84000,8862,10.549999999999999
470,tulema,järgi,all,,,87,9,10.344827586206897
2087,tülitsema,,gen,pärast,,786,81,10.305343511450381
2155,vajuma,,ill,,,6083,625,10.274535590991288
26,algama,,kom,,,71040,7281,10.249155405405405
1019,liitma,,tr,,,1368,140,10.23391812865497
2268,viskama,,all,,,21195,2169,10.233545647558387
2233,vihastama,,gen,peale,,1998,204,10.21021021021021
2002,tuhnima,,ad,,,304,31,10.197368421052632
1207,mööduma,,el,,,48182,4895,10.159395624922169
2125,vabandama,,part,,,7725,780,10.097087378640776
750,koonduma,,gen,ümber,,3122,315,10.089686098654708
1528,põgenema,,abl,,,8472,848,10.009442870632672
731,kommunikeerima,,kom,,,10,1,10
550,kangestuma,,el,,,191,19,9.947643979057592
1619,rõõmustama,,gen,üle,,9526,946,9.930715935334874
1398,valama,peale,all,,,192,19,9.895833333333332
2209,väitma,vastu,all,,,182,18,9.89010989010989
1449,pistma,,all,,,4270,420,9.836065573770492
2073,tõrvama,,part,,,1082,106,9.796672828096119
536,kalduma,,all,,,5282,517,9.787959106399091
504,kadetsema,,part,,,41,4,9.75609756097561
2340,võistlema,,kom,,,8130,784,9.643296432964329
1034,loovima,,gen,vahel,,83,8,9.63855421686747
1161,muretsema,,all,,,7599,724,9.527569417028555
1065,saama,läbi,ad,,,6597,625,9.474003334849174
420,jaotama,,gen,vahel,,973,92,9.45529290853032
1276,nõrgenema,,gen,suhtes,,1366,129,9.443631039531478
1017,liitma,,all,,,1368,129,9.429824561403509
1511,pärima,,abl,,,10340,975,9.429400386847195
1543,põrkama,,gen,vastu,,1156,109,9.429065743944637
1675,seletama,,all,,,18178,1708,9.395973154362416
221,viskama,ette,all,,,394,37,9.390862944162437
291,hilinema,,all,,,2583,242,9.368950832365467
1756,sõitma,sisse,part,,,935,87,9.304812834224599
808,kurtma,,gen,üle,,12633,1175,9.301036966674582
138,kanduma,edasi,el,,,410,38,9.268292682926829
1087,lööma,,all,,,25497,2362,9.263834960975801
77,arutlema,,gen,üle,,8259,763,9.238406586753845
1807,suunduma,,gen,poole,,5915,546,9.230769230769232
38,lendama,alt,kom,,,11,1,9.090909090909092
1099,joonistama,maha,abl,,,33,3,9.090909090909092
2483,soolama,üle,kom,,,11,1,9.090909090909092
1313,ootama,,abl,,,66154,5991,9.056141729902954
2057,tänama,,part,,,73299,6565,8.95646598180057
881,kõnelema,,ad,,,11036,988,8.952519028633562
2029,tunnistama,,tr,,,65726,5879,8.944709856069135
1054,käima,läbi,kom,,,5218,466,8.930624760444616
1396,vaatama,peale,all,,,45,4,8.88888888888889
1419,pidama,,tr,,,817024,72495,8.873056360645466
44,alustama,,el,,,63173,5585,8.840802241463916
1753,saama,sisse,kom,,,3861,340,8.806008806008805
1171,mängima,,kom,,,64766,5700,8.800914059846216
1625,saama,,tr,,,1114043,97861,8.784310838989159
1981,torkama,,kom,,,4568,401,8.7784588441331
1561,püüdlema,,all,,,1162,102,8.777969018932874
505,kaebama,,all,,,5297,464,8.75967528789881
2085,tülitama,,kom,,,618,54,8.737864077669903
1857,süttima,,el,,,4098,357,8.711566617862372
2066,tõmbama,,kom,,,16828,1459,8.670073686712621
1334,ostma,,abl,,,41753,3616,8.66045553612914
205,esitlema,,all,,,4840,418,8.636363636363637
737,kompenseerima,,kom,,,1798,155,8.620689655172415
2474,minema,üle,el,,,2810,242,8.612099644128115
242,haisema,,gen,järele,,1534,131,8.539765319426335
1474,presenteerima,,all,,,118,10,8.47457627118644
429,joppama,,kom,,,119,10,8.403361344537815
615,kiirguma,,ill,,,60,5,8.333333333333332
1128,meelduma,,ill,,,12,1,8.333333333333332
2282,helistama,välja,el,,,48,4,8.333333333333332
1213,müüma,,kom,,,24007,2000,8.330903486483109
2310,sööma,välja,abl,,,133,11,8.270676691729323
2401,rääkima,ära,part,,,1078,89,8.256029684601113
2109,usaldama,,all,,,7114,583,8.195108237278607
827,kuulutama,,all,,,12680,1039,8.194006309148264
318,hooplema,,gen,ees,,281,23,8.185053380782918
2292,jõudma,välja,all,,,1281,104,8.118657298985168
1300,oletama,,part,,,6666,540,8.1008100810081
1562,püüdma,,part,,,64320,5210,8.100124378109452
74,arutama,,kom,,,22921,1853,8.084289516164215
1333,ostma,,gen,eest,,41753,3363,8.05451105309798
2016,tulistama,,gen,pihta,,6474,520,8.032128514056225
843,käituma,,kom,,,11023,883,8.010523450966161
1148,mugandama,,tr,,,50,4,8
1350,pahandama,,kom,,,3763,301,7.998937018336434
1036,lubama,,all,,,84918,6754,7.953555194422855
2008,tulema,,all,,,631483,49251,7.799259837556989
2320,valama,välja,el,,,244,19,7.786885245901639
1850,sülitama,,gen,peale,,1170,91,7.777777777777778
1977,tonksama,,all,,,116,9,7.758620689655173
1735,sisenema,,all,,,4615,354,7.670639219934995
2329,värisema,,el,,,2354,178,7.561597281223449
2304,minema,välja,gen,peale,,4540,342,7.533039647577093
33,vaatama,alla,gen,peale,,374,28,7.4866310160427805
1923,teadma,,el,,,230392,17221,7.474651897635335
1259,näitama,,all,,,95743,7059,7.372862768035262
510,kaebama,,gen,üle,,5297,382,7.211629224089107
2389,kolima,ära,abl,,,459,33,7.18954248366013
2434,õppima,,tr,,,31748,2279,7.178404938893788
645,kinnitama,,all,,,125980,9007,7.149547547229719
8,aevastama,,gen,peale,,126,9,7.142857142857142
1747,kukkuma,sisse,kom,,,280,20,7.142857142857142
2459,hüppama,üle,gen,,,112,8,7.142857142857142
618,kiitlema,,gen,ees,,505,36,7.128712871287128
1092,magama,,kom,,,12249,870,7.102620622091599
1151,muganduma,,tr,,,85,6,7.0588235294117645
1653,sattuma,,gen,alla,,39532,2788,7.052514418698776
54,andma,,tr,,,224348,15815,7.049316240840123
111,baseeruma,,all,,,875,61,6.9714285714285715
390,istuma,,all,,,40527,2823,6.965726552668591
2472,minema,üle,tr,,,2810,194,6.903914590747331
534,kaklema,,gen,pärast,,1324,91,6.873111782477341
2055,täitma,,kom,,,23919,1628,6.806304611396798
2393,lõpetama,ära,part,,,1236,84,6.796116504854369
573,katkestama,,kom,,,6757,454,6.71895811750777
2517,panema,ümber,el,,,164,11,6.707317073170732
164,eksima,,gen,vastu,,11256,754,6.69864960909737
23,alanduma,,gen,ees,,30,2,6.666666666666667
16,ajama,,all,,,29067,1934,6.653593422093783
838,käima,,kom,,,155358,10316,6.64014727275068
1851,sümpatiseerima,,part,,,272,18,6.61764705882353
2251,vilistama,,gen,peale,,1221,80,6.552006552006552
1045,astuma,läbi,abl,,,748,49,6.550802139037433
2521,ümbritsema,,kom,,,3100,203,6.548387096774194
1769,solvama,,kom,,,2367,155,6.54837346852556
2113,uskuma,,ill,,,76958,5023,6.526936770706099
688,kohanema,,ad,,,1379,90,6.526468455402465
2436,ööbima,,gen,juures,,1403,91,6.486101211689238
340,hõivama,,kom,,,2701,175,6.479081821547575
292,hilinema,,gen,tõttu,,2583,164,6.349206349206349
2266,virisema,,gen,üle,,1024,65,6.34765625
277,haukuma,,gen,peale,,694,44,6.340057636887608
884,kõrbema,,kom,,,600,37,6.166666666666667
1641,sarnanema,,abl,,,5449,336,6.166269040190861
1762,sobima,,kom,,,43171,2653,6.145329040327998
2410,ärkama,,gen,peale,,5708,350,6.131744919411353
555,kannatama,,gen,tõttu,,14294,876,6.128445501609066
345,hüppama,,kom,,,7638,468,6.12725844461901
1165,mustendama,,el,,,49,3,6.122448979591836
1267,närveerima,,gen,pärast,,361,22,6.094182825484765
572,katkema,,gen,tõttu,,4509,273,6.05455755156354
687,kohanduma,,ad,,,116,7,6.0344827586206895
811,kusema,,gen,peale,,399,24,6.015037593984962
2068,tõmbama,,ill,,,16828,999,5.936534347516044
2059,tänama,,gen,eest,,73299,4313,5.884118473649027
394,isutama,,gen,järgi,,17,1,5.88235294117647
2385,katkestama,ära,kom,,,34,2,5.88235294117647
856,käskima,,part,,,5637,331,5.8719176867127905
1672,sekundeerima,,part,,,822,48,5.839416058394161
372,imestama,,gen,üle,,9231,538,5.828187628642617
562,karjuma,,gen,peale,,6371,371,5.82326165437137
401,jagama,,tr,,,22824,1328,5.818436733263232
2261,vinguma,,gen,kallal,,748,43,5.748663101604278
598,kelkima,,gen,ees,,175,10,5.714285714285714
1022,lisama,,all,,,103504,5871,5.672244550935229
2415,õiendama,,gen,kallal,,882,50,5.6689342403628125
798,kulutama,,gen,peale,,9531,538,5.644738222641905
1138,minema,,kom,,,310534,17353,5.588115955096704
1097,jooksma,maha,el,,,305,17,5.573770491803279
1031,lootma,,all,,,64745,3589,5.5432851957680125
992,laulma,,el,,,15673,865,5.519045492247815
574,katkestama,,gen,tõttu,,6757,370,5.47580287109664
1917,tasuma,,gen,eest,,32445,1771,5.458468176914779
1659,segama,,kom,,,11442,621,5.427372836916623
1211,müüma,,gen,eest,,24007,1294,5.390094555754572
332,hämmastuma,,gen,üle,,390,21,5.384615384615385
1614,rääkima,,kom,,,203750,10971,5.384539877300614
59,apelleerima,,part,,,264,14,5.303030303030303
903,hoidma,kõrvale,gen,eest,,453,24,5.298013245033113
991,laulma,,all,,,15673,826,5.270209915140687
154,ehitama,,el,,,10524,552,5.245153933865451
2390,kolima,ära,all,,,459,24,5.228758169934641
1335,ostma,,kom,,,41753,2183,5.228366823940794
1131,meenutama,,all,,,41391,2153,5.201613877412964
165,elama,,el,,,91082,4658,5.114073033091061
2,aasima,,gen,kallal,,176,9,5.113636363636364
163,eksima,,kom,,,11256,575,5.108386638237385
2177,valvama,,gen,järele,,3134,160,5.105296745373325
1748,minema,sisse,all,,,1216,62,5.098684210526316
2032,tunnustama,,kom,,,5134,257,5.005843396961433
679,kohaldama,,all,,,1240,62,5
79,arvama,,el,,,135056,6681,4.946836867669707
1142,mossitama,,part,,,182,9,4.945054945054945
554,kannatama,,gen,käes,,14294,698,4.883167762697636
2516,panema,ümber,ill,,,164,8,4.878048780487805
509,kaebama,,gen,peale,,5297,258,4.870681517840287
1592,riidlema,,gen,pärast,,351,17,4.843304843304843
378,imponeerima,,kom,,,269,13,4.83271375464684
1060,lööma,läbi,part,,,995,48,4.824120603015075
953,küürutama,,gen,ees,,63,3,4.761904761904762
2387,kirjeldama,ära,part,,,21,1,4.761904761904762
1992,trehvama,,all,,,421,20,4.750593824228028
1680,selgitama,,all,,,60573,2847,4.700113912139072
2098,ulatuma,,all,,,18230,841,4.6132748217224355
14,aitama,,el,,,62380,2847,4.563962808592498
375,immigreeruma,,abl,,,22,1,4.545454545454546
376,immigreeruma,,all,,,22,1,4.545454545454546
530,kaitsesüstima,,gen,vastu,,22,1,4.545454545454546
722,tulema,kokku,all,,,4837,219,4.5275997519123425
421,jaotama,,ill,,,973,44,4.522096608427543
1898,talitama,,kom,,,1337,60,4.487658937920718
350,hüüdma,,tr,,,5397,242,4.483972577357791
244,hakkama,,all,,,235159,10508,4.468466016610038
2191,vastama,,kom,,,71373,3188,4.466675073206955
1433,piisama,,part,,,19651,877,4.462877207266805
1191,mõtlema,,el,,,67583,2962,4.382758977849459
1430,piirama,,kom,,,8387,366,4.363896506498152
2166,valima,,el,,,32106,1398,4.354326294150626
946,küsima,,gen,käest,,64508,2761,4.280089291250698
1754,saama,sisse,all,,,3861,165,4.273504273504273
1743,hüppama,sisse,all,,,94,4,4.25531914893617
1481,puhkama,,el,,,4940,209,4.230769230769231
1916,tasuma,,all,,,32445,1363,4.200955463091385
1145,motiveerima,,kom,,,1083,45,4.1551246537396125
1217,naerma,,gen,üle,,15817,645,4.077890876904596
517,kaevuma,,all,,,148,6,4.054054054054054
371,ilustama,,kom,,,223,9,4.0358744394618835
2259,vinguma,,gen,üle,,748,30,4.010695187165775
1055,käima,läbi,abl,,,5218,208,3.9862016098121886
290,higistama,,gen,kallal,,605,24,3.9669421487603307
1868,taandama,,abl,,,580,23,3.9655172413793105
1751,rändama,sisse,all,,,51,2,3.9215686274509802
791,kukkuma,,abl,,,21212,831,3.9175938148217986
1230,naljatlema,,kom,,,231,9,3.896103896103896
2178,valvama,,gen,üle,,3134,122,3.89278876834716
1014,liikuma,,all,,,27308,1061,3.8853083345539767
1190,mõtlema,,gen,peale,,67583,2589,3.830845034994007
1076,lõhkuma,,kom,,,4805,183,3.8085327783558798
649,kippuma,,all,,,19302,734,3.802714744586053
2146,vahetama,,tr,,,10633,401,3.771278096492053
1106,tegema,maha,gen,pealt,,345,13,3.768115942028986
1871,tabama,,kom,,,27348,1027,3.7553020330554334
2489,võtma,üle,kom,,,2458,92,3.7428803905614325
2494,keerama,üles,gen,vastu,,134,5,3.731343283582089
2011,tulema,,kom,,,631483,23524,3.7251992531865468
1782,sorima,,ad,,,269,10,3.717472118959108
241,haisema,,gen,järgi,,1534,57,3.715775749674054
2399,põgenema,ära,abl,,,108,4,3.7037037037037033
1048,hüppama,läbi,abl,,,83,3,3.614457831325301
1869,tabama,,abl,,,27348,984,3.5980693286529175
1312,ootama,,kom,,,66154,2370,3.5825498080237024
348,hüvitama,,kom,,,1653,59,3.569267997580157
1668,seisma,,gen,eest,,45701,1625,3.555720881381151
1566,raevuma,,gen,peale,,311,11,3.536977491961415
1150,muganduma,,ad,,,85,3,3.5294117647058822
795,kuluma,,gen,peale,,28832,1006,3.4891786903440623
1551,pöörduma,,all,,,16813,581,3.455659311247249
76,arutlema,,part,,,8259,285,3.450780966218671
2069,tõrelema,,gen,pärast,,117,4,3.418803418803419
949,küsima,,el,,,64508,2197,3.405779128170149
809,kurvastama,,gen,pärast,,1471,49,3.331067301155676
2485,vaatama,üle,el,,,2353,78,3.314917127071823
2376,eksima,ära,all,,,516,17,3.2945736434108532
2327,väljuma,,abl,,,7799,255,3.2696499551224516
1736,sisestama,,all,,,675,22,3.259259259259259
2341,võistlema,,gen,pärast,,8130,253,3.111931119311193
330,hädaldama,,gen,üle,,487,15,3.0800821355236137
309,hoiduma,,all,,,2493,76,3.04853590052146
2264,virisema,,gen,pärast,,1024,31,3.02734375
995,leidma,,abl,,,157319,4747,3.017435910474895
2365,võõrandama,,abl,,,333,10,3.003003003003003
403,jagunema,,ill,,,5877,172,2.9266632635698486
1642,sarnanema,,gen,poolest,,5449,159,2.9179665993760326
160,ehtima,,tr,,,1656,48,2.898550724637681
1512,pärima,,gen,kohta,,10340,297,2.872340425531915
1467,poseerima,,gen,ees,,1095,31,2.8310502283105023
1365,paluma,,abl,,,110143,3092,2.8072596533597234
1749,murdma,sisse,all,,,965,27,2.7979274611398965
2394,minema,ära,abl,,,6755,189,2.7979274611398965
2126,vabandama,,kom,,,7725,216,2.796116504854369
1311,ootama,,el,,,66154,1823,2.7556912658342654
1051,jooksma,läbi,abl,,,912,25,2.7412280701754383
1530,põhinema,,all,,,9626,263,2.7321836692291708
1746,kandma,sisse,ill,,,37,1,2.7027027027027026
944,küsima,,gen,kohta,,64508,1736,2.691139083524524
329,hädaldama,,gen,pärast,,487,13,2.6694045174537986
1555,pühendama,,ill,,,2708,72,2.658788774002954
1406,peitma,,all,,,3138,83,2.6449968132568515
1039,lugema,,all,,,41320,1072,2.594385285575992
450,juurdlema,,gen,kallal,,352,9,2.556818181818182
619,kiitma,,gen,eest,,19564,498,2.545491719484768
1216,naerma,,gen,peale,,15817,402,2.5415691976986787
2265,virisema,,gen,kallal,,1024,26,2.5390625
2287,jooksma,välja,abl,,,671,17,2.533532041728763
2105,unustama,,all,,,11386,287,2.5206393816968204
552,kannatama,,gen,pärast,,14294,359,2.5115433048831677
987,laskuma,,term,,,1897,47,2.477596204533474
1250,nutma,,gen,pärast,,5169,126,2.4376088218224026
247,hakkama,,tr,,,235159,5723,2.433672536454059
760,koputama,,gen,peale,,1701,41,2.410346854791299
836,käima,,gen,kohta,,155358,3672,2.3635731664928743
448,jutustama,,kom,,,7156,164,2.291783119060928
1739,hääletama,sisse,el,,,176,4,2.272727272727273
2513,kehastuma,ümber,ill,,,44,1,2.272727272727273
17,ajendama,,part,,tegema,2068,46,2.2243713733075436
364,ilastama,,kom,,,45,1,2.2222222222222223
2142,võtma,vahele,gen,eest,,90,2,2.2222222222222223
1526,päästma,,abl,,,8380,185,2.20763723150358
1164,mustama,,el,,,504,11,2.1825396825396823
1628,saama,,abl,,,1114043,24151,2.167869642374666
1583,reageerima,,gen,peale,,6605,142,2.1498864496593493
841,käima,,gen,juures,,155358,3285,2.1144710925732824
2163,valima,,ill,,,32106,676,2.105525446956955
802,kurjustama,,gen,pärast,,774,16,2.0671834625323
627,kindlustama,,gen,vastu,,6727,138,2.0514345176155793
425,joonduma,,kom,,,148,3,2.027027027027027
1069,lähtuma,,abl,,,11556,231,1.9989615784008308
1891,tahtma,,all,,,301951,6028,1.9963504012240396
2094,ulatama,,term,,,2825,56,1.9823008849557522
437,julgestama,,kom,,,152,3,1.9736842105263157
1353,pahandama,,gen,pärast,,3763,74,1.9665160775976613
2169,vallandama,,gen,pärast,,3326,65,1.9542994588093807
1038,lugema,,abl,,,41320,800,1.9361084220716358
334,hävima,,gen,tõttu,,4728,89,1.8824027072758036
2260,vinguma,,gen,pärast,,748,14,1.8716577540106951
1264,närima,,gen,kallal,,1411,26,1.8426647767540751
208,hoiatama,ette,gen,eest,,167,3,1.7964071856287425
2132,vabastama,,gen,tõttu,,6648,119,1.7900120336943441
1661,segama,,ill,,,11442,202,1.7654256248907534
2279,ajama,välja,all,,,1195,21,1.7573221757322177
1980,tooma,,abl,,,68834,1209,1.7563994537583172
585,keelitama,,part,,tegema,400,7,1.7500000000000002
1599,vaatama,ringi,gen,järele,,1607,28,1.7423771001866835
2144,vahendama,,el,,,15389,266,1.7285073753980116
2164,valima,,gen,hulgast,,32106,550,1.7130754376129074
2009,tulema,,abl,,,631483,10738,1.7004416587619937
1178,märkima,,all,,,70000,1169,1.67
2111,usaldama,,gen,kätte,,7114,116,1.6305875737981443
1107,vaatama,maha,gen,pealt,,124,2,1.6129032258064515
1964,toetama,,all,,,48142,754,1.5661999916912468
970,laskma,lahti,gen,pärast,,1470,23,1.5646258503401362
1496,puuduma,,abl,,,51926,802,1.544505642645303
2240,vihtuma,,part,,teha,259,4,1.5444015444015444
2271,volitama,,part,,tegema,862,13,1.5081206496519721
1469,praalima,,gen,ees,,266,4,1.5037593984962405
1525,päästma,,gen,käest,,8380,125,1.4916467780429594
1522,pääsema,,abl,,,43614,645,1.4788829275003441
399,jagama,,gen,vahel,,22824,336,1.4721345951629863
2015,tulenema,,all,,,13928,202,1.450315910396324
1408,peituma,,all,,,7446,105,1.4101531023368252
2290,jätma,välja,abl,,,1280,18,1.40625
1144,motiveerima,,part,,tegema,1083,15,1.3850415512465373
1374,panustama,,gen,heaks,,1044,14,1.3409961685823755
201,esinema,,gen,ees,,38541,505,1.31029293479671
2301,langema,välja,abl,,,3057,40,1.3084723585214262
2525,ütlema,,gen,kohta,,546927,6877,1.2573890116962594
1538,põlvnema,,abl,,,161,2,1.2422360248447204
1061,minema,läbi,abl,,,2870,34,1.1846689895470384
2145,vahendama,,ill,,,15389,178,1.1566703489505492
278,haukuma,,gen,kallal,,694,8,1.1527377521613833
695,kohustama,,part,,tegema,4013,45,1.121355594318465
2294,jõudma,välja,abl,,,1281,14,1.092896174863388
2427,õnnistama,,ill,,,733,8,1.0914051841746248
382,innustama,,part,,tegema,1841,20,1.0863661053775122
2130,vabanema,,abl,,,4978,54,1.0847730012053034
1552,pöörduma,,gen,juurde,,16813,173,1.0289656813180277
400,jagama,,ill,,,22824,229,1.003329828250964
477,jääma,,gen,juurde,,303012,2913,0.9613480654231515
2462,jääma,üle,part,,teha,6513,62,0.9519422693075388
296,hindama,,gen,järgi,,25614,243,0.9486999297259312
1848,sülgama,,gen,peale,,106,1,0.9433962264150944
1177,märkima,,kom,,,70000,636,0.9085714285714286
2135,vaevuma,,part,,tegema,1434,13,0.906555090655509
2497,kutsuma,üles,part,,tegema,3541,29,0.8189776899181023
628,kindlustama,,gen,eest,,6727,55,0.8176007135424409
570,kasvama,,ill,,,53356,423,0.7927880650723442
837,käima,,gen,juurde,,155358,1209,0.7782026030201213
1336,ostma,,gen,käest,,41753,324,0.7759921442770579
1140,minema,,gen,peale,,310534,2395,0.7712521012191902
1421,pidama,,el,,,817024,6265,0.7668073398088673
96,asuma,,gen,juurde,,77239,590,0.7638628154170821
2234,vihastama,,gen,pärast,,1998,15,0.7507507507507507
2235,vihastuma,,gen,pärast,,139,1,0.7194244604316548
1500,puutuma,,all,,,11135,80,0.7184553210597215
2492,astuma,üles,gen,vastu,,4356,30,0.6887052341597797
2416,õiendama,,gen,pärast,,882,6,0.6802721088435374
193,ergutama,,part,,tegema,1183,8,0.6762468300929839
2408,ärgitama,,part,,tegema,1352,9,0.6656804733727811
1032,lootma,,gen,peale,,64745,430,0.6641439493397173
2414,õhutama,,part,,tegema,1830,11,0.6010928961748634
813,kutsuma,,gen,pärast,,30033,173,0.5760330303333
1610,roomama,,gen,ees,,521,3,0.5758157389635317
98,asuma,,gen,kallale,,77239,440,0.5696604047178239
2307,otsima,välja,abl,,,736,4,0.5434782608695652
2167,valima,,gen,vahel,,32106,173,0.5388400921946054
1521,pääsema,,gen,käest,,43614,230,0.5273536020543862
439,julgustama,,part,,tegema,1758,9,0.5119453924914675
159,ehtima,,all,,,1656,8,0.4830917874396135
626,kindlustama,,gen,peale,,6727,29,0.43109855804965064
2107,uppuma,,all,,,4561,18,0.39465029598772194
1118,maldama,,part,,teha,260,1,0.38461538461538464
696,kohustuma,,part,,tegema,2429,9,0.37052284890901604
1965,toetuma,,gen,vastu,,3899,14,0.3590664272890485
2430,õpetama,,part,,tegema,12340,43,0.34846029173419774
1834,söandama,,part,,teha,2734,9,0.32918800292611555
1895,takistama,,part,,tegemast,11596,35,0.3018282166264229
1961,toetama,,part,vastu,,48142,144,0.2991151177765776
812,kutsuma,,part,,tegema,30033,86,0.28635167981886595
1963,toetama,,gen,vastu,,48142,125,0.2596485397366125
1234,neimama,,part,,,399,1,0.2506265664160401
582,kavatsema,,part,,teha,49595,117,0.235910878112713
1811,suvatsema,,part,,teha,891,2,0.22446689113355783
248,hakkama,,part,,tegema,235159,516,0.21942600538359153
1452,plaanima,,part,,teha,10633,23,0.2163077212451801
2222,vehkima,,part,,teha,1501,3,0.19986675549633579
2218,veenma,,part,,tegema,2518,5,0.19857029388403494
948,küsima,,gen,järele,,64508,127,0.19687480622558443
1810,suutma,,part,,teha,126430,241,0.1906193150359883
407,jaksama,,part,,teha,6317,12,0.1899635903118569
1563,püüdma,,part,,teha,64320,120,0.18656716417910446
1296,oigama,,gen,üle,,548,1,0.18248175182481752
2249,viitsima,,part,,teha,15763,28,0.17763116158091735
474,jätma,,part,,tegemata,59193,104,0.17569645059382022
2523,üritama,,part,,teha,39162,67,0.17108421428936213
815,kutsuma,,gen,tõttu,,30033,49,0.16315386408284221
1293,ohkama,,gen,pärast,,5701,9,0.15786704087002282
1331,oskama,,part,,teha,87828,123,0.14004645443366578
1366,paluma,,gen,käest,,110143,150,0.13618659379170714
1348,otsustama,,part,,teha,77872,105,0.13483665502362852
578,katsuma,,part,,teha,5233,7,0.13376648194152493
2121,vaatama,,gen,järele,,78848,101,0.1280945616883117
1037,lubama,,part,,teha,84918,108,0.12718151628629973
1284,olema,nõus,part,,tegema,27610,35,0.1267656646142702
2072,tõrkuma,,part,,tegemast,795,1,0.12578616352201258
1906,taotlema,,part,,teha,13689,16,0.11688216816421945
483,jõudma,,part,,teha,136280,159,0.11667155855591428
1477,proovima,,part,,teha,21639,25,0.1155321410416378
55,andma,,part,,teha,224348,257,0.11455417476420561
1602,riskima,,part,,teha,3566,4,0.11217049915872125
1889,tahtma,,part,,teha,301951,333,0.11028279422820259
2028,tunnistama,,gen,vastu,,65726,71,0.1080242217691629
269,harjuma,,part,,tegema,9295,10,0.10758472296933834
147,eelistama,,part,,teha,17876,18,0.10069366748713358
584,keelduma,,part,,tegemast,19666,19,0.09661344452354317
1983,tormama,,part,,tegema,4191,4,0.09544261512765449
1920,tavatsema,,part,,teha,1084,1,0.09225092250922509
2424,õnnestuma,,part,,teha,44996,39,0.08667437105520491
1915,tasuma,,part,,teha,32445,28,0.08629989212513485
1779,soovima,,part,,teha,90141,77,0.0854217281814047
327,häbenema,,part,,teha,2437,2,0.08206811653672548
1564,raatsima,,part,,teha,1266,1,0.07898894154818326
1778,soostuma,,part,,tegema,3973,3,0.07550969041026932
361,ihkama,,part,,teha,4147,3,0.07234145165179648
480,jääma,,part,,tegemata,303012,206,0.0679841062400169
840,käima,,part,,tegemas,155358,105,0.06758583400919167
648,kippuma,,part,,tegema,19302,13,0.0673505336234587
63,armastama,,part,,teha,19711,12,0.06087971183603065
1892,taipama,,part,,teha,5053,3,0.05937067088858104
1289,nõustuma,,part,,tegema,17232,10,0.05803156917363045
537,kalduma,,part,,tegema,5282,3,0.05679666792881485
13,aitama,,part,,teha,62380,33,0.052901571016351394
1369,panema,,part,,tegema,112571,58,0.051523038793294895
1911,tarvitsema,,part,,teha,1971,1,0.050735667174023336
1478,pruukima,,part,,teha,18619,9,0.048337719533809546
877,kõlbama,,part,,teha,6379,3,0.04702931493964571
983,lakkama,,part,,tegemast,2231,1,0.04482294935006724
97,asuma,,part,,tegema,77239,33,0.04272453035383679
1077,lõhkuma,,part,,teha,4805,2,0.04162330905306972
310,hoiduma,,part,,tegemast,2493,1,0.04011231448054552
357,igatsema,,part,,teha,2567,1,0.038955979742890535
1116,maksma,,part,,teha,84000,26,0.03095238095238095
1629,saatma,,part,,tegema,45738,13,0.028422755695482964
2110,usaldama,,part,,teha,7114,2,0.028113578858588697
1033,lootma,,part,,teha,64745,18,0.027801374623523053
1135,minema,,part,,tegema,310534,85,0.027372204009866875
2433,õppima,,part,,tegema,31748,8,0.025198437696862794
565,kartma,,part,,teha,30355,7,0.02306045132597595
1626,saama,,part,,teha,1114043,201,0.018042391541439603
2067,tõmbama,,part,,teha,16828,3,0.017827430473021155
1175,märkama,,part,,teha,16856,3,0.01779781680113906
1651,sattuma,,part,,tegema,39532,7,0.017707173935039965
2104,unustama,,part,,tegemata,11386,2,0.01756543123133673
1126,meeldima,,part,,teha,64834,9,0.013881605330536445
2371,ähvardama,,part,,teha,16968,2,0.011786892975011787
789,kukkuma,,part,,tegema,21212,2,0.009428625306430322
1523,pääsema,,part,,tegema,43614,4,0.009171366992250195
1627,saama,,part,,tegema,1114043,100,0.008976314199721197
2106,unustama,,part,,teha,11386,1,0.008782715615668365
2010,tulema,,part,,tegema,631483,45,0.007126082570710534
1028,loobuma,,part,,tegemast,20838,1,0.004798925040790863
1763,sobima,,part,,teha,43171,2,0.004632739570545042
479,jääma,,part,,tegema,303012,12,0.0039602391984475864
475,jätma,,part,,tegema,59193,2,0.003378777896035004
435,juhtuma,,part,,tegema,59383,2,0.0033679672633581998
2058,tänama,,part,,tegemast,73299,2,0.0027285501848592747
1418,pidama,,part,,tegema,817024,12,0.001468745104182986
2336,võima,,part,,teha,722168,1,0.00013847193450831387
