,lemma,form,verbifraas,lause_id
0,Marko,Markole,tüdrukud on isa sõnul Markole hoogsalt amokki jooksnud,775
1,poliitika,poliitikast,Lahkusin poliitikast aastal,880
2,ilme,ilmel,Nüüd käib kass ilmel aias ringi,2886
3,Kelam,Kelamitel,raske käib Kelamitel abiks vanadaam,2898
4,aastavahetus,aastavahetusel,Olen aastavahetusel koolides mängimas käinud,3305
5,tippaja,tippajal,Lahkusin ajakirjandusest ju tippajal pärast saamist,3752
6,Kohila,Kohilas,Käisin Kohilas üritusel,5695
7,üritus,üritusel,Käisin Kohilas üritusel,5695
8,laulutund,laulutunnis,Käime Karliga laupäeviti Musamaris laulutunnis,6520
9,Ateena,Ateenas,Helen istub Ateenas ühisköögis,7872
10,kleidiproov,kleidiproovis,käis Barbra teadmata kleidiproovis,8798
11,aprill,aprillis,Viimati liikus teineteise käevangus juubelipeol aprillis,11874
12,eliitülikool,eliitülikoolides,põlvkond on koolis käinud eliitülikoolides,15259
13,autokool,autokoolis,käis siis nüüd autokoolis ära,16511
14,talu,talus,saada käis Tiina koos perega suvel talus abiks,17128
15,iseenese,iseendast,disainer astus pärast showd lavale iseendast numbrit väiksemana,19785
17,Vilsandi,Vilsandil,suvel käib ta treti Vilsandil,21315
18,kelder,keldris,siis on keldris käinud varas,23000
19,Bronx,Bronxist,poleks ma Bronxist kunagi lahkunud,27200
20,finaalvõistlus,finaalvõistlusel,Koos käisid nad finaalvõistlusel,29795
21,telepurk,telepurgist,kes telepurgist läbi käis,30567
23,vastassugupool,vastassugupoolest,lõpuks istud iga vastassugupoolest hirmus teeb,32958
24,Venemaa,Venemaal,Nad käisid meiega sageli Venemaal kaasas,33090
25,kord,korras,aastat tagasi käis koolitüdruk korras Eestis,35094
26,maakodu,maakodus,hiljuti käis maakodus,37886
27,naer,naerul,Põõsast jookseb välja naerul poiss,41437
28,Verona,Veronas,filmigrupp Veronas ringi liigub,43916
33,talveöö,talveööl,talveööl käis metsavend meil,47141
34,korvtool,korvtoolidel,mina tüdruk istume korvtoolidel,47808
35,üksteise,üksteisest,inimesed käivad üksteisest läbi mühakad,49878
36,kangamess,kangamessidel,Käisid hiljuti kangamessidel suundub,50376
37,maraton,maratonidel,olen käinud maratonidel,50839
38,ida,itta,Ta lahkus pärast võitlust vennaga itta lubades,54296
39,hoiak,hoiakule,Vaatamata hoiakule astus valitsus siiski aastal samme tulla,55053
40,kuu,Kuul,detsembrini käis Kuul kokku meest,56670
41,valitsus,valitsuses,Pidevalt valitsuses istunud,57337
42,Narva,Narvas,Narvas ei käinud koolis,60401
49,maosein,maoseinast,Leidmata eest pisikuid ei lahku immuunrakud ometi maoseinast,71170
50,otsing,otsinguil,läks lahkus siitkandist otsinguil inimesi,71637
52,üldjuht,üldjuhul,mis üldjuhul rahulikult liiguvad,78001
55,pesula,pesulas,Korra käid pesulas liitrit,81699
58,iminokk,iminokas,Teisalt liigub veri iminokas suunas,88332
59,positsioon,positsioonilt,me astume tagasi positsioonilt,89531
61,tulemus,tulemusel,tulemusel peaminister astus tagasi,97110
62,tualett,tualetis,Käisin tualetis puuderdamas,102110
66,ehituskomitee,ehituskomitees,me käisime Peterburis ehituskomitees,126110
71,ajama,Ajas,Ajas astus pihtimusega üles retsidivist,135656
74,Inglismaa,Inglismaal,armastatakse siis Inglismaal käib suhtlemine kutsete abil,140421
76,kirjandus,kirjanduses,kirjanduses liiguvad väited,143536
77,missioon,missioonil,nad käivad aeg missioonil,146036
81,seitsmekümnes,seitsmekümnendatel,originaalitsemine käis juba seitsmekümnendatel,153263
85,komsomol,komsomoli,mees astus komsomoli,161125
87,Võrumaa,Võrumaal,kes käis Taaliga koos koolis Võrumaal,166403
90,puhkepäev,puhkepäeval,meremehel jookseb palk puhkepäeval,171855
92,rühm,rühmas,rühmas käib lapsi üle Tallinna,176315
93,semester,semestril,kes Amicusse astus semestril,178666
94,vajadus,vajadusele,käis koos vastavalt vajadusele,180365
95,tapp,Tapalt,üldse käib inimest Tapalt väljaspool tööl,183404
97,väljamaa,väljamaal,Leo käiski väljamaal hööveldamas,187694
102,kesklinlane,kesklinlastest,Pendeldajaid liigub kesklinlastest rohkem tööpäevadel,204251
103,võrgustik,võrgustikesse,kes on liikunud kiiremini võrgustikesse,214317
104,juhutöö,juhutöödel,eestlased ookeani taga juhutöödel käivad,217037
105,ühiskond,ühiskonnas,raha ühiskonnas liigub,233281
106,kehtivus,kehtivusest,Nii käib siin jutt käitumisnormi kehtivusest läbi prisma,239086
108,üleminekuriik,üleminekuriikides,sissesöömine käib üleminekuriikides,243363
110,kasutusala,kasutusaladel,Samuti kasutusaladel käib haldusmenetluses testimine,249280
112,tagajärg,tagajärjel,kes on ametist lahkunud tagajärjel,251641
114,kvantmaailm,kvantmaailmas,aga kvantmaailmas liiguvad osakesed,259464
118,Madalmaad,Madalmaile,Sittow on lahkunud poisina Tallinnast Madalmaile,266002
119,paiste,paistel,lauajuppidel istub paistel meest,267804
121,doktoriõpe,doktoriõppesse,aastal astus R. Kangro doktoriõppesse suundus,286715
122,lävi,lävele,Astunud topoloogiaks lävele,287782
124,jõud,jõule,käsi istus enne jõule vahi all,309008
125,suvelõpupäev,suvelõpupäeval,suvelõpupäeval istuvad meest tänaval autosse,309055
127,koolitustellimus,koolitustellimustest,jutt käib koolitustellimustest erialadele,309667
128,multimeediastuudio,multimeediastuudios,multimeediastuudios istus,315868
129,varundusseade,varundusseadmesse,andmed liiguvad kettasüsteemist läbi serveri varundusseadmesse,320413
130,MM-eriala,MM-erialale,Pärast klassi astusin MM-erialale,323448
132,Taaveti,Taavetist,jutt käib Taavetist,346052
134,teispoolsus,teispoolsusesse,teispoolsusesse lahkunud,348213
135,MM,MM-il,Viimati astus suursoosikuna võistlustulle sõudja MM-il teda,351962
136,rüseleja,rüselejal,rüselejal käisid sussid,352434
137,rivistus,rivistuses,liider astub juunil Tallinnas Eesti vastu rivistuses,353511
138,õpireis,õpireisidel,Käis õpireisidel Soomes,360647
139,tsenter,tsentrist,tipus liigub õhk tsentrist eemale,365478
140,tasandik,Tasandikul,liiguvad tornaadod Tasandikul,365502
141,Niva,Nivas,haiglasse Nivas kõrvalistmel istunud,375339
142,kõrvaliste,kõrvalistmel,haiglasse Nivas kõrvalistmel istunud,375339
146,töökoht,töökohalt,töötut oli eelmiselt töökohalt lahkunud soovil,391736
149,vaateplatvorm,vaateplatvormile,mööda treppe kõrgele vaateplatvormile astunud,396248
153,võim,Võimult,Võimult lahkunud,400413
154,paber,paberil,paberil dokumente liigub vähem,403716
156,võitlustuli,võitlustulle,enne seda astuvad võitlustulle veel truppi,404431
157,korpus,korpuses,Päästearmee korpuses käis,408750
158,NBA-ahvatlus,NBA-ahvatlusele,Vaatamata NBA-ahvatlusele käis ta ülikoolitee lõpuni,412173
163,protsess,protsessil,protsessil käis kuulamas juhataja,425589
167,Vormsi,Vormsil,kolleeg pole käinud Vormsil saarel,432100
168,loom,loomale,astub perenaine mesimagusalt loomale ligi,432220
182,kaksik,kaksikutel,kaksikutel poegadel jookseb elusuvi,459262
191,rahakott,rahakotile,Nädalavahetustel käin vastavalt rahakotile keskturul,482600
192,sadul,sadulasse,lähe istun laupäeval sadulasse,484004
193,hommikupimedus,hommikupimeduses,Istus hommikupimeduses Otepääl autosse,484462
195,põlengupaik,põlengupaigal,Öösel põlengupaigal käinud,488913
201,muusikal,muusikalis,Esmakordselt astus püünele inimene muusikalis aastal,496016
206,pilv,pilvel,pilvel istuvat,500776
210,operatsioon,operatsioonil,käis operatsioonil ära,505919
211,iimi,iimist,iimist power lahkub auto kohe lülitab,507962
212,meriväli,Meriväljal,Aleksandr istusid teisipäeval kodumajas Meriväljal tee tuli,509145
213,korsten,korstnale,haigur istus puhkama korstnale Inglismaal Northamptonis,510214
219,teelõik,teelõigul,mis liikus teelõigul eksikombel vastassuunas,519181
220,draamateater,draamateatris,Lisaks jooksevad filmid tänavu draamateatris,520449
221,maarjamaa,Maarjamaalt,kes nädala pärast lahkub Maarjamaalt,530925
222,kuku-klubi,Kuku-klubis,lapsepõlves käis ta Kuku-klubis söömas,531264
227,lähedus,läheduses,nad hommikuti ikka läheduses liiguksid,543730
234,latt,latile,jooksis latile liialt sisse,566993
238,äärelinn,äärelinnades,äärelinnades käivat lahingud,580034
245,Elvi,Elvis,südamesse astus Elvis aastal nägi,594664
270,kriis,kriisile,kriisile otsimine jookseb täistuuridel,643647
278,rakk,rakku,lugemisajaks jooksevad emmed-issid leidmiseks mööda linna jalad rakku,660120
279,luu,luust,see käib luust läbi,660838
301,varjupaik,varjupaigas,Inge käivad varjupaigas abiks mees,701397
303,nüüdismaailm,nüüdismaailmas,nüüdismaailmas liigub tehnoloogia kiiresti käest kätte,702711
317,nisupõld,nisupõllul,nisupõllul käib kuud ehitustegevus tahetakse,718979
318,turbiinisaal,turbiinisaalis,tudengid astuvad täna publiku ette vanal Kalmuneiuga turbiinisaalis puiesteel,726358
321,trajektoor,trajektooril,Võrumaal trajektooril liikunud,731632
327,sügishooaeg,Sügishooajal,Sügishooajal käin ilmselt korda perega Rootsis pidamas,745052
337,kuub,kuuel,jookseb kuuel,757483
340,vabaõhulava,vabaõhulaval,Eile Londonis vabaõhulaval üles astunud,761801
350,Alatskivi,Alatskivil,lapsed käivad Alatskivil keskkoolis,780609
360,kehastus,kehastuses,lavale astub ta kehastuses,806246
366,toetus,toetusel,tõe-näoliselt astus Kvashnin järsult kaitseministri vastu välja toetusel,817722
369,käsi-käsi,käsi-käes,Arusaamine käib käsi-käes küpsusega,822846
378,kultuurikolledõi,kultuurikolledõisse,astusin kultuurikolledõisse õppima,849801
382,delta,deltas,deltas provintsis käisin linnas,862955
389,üliõpilane,üliõpilasest,aastal käis ta seal korda külas üliõpilasest vennal,878311
391,pluss,plussis,börsid liikusid reedel plussis,878726
392,rahaauto,rahaautos,rahaautos istunud,880360
393,kapitaalremont,kapitaalremondis,kilomeetrit buss on korra käinud kapitaalremondis,880605
408,RBH,RBHsse,alusel liikusid varad Nordikast RBHsse,923831
413,ootus,ootuses,ootuses käisin aeg massaažis,936370
414,rockmuusikal,rockmuusikalis,Kõrvuti astuvad rockmuusikalis lavale lauljad,938812
421,vormelimaailm,vormelimaailmas,Muidugi liigub vormelimaailmas raha,951848
426,aju-uuring,aju-uuringul,diktaator käis korda päeva jooksul aju-uuringul,960296
427,ettekirjutus,ettekirjutusest,pole ettekirjutusest hoolimata siit seni ka lahkunud,963373
432,judotatami,judotatamile,president astus eile korda kuu jooksul Jaapanis judotatamile heideti,973451
433,võimuliit,võimuliidust,Koonderakond lahkus reedel võimuliidust,975583
437,trollima,trollis,mina aga istusin trollis,978373
438,võrgumaailm,võrgumaailmas,võrgumaailmas käib elanike vahel suhtlemine,979004
447,siselist,siselistidel,väitlus käib juba siselistidel,996954
462,trollipeatus,trollipeatusse,kaaslane jooksis pärast õnnetust trollipeatusse,1027628
464,mõisamaja,mõisamajast,päev käib ta mõisamajast läbi,1030773
470,jõulud,jõuludele,mobiilitootjad astuvad jõuludele vastu noortetelefonidega,1039619
475,maakonnakeskus,maakonnakeskuses,maakonnakeskuses käib otsimas inimest,1050241
476,lauspommitamine,lauspommitamisest,Järelikult käib jutt lauspommitamisest,1050495
482,värbamine,värbamisel,värbamisel käib konkurents,1062766
483,rahvariie,rahvariideis,kõnnivad rahvariideis,1065921
484,olemasolu,olemasolul,mäng jookseb ilusti protsessori olemasolul,1072314
494,Paksa,Paksas,Pärast tagasiastumist lahkus Paksas parteist,1085744
498,põhjapoolus,põhjapoolusel,kes käisid mais ekspeditsioonil põhjapoolusel,1097588
503,Bem,Bemis,Bemis nüüd välja käib,1101776
506,isamaaliit,Isamaaliidust,astus välja Isamaaliidust,1107363
526,tööreis,tööreisidel,Olen käinud Eestis tööreisidel,1167150
527,kaldapealne,kaldapealsel,Kõnnime kaldapealsel,1167391
536,vaegnägija,vaegnägijatele,käis vaegnägijatele esinemas,1189545
544,valitseja,valitsejale,valitsejale astub vastu number,1202479
562,Peipsi,Peipsil,Peipsil kalal käinud,1233068
584,Kaukaasia,Kaukaasias,Kaukaasias käisid piigad ujumas,1295910
586,dokument,dokumendist,jutt käib dokumendist,1304280
616,hokitrenn,hokitrennis,poeg käib hokitrennis uisutamas,1377774
622,pääsküla,Pääskülast,Tuttavad jooksevad Pääskülast kohale,1384098
637,mahitus,mahitusel,Ma olen mahitusel käinud aastal,1408095
641,linnapea,Linnapeadest,Linnapeadest käisid peale platsil linnapea,1410912
646,sakstekamber,sakstekambris,sakstekambris istusid laua taga mehed,1414728
651,palliväli,palliväljadel,liikusid palliväljadel vallutuseni,1429264
655,ülekäiguraja,ülekäigurajale,pärastlõunal kell astus Raivo ülekäigurajale,1436107
656,noorim,noorimal,siis noorimal käisid päkapikud,1440216
658,toidumüügiturg,toidumüügiturule,Kalda astub toidumüügiturule viimase peal tehnika,1442744
662,jaemüüja,jaemüüjatele,kaup liiguks töötlejalt jaemüüjatele hindadega,1446616
663,Warriorss,Warriorsist,jõud käis võõrsil 118 üle Golden Warriorsist,1447763
676,istekoht,istekohal,Istun istekohal,1480067
679,80.,80ndatel,kes käisid seal 80ndatel,1489708
689,koduõu,koduõuele,koduõuele astunud,1504224
694,tervis,tervisest,Sestsaadik tehti liiguvad pidevalt kuuldused tervisest,1518682
697,Pihva,Pihvas,käisime korra ettevalmistustel Pihvas diviisis,1523057
705,viht,vihast,aastat tagasi põrkasid jooksis viimane vihast näoga boksi juurde,1534806
723,Pitcairn,Pitcairnilt,Lennuk lahkus Pitcairnilt,1570581
725,Delfi,Delfis,Delfis käib tihti andmine omade vahel põrkuvad,1571442
731,asukoht,asukohale,ilmselt tänu asukohale käis näitusel külastajaid,1579334
747,doonoripäev,doonoripäeval,doonoripäeval käis andmas inimest,1606940
756,mootorpaat,mootorpaadis,mootorpaadis istus tuukrit,1628179
763,liikumisrada,liikumisrajal,Viimati käisid Andrus liikumisrajal teisipäeval,1636558
768,kvaliteet,kvaliteedis,erakonnad astuvad valijate ette kvaliteedis,1653522
771,väikeettevõtja,väikeettevõtjale,mis väikeettevõtjale käib üle jõu,1666252
774,Sardiinia,Sardiiniast,Ta lahkus Sardiiniast korra saanud,1674173
775,mitmepäevasõit,mitmepäevasõidul,profid astusid mitmepäevasõidul leeri,1674968
779,ummiktee,ummikteel,aastat liikus Venemaa ummikteel,1688511
783,riigikirjand,riigikirjandites,sõnul jooksis mullu riigikirjandites tekst,1700544
788,arvutifirma,arvutifirmas,Firenzes käisime arvutifirmas,1707827
797,Aivar,Aivarilt,aastat olen Aivarilt käinud küsimas,1724370
799,arvutitelk,arvutitelgis,arvutitelgis käis eile huvilist,1734631
804,vastukülaskäik,vastukülaskäigul,Virumaal vastukülaskäigul käinud,1774603
806,sihtasutus,sihtasutuses,Sergejeva käis sihtasutuses novembris,1776620
810,rätt,rättides,aedades istusid rättides naised,1795363
812,mini,minis,Talvel minis hästi ei käi,1802331
817,ebaõnnestumine,ebaõnnestumisest,ebaõnnestumisest hoolimata lahkun Eestist muljetega,1807772
818,korvpallikool,Korvpallikoolis,Korvpallikoolis käinud,1809893
823,plaju,plajudele,hankimine käib plajudele mehhiklastele üle jõu,1813144
829,jõudmine,jõudmisest,ei lahku abilinnapea kohalt enne jõudmisest ette novembril,1824388
834,telefonirežiim,telefonirežiimis,menüüd ei liiguks telefonirežiimis aeglaselt,1835720
836,äss,ässadele,hooaegadel on ta ässadele valusalt kannale astunud,1838496
846,uusrajoon,uusrajoonis,kes käis uusrajoonis hääletamas,1858393
850,Amasoonia,Amasoonias,mis ju Amasoonias edukalt käib,1861798
860,Tallina,Tallinas,hiljuti Tallinas käinud,1870058
870,avariihetk,Avariihetkel,Avariihetkel juhi kõrval istunud,1889232
877,esinemispaik,esinemispaigas,ajal astuvad esinemispaigas õllesõprade ette lauljad,1901956
879,Sigulda,Siguldas,Nädalavahetusel Siguldas MKetapil käinud,1903190
884,imik,imikutest,väitel käib Jõulumäel rahvast alates kõhul imikutest kuni pensionärideni välja,1907980
893,kangisaal,kangisaalis,Nüüd käisin päeva enne võistlust kangisaalis,1925431
900,veinipidu,veinipeol,Korra käis Ööbik Rakverest väljaspool veinipeol,1933255
908,McLaren,McLarenisse,McLarenisse lahkunud,1959066
910,tualetipott,Tualetipotist,Tualetipotist mööda istunud,1962711
917,sinine,sinisesse,Marika istus eemal sinisesse Fordi,1983579
927,juveeliäri,juveeliärisse,Astuvad sisse juveeliärisse,2015995
932,naiskodukaitse,naiskodukaitsesse,naiskodukaitsesse astuvad,2025388
950,Ikaru,Ikarust,Praegu liigub liinidel sõnul päev kaks Ikarust,2071710
961,festivalivõitja,festivalivõitjast,Eestist astub seekord lavale rohkearvuliselt lauljaid alates festivalivõitjast,2079657
963,külapidu,külapidudel,aeg-ajalt käib ta külapidudel mängimas,2081700
965,parandusmasin,parandusmasinale,remont käib tänu parandusmasinale kiiremini,2084703
970,neljasilmavestlus,neljasilmavestlusel,korda käisin neljasilmavestlusel,2090451
973,seisus,seisusest,oleks astuksin ma seisusest otsekohe välja,2095742
981,taaspühitsemine,taaspühitsemisest,Piiskop-emeeritus on käinud olavipäeval aastal alates taaspühitsemisest,2106317
988,lennundus,lennundusele,Estonian liigub lennundusele suunas aastal,2126296
992,kinnipeetav,kinnipeetavast,kinnipeetavast astus eile esimesena kabinetti Eenmaa,2132945
1003,kuru,kurus,lennukid pole kurus käinud,2164423
1004,tagaots,tagaotsas,Ustimenko istus tagaotsas pannud,2168867
1015,Amsterdam,Amsterdamis,Esmaspäevani istus ta Amsterdamis trellide taga,2197885
1018,lahkumine,lahkumisest,käis dislussioon lahkumisest,2204217
1027,ühinemisläbirääkimised,Ühinemisläbirääkimistesse,Ühinemisläbirääkimistesse on astunud Eesti,2231299
1029,luide,luidetelt,luidetelt liigub liiv hoovuste mõjul veel muulide vahele laevakanalisse sonni,2236851
1036,valimiskomisjon,valimiskomisjonis,ma esmaspäeval end valimiskomisjonis registreerimas käisin,2247330
1038,aura,Auras,palju käib Auras lätlasi,2251934
1040,eramu,eramutes,ajal käivad vargad eramutes sees päeva ajal toimetavad,2254387
1043,töökorraldus,töökorralduses,juurutamisega astub linn töökorralduses sammu edasi,2257437
1055,ujula,ujulas,Nad käisid siin ujulas ujumas,2280525
1058,vangistus,vangistuses,laureaat istus protestidest hoolimata vangistuses,2287509
1071,eetika,eetikasse,Ühelt jookseb ta sisse eetikasse,2319121
1082,põhiväärtus,põhiväärtustest,Jutt käib põhiväärtustest,2337797
1084,õhuruum,õhuruumis,Nüüd kõnnivad õhuruumis laevamudelite vahel muuseumikülalised,2343433
1087,sügissuplem,sügissuplemas,käib hoidmiseks koos setteri veerel sügissuplemas,2349133
1103,sõjaväeterritoorium,sõjaväeterritooriumil,konvoi käis linnast sõjaväeterritooriumil,2392365
1126,konjakireis,konjakireisil,klubi käib korra Prantsusmaal konjakireisil,2423032
1133,uulits,uulitsal,Seega on karud uulitsal käinud,2435177
1136,Bal-neomi,Bal-neomis,Bal-neomis käib traumadega inimest,2440747
1138,majaelanik,majaelanikest,Tänaval peal käib majaelanikest kolmandik,2450709
1142,orienteerumisvõistlus,orienteerumisvõistlusel,ilmselt käin üle aja taas orienteerumisvõistlusel,2465706
1143,kultuurifestival,Kultuurifestivalil,Kultuurifestivalil Kopenhaagenis astuvad üles muusikud,2466893
1145,diivaninurk,diivaninurgal,Helene istub diivaninurgal nii istuvad,2473880
1157,taksondus,taksonduses,Alates päevast tekkisid käib taksonduses kammajaa,2502392
1166,tööpataljon,Tööpataljonis,Tööpataljonis käisime üle metsatöödel,2525783
1180,Petseri,Petseris,kutsel Petseris käisin,2548089
1183,proovilava,proovilaval,Vahetult enne Gerlit proovilaval käinud,2553959
1187,euroaju,euroajudes,euroajudes liigub mõte,2566893
1189,orhideevorm,orhideevormidele,Näiteks Floridas käib orhideevormidele jaht,2570540
1198,foon,foonil,Reklaamplakatil istub Gorbatšov tagaistmel foonil,2598046
1200,rentsel,rentslisse,astu rentslisse,2601065
1211,humanitaarala,Humanitaaraladel,Humanitaaraladel on tegelastest lahkunud Berk,2627818
1212,uni,unes,sõnul kõnnib vend sageli unes,2628470
1222,tarbekunstigalerii,tarbekunstigaleriis,jalas käisid nad tarbekunstigaleriis jäädes,2645260
1223,hävitamine,hävitamisel,likvideerimine käib hävitamisel stsenaariumi järgi,2647370
1226,sotsiaalkeskus,sotsiaalkeskuses,sotsiaalkeskuses tegemas käivad,2660218
1231,hommikukuub,hommikukuues,kes istub hommikukuues kiiktoolis,2675484
1247,headus,headuses,Polkovniku astuvad Madis headuses,2703614
1252,energiafirma,energiafirmast,Jutt käib energiafirmast,2711646
1274,1960.,1960-ndatel,kirjamees astus kirjandusellu 1960-ndatel oli,2758759
1278,Kajakas,Kajakast,Jutt käib Kajakast aastast,2776427
1292,äriringkond,äriringkondades,kes istuvad äriringkondades,2833469
1296,La,Las,Näiteks käib Las Vegases esinemas Elton,2843537
1298,MM-etapp,MM-etapil,MM-etapil poodiumile astunud,2849951
1299,prostitutsiooniprotsess,prostitutsiooniprotsessis,pidajad astuvad nädala pärast prostitutsiooniprotsessis süüdistatavatena kohtu ette,2850446
1306,sunniit,sunniidist,mis valitsusajal astus vastu sunniidist režiimile,2868126
1308,digitaalplatvorm,digitaalplatvormile,nähtav siis alates eilsest liikus kanal digitaalplatvormile,2868797
1313,toomemägi,Toomemäele,mis koos rongkäigulistega Toomemäele liigub,2876995
1316,Show,Show'l,Show'l astub ülesse poeg,2881047
1322,list,listides,debatt on listides käinud,2894951
1331,Mäo,Mäolt,kes alates Mäolt Sõmerpalu poole astus abistada,2914970
1342,rongivagun,rongivagunis,plahvatus käis kell hommikul rongivagunis,2935416
1351,talumees,talumeestest,mis liiguvad küll talumeestest kiiremini,2948429
1356,hasart,hasardist,paljud käivad sisseastumiskatsetel lihtsalt hasardist,2958172
1360,arvutimess,arvutimessil,Peeter käis Saksamaal arvutimessil,2969584
1387,sessioon,sessioonil,sessioonil istus seltskond arutama,3020436
1396,traal,traalidel,Puhkuse ajal käis Mart kuulmisega traalidel,3046804
1404,muusikamaastik,muusikamaastikust,Jutt käib muusikamaastikust,3074835
1409,väikeplokk,väikeplokkidest,Külas käis väikeplokkidest ehitamine saama,3084667
1424,Taanimaa,Taanimaalt,Taanimaalt noruspäi lahkuvad,3123460
1429,reaktor,reaktorist,Soojusenergia lahkub reaktorist hoopis heeliumi abil,3133883
1448,Kazimirez,Kazimirezis,ta pole käinud Kazimirezis,3168075
1454,olümpia-mäng,olümpia-mängudel,olümpia-mängudel käis kultuuriminister,3182877
1464,seganeljane,seganeljases,seganeljases istusid veel Silver,3204280
1465,õhtuhämar,õhtuhämaras,kuuseäri ees käis eile õhtuhämaras riietumine,3204762
1475,eksamikeskus,eksamikeskuses,Eile käisid eksamikeskuses küsimas abituriendid,3225693
1485,huvialaring,huvialaringides,Erinevalt käib ta sagedamini huvialaringides,3239061
1491,türklane,türklastest,Tihtipeale astusid nad türklastest mööda,3249470
1495,Martha,Martha's,Martha's on Russo käinud perega aastaid,3259912
1506,massaažikool,massaažikoolis,kes käivad massaažikoolis lihtsalt huvist,3281083
1518,videvik,Videvikus,Videvikus liiguvad loomad kanapimedus,3325590
1522,töömaht,töömahust,komisjonid ei käi töömahust üle,3331061
1524,europarlament,europarlamendis,õnneks ei käi poliitika europarlamendis riigiti,3333735
1525,suurendamine,suurendamisest,jutt käib suurendamisest,3336383
1542,välibassein,välibasseinis,Noormehed käisid välibasseinis,3375644
1547,Tammsaare-lavastus,Tammsaare-lavastuses,kes Tammsaare-lavastuses astub üles Indrekuna,3405462
1551,müügitehing,müügitehingul,kelm käis ise müügitehingul võtmas kannatanud,3413771
1553,kõrvalejäämine,kõrvalejäämisele,hinnanguil käis vaatamata kõrvalejäämisele hääletamas protsendi erandina,3420792
1554,Reaalkool,Reaalkoolist,Reaalkoolist pole jookul lahkunud õpetaja,3422332
1559,naisteosakond,naisteosakonnas,käis naisteosakonnas,3430512
1560,golfiraja,golfirajal,Tulles käime golfirajal,3433331
1564,Schäuble,Schäublel,Käed liiguvad Schäublel aga tänu imele,3436940
1567,laadaplats,Laadaplatsil,Laadaplatsil käib elu,3438008
1569,seitsmetund,seitsmetunnist,kes astus pärast seitsmetunnist mängu meie juurde,3444370
1577,korraldusmeeskond,korraldusmeeskonnast,Tänavu on Rock korraldusmeeskonnast lahkunud mehed,3455409
1581,seenekasvatusprojekt,seenekasvatusprojektile,käisid majandusministri juures seenekasvatusprojektile palumas,3465113
1583,kips,kipsis,kellest 10 lahkusid kliinikumist kipsis jalaga,3468572
1590,infosajand,infosajandisse,infosajandisse astuvat,3483713
1591,hakatus,hakatusel,alatasa käime talle hakatusel meenutamas,3485620
1596,lasterong,lasterongis,juhataja istuvad lasterongis nimega,3500618
1609,pakkuja,pakkujast,kes on liikunud sammhaaval pakkujast,3538303
1621,ettevalmistusraha,ettevalmistusrahast,jutt käib ettevalmistusrahast,3574800
1634,tervisehäire,tervisehäirele,protsenti oli vaatamata tervisehäirele käinud tööl,3608094
1642,Togo,Togost,president lahkus eile Togost,3647282
1651,varasügis,varasügisel,konkurent käis varasügisel välja Ristküsitluse,3669837
1662,net,netis,netis tüübid käivadki,3684619
1668,töörühm,töörühmas,esindajad istusid tõepoolest töörühmas,3690852
1678,politseikolledž,Politseikolledžisse,Politseikolledžisse astunud,3709812
1680,klubides-pubides-kontsert,klubides-pubides-kontsertidel,kes klubides-pubides-kontsertidel käivad,3713348
1685,erarõivas,erarõivastes,Koalitsiooniväed liiguvad aladel tihti erarõivastes kasutades,3729764
1686,pdagoogikaülikool,pdagoogikaülikoolis,Olen käinud pdagoogikaülikoolis otsimas,3730989
1689,projekteerimine,projekteerimisel,näiteks käivad tööd projekteerimisel,3733351
1698,kaklus,kakluses,varem istus ta aastat kinni tapmise eest kakluses,3751782
1702,silt,siltidele,keeleinspektorid käiksid linnaosas siltidele näitamas,3764499
1716,rannahoone,rannahoones,lapsed käisid juba neljapäeval koos rannahoones peol,3797735
1733,Floro,Floros,Tiia jooksis Norramaal Floros tõkkeid rekordiga,3840396
1736,majaosa,majaosas,majaosas käib ehitus,3855297
1737,lina,linal,kes astub korda üles linal,3855999
1739,lapsepõlvemaailm,lapsepõlvemaailmas,Priit käis ekskursioonil lapsepõlvemaailmas,3863063
1750,kaitsekonfiguratsioon,kaitsekonfiguratsioonist,armee käiks pingutuseta üle kaitsekonfiguratsioonist,3872019
1772,lauatoake,lauatoakeses,lauatoakeses istume,3919614
1775,üksikrajatis,üksikrajatistest,toetuste puhul ei käi jutt üksikrajatistest,3933321
1776,Bain,Baini,praegugi käib USA-s Baini rajaja vahel vaidlus,3933930
1780,VIP-sektor,VIP-sektoris,Kõndisin staadonil ringi VIP-sektoris,3950991
1787,põhikoosseis,põhikoosseisust,KuPS-ist lahkus pool põhikoosseisust,3963269
1789,IT-äri,IT-ärisse,aastat tagasi astus Siff jõuliselt IT-ärisse,3980137
1791,printsess,Printsessi,Printsessi käib Tallinnas leinamas kooliõpilasi,3984643
1795,kroonimispidustus,kroonimispidustustel,Venelased käisid seal kroonimispidustustel,3989471
1809,kanep,Kanepile,Vähem istub Kanepile võrdlemine ameeriklanna,4029694
1811,pst,pst-l,Istume Pirital pst-l džiipi,4032312
1812,medalivõit,medalivõidust,jutt käib suusakuninganna medalivõidust,4033022
1816,veehaare,veehaardesse,mis aga liigub veehaardesse,4039516
1821,pallimäng,pallimängudelt,Küll jooksevad staadioni äärde pallimängudelt tantsu-tüdrukud,4045004
1838,tähetorn,tähetornist,astume tähetornist välja,4093097
1843,eesosa,eesosas,eesosas liigub pea,4099400
1844,esine,esiselt,Kobaras koos tõttasid nad esiselt Kakumäe poole,4101664
1852,labidas,labidale,Istusin otse labidale,4125828
1862,diagnostikakeskus,diagnostikakeskuses,pärast seda käis ta uuringutel diagnostikakeskuses,4147620
1871,toomine,toomisel,rollis astus Kalkun aastatel üles toomisel,4178587
1878,Avinurme,Avinurmest,vaenlane Avinurmest edasi ei liiguks,4193799
1888,läänetiib,läänetiivas,boss istus läänetiivas toas,4210329
1902,Veiko,Veikole,Karin istub Veikole lähemal,4256809
1914,saksa-turnee,Saksa-turneel,Kursman käib ära Saksa-turneel,4286692
1924,talihooaeg,Talihooajal,Talihooajal jooksis teravamalt Igor suvel,4307628
1950,lahendamine,lahendamisel,Lebedi vahel käib lahendamisel võistlus,4356925
1952,malm,malmist,sõnul käib nädalal ikka pakkujat lootusrikkalt malmist luukidega kohal,4368535
1957,rattatool,rattatoolides,põnni istuvad rattatoolides üks,4379154
1960,suusatreening,suusatreeningutel,Nooruspõlves käis suusatreeningutel abikaasa,4382945
1980,Yle1,Yle1-st,sarjadest jookseb argihommikuti Yle1-st,4430520
1984,teraapiatuba,Teraapiatoas,Teraapiatoas istuvad inimesed vaguralt maalide ees,4440899
1994,tuledesära,tuledesäras,teine liigub tuledesäras,4469680
1996,liitmine,liitmisele,astusid otsustavalt liitmisele,4472382
1997,kahepaat,kahepaati,Jaanson istuvad regatiks kahepaati,4477233
2010,läänekülg,lääneküljest,praegu liigub praam lääneküljest mööda ringiga juhuks,4507299
2035,Šanghai,Šanghais,Šanghais käis nimelt visiidil ametnik,4551016
2047,klaveriklass,Klaveriklassis,Klaveriklassis käib töö programmi järgi,4572993
2054,reservõppekogunemine,reservõp-pekogunemistel,mullu käis reservõp-pekogunemistel kaitseliitlasi,4588878
2055,perelehekülg,Pereleheküljel,Pereleheküljel käime külas kodudes,4589584
2067,uusasum,uusasumitesse,sõnul on aastaga uusasumitesse lahkunud elanikust Viimsisse,4602218
2083,maailmaturnee,maailmaturneel,käis koos ansambliga maailmaturneel,4637803
2086,haavel,haavlitest,üks haavlitest liikus südamesse,4639978
2095,suusakuurort,suusakuurordis,rongipõlengut käib suusakuurordis Kaprunis pidu muiste,4654032
2103,Infortar,Infortari,Varem on Ühispangast omanikfirmasse Infortari liikunud sekretär,4670894
2126,pommitaja,pommitajatele,Käisime pommitajatele varem peale,4702084
2137,Valerenga,Valerengas,Valerengas testimisel käinud,4714292
2139,vormeliraja,vormelirajal,Kas vormelirajal istub rooli,4722912
2154,Moldova,Moldovast,Moldovast olevat aasta jooksul lahkunud inimest haltuuratööl,4749411
2159,Barbara,Barbaras,laupäevaõhtul istub Barbaras inimesi on,4768424
2166,raadius,raadiuses,reostus liigub piirkonnas raadiuses,4781077
2170,matkariie,matkariietes,käid matkariietes,4792916
2171,perenaine,perenaisel,lüpsis siis nüüd käib naabrinaine perenaisel abiks lüpsmas,4794620
2175,Tatjana,Tatjanal,Koolitüdrukud käivad Tatjanal abiks kammimas,4817849
2187,Weinheimi,Weinheimis,Toomas jooksis Weinheimis meetrit ga,4834749
2192,keskkonnafond,keskkonnafondile,keskkonnafondile käib andmine üle jõu,4847049
2216,võistluskarussell,võistluskarussellilt,lahkus kaotuse järel USAs võistluskarussellilt,4896148
2220,Lada,Ladasse,jõudnud istusid röövlid koos ekskavaatorijuhiga Ladasse,4906616
2231,joogikontsern,Joogikontsernist,Joogikontsernist ASist lahkunud,4921016
2239,meelehärdus,meelehärduses,jookseb meelehärduses lapse juurest minema,4938410
2262,majutuskeskus,majutuskeskusse,Edasi liigub ta majutuskeskusse,5002011
2265,šampoonitam,šampoonitamas,kes käib purskkaevusid šampoonitamas,5012629
2269,inkasso,Inkassost,Julianuse Inkassost lahkunud,5023486
2274,infosüsteem,infosüsteemis,infosüsteemis liigub info koos patsiendiga,5029184
2314,raamatupidamisstandard,raamatupidamisstandarditele,Praegu käib arvutamine vastavalt raamatupidamisstandarditele,5102384
2315,liivasiil,liivasiili,kes endale liivasiili jalga astus,5102839
2326,vaenlane,vaenlasele,vaenlasele vastu astusid võitluses,5123416
2334,Põhja-Afganistan,Põhja-Afganistanis,Põhja-Afganistanis käivad lahingud protesteerivad,5147178
2335,džihaad,džihaadist,Täna astusime džihaadist džihaadi mõeldes,5147365
2337,esikülg,esikülgedelt,näopilt on läbi käinud esikülgedelt tootereklaami,5150111
2344,võidupäev,võidupäeval,kes lahkus võidupäeval pealinnast,5160736
2354,maakonnahaigla,maakonnahaiglasse,maakonnahaiglasse juhi kõrval istunud,5185368
2363,käsitlus,käsitluses,krahv astub käsitluses kultuurispasmidega sammu kerkib,5193179
2376,riigieelarve,riigieelarvele,väljamaksmine ei käi riigieelarvele kindlasti üle jõu suurenevad,5208092
2382,puukool,puukoolis,rootslased on puukoolis käinud küll,5223999
2383,tantsuetendus,tantsuetendusel,tantsuetendusel astuvad pühapäeval Ugalas lavale balletiartistid,5224621
2397,skulptuuriring,skulptuuriringis,Istusin ajal hoopis palees skulptuuriringis,5251603
2398,kopteriparras,kopteripardalt,Käisin korduvalt kopteripardalt vaatamas,5253268
2412,abieluvoodi,abieluvoodil,ämm istub abieluvoodil,5279317
2416,takistamispüüe,takistamispüüetele,kõndis takistamispüüetele minema,5288880
2425,fanatism,fanatismist,inimesed käivad koos fanatismist,5296719
2442,Kaagvere,Kaagverest,käis päeva eest Kaagverest toomas,5343266
2472,juulis-august,Juulis-augustis,Juulis-augustis käib rästik sageli jahil nuumata,5415677
2473,piletimüük,piletimüügis,Hinnanguliselt liigub piletimüügis sularaha üle krooni,5416387
2482,töötlemine,töötlemisel,mis käib töötlemisel konventsiooni kohta,5448619
2527,magaja,magajatel,magajatel käis laine aja vastu nina,5567173
2532,font,fondis,initsiatiivil käib fondis praegu inventuur,5578161
2547,narkosõltuvus,narkosõltuvuses,sõnul käis narkosõltuvuses turgutamas tekkisid,5623192
2565,internetilehekülg,internetileheküljel,Statistika järgi käib internetileheküljel huvilist,5661480
2598,herilasepesa,herilasepessa,me herilasepessa ei astuks,5724256
2599,internetikasiino,internetikasiinodest,käe all jookseb hulk internetikasiinodest,5724624
2619,tagumik,tagumikku,keegi enesele pindu tagumikku ei istuks,5753144
2636,punkar,punkarist,Ma käisin punkarist sõbral EÕM-is külas,5794671
2646,tele-eeter,tele-eetris,Mehed paneb on tele-eetris käinud sügisel,5807045
2649,seinaorv,seinaorvas,Istume seinaorvas,5817678
2660,kiirustama,kiirustas,sõnul lahkus Ivanov kiirustas,5825191
2662,retseptsioon,retseptsioonist,ajal avati käis Kunstihoones retseptsioonist,5828509
2679,Jefrey,Jefreyst,Lahkun Jefreyst,5866946
2685,Lätimaa,Lätimaale,hiljem liikusid hääletades Lätimaale Ipikule külje alla,5871198
2686,MTG,MTG-st,aastal lahkus Nuutmann MTG-st,5872912
2689,briifing,briifingul,Saulius on turismiministeeriumis briifingul käinud,5877157
2690,erilennuk,erilennukile,kes istus õhtul Tallinnas erilennukile lennata,5881286
2693,joogatund,joogatundides,Alul käis perekoolis joogatundides loengutes,5886898
2695,krematoorium,krematooriumisse,Matusetalituse järel liigub sark suurtükilafetil aupataljoni saatel krematooriumisse,5889108
2709,teravaim,teravaimalt,poolel liikusid teravaimalt Williams-Darling,5920564
2710,kuldkala,kuldkalale,Käisime veel Anne kuldkalale ütlemas,5923693
2720,Lõuna-Iraagi,Lõuna-Iraagist,sõdurid Lõuna-Iraagist lahkuvad,5936678
2724,paremus,paremuselt,Aleksander astus College kevadesse paremuselt kettakaarega rekordist,5943229
2725,jahi-maa,jahi-maadele,hoopis soovil jahi-maadele ei lahkuks,5950400
2729,odavise,odaviskes,Sama käib odaviskes,5968319
2733,vehklemistreening,vehklemistreeningul,käib küll vahetevahel saalis vehklemistreeningul,5979417
2734,etikett,etiketist,jutt käib etiketist,5981319
2736,laienemine,laienemisest,jutt käib laienemisest,5983095
2748,võitleja,võitlejatele,tänu võitlejatele lahkusid okupatsiooniväed,6006841
2762,kooskõlastusring,kooskõlastusringil,detailplaneering liigub kooskõlastusringil nüüd kiiremini võimalda,6028080
2797,võimsus,võimsusel,mõlema puhul käis töö võimsusel,6093394
2798,võltskarp,võltskarpides,turul on alati ka võlts-kuubalasi liikunud võltskarpides,6096994
2801,nõgi,nõel,Sarnaselt käib otsaga nõel üle molekulide võimaldades,6103148
2818,teabevargus,teabevarguses,õhtul astuvad LHV USA-s kohtu ette süüdistatuna teabevarguses teenimises,6138817
2825,netifoorum,netifoorumis,hilisõhtul istus paigus netifoorumis inimest otsides,6159028
2832,ärikomandeering,ärikomandeeringutes,kes käib pidevalt ärikomandeeringutes,6164457
2835,maletaja,maletajast,maletajast istuvad laua taha kaheksa,6168820
2845,hooldetiim,hooldetiimist,hooldetiimist lahkunud,6193115
2853,tagamine,tagamisele,Tänavatel liigub politsei koos tagamisele sotsiaaltöötajaga,6207675
2883,vahipost,vahipostidel,piirkaitsjad käisid vahipostidel juhtub,6284528
2887,õhuvägi,õhuväest,Tibbets lahkus õhuväest brigaadikindralina aastal,6292763
2894,Bravocom,Bravocomist,Numbriteisaldusega on Bravocomist lahkunud klienti,6312475
2918,koolistaadion,koolistaadionil,lastekollektiiv jookseb koolistaadionil,6359294
2926,ärikursus,ärikursusel,Käisin sissejuhatuseks ärikursusel,6386469
2937,korjanduskast,korjanduskastis,rahad korjanduskastis liikusid,6413610
2975,üleujutus,üleujutusel,Raidma on liikmena seni käinud missioonil aastal üleujutusel,6506456
2978,asutamine,asutamisest,surve tõttu ametis lahkunud alates asutamisest sõda,6512378
2987,Vuelta,Vueltal,kes astus Vueltal sadulast etappi enne lõppu,6528430
3003,jah-pool,jah-poolele,Erakonnas euroteemal jah-poolele astunud,6554024
3014,teatemeeskond,teatemeeskonnas,Golberg jooksis eile teatemeeskonnas,6587373
3016,peatreeneripink,peatreeneripingile,peatreeneripingile on hooaja jooksul istunud Jaak,6592790
3030,Spacecomi,Spacecomil,sõnul käivad Spacecomil aastat vaidlused küll tariifide üle,6613743
3032,ristik,ristikul,05.03.2003 kella ajal ristikul astus kohas sõiduteele,6617067
3037,mõisahoone,mõisahoones,mõisahoones käib elu,6625905
3040,ringkäik,ringkäigul,ringkäigul käis kultuuriminister lastekodudes,6630756
3041,napsipood,napsipoes,Käisin napsipoes,6635881
3056,pronks-skulptuur,pronks-skulptuurile,linnud ei istu pronks-skulptuurile,6664516
3106,valuuta,valuutades,60% käib valuutades tehakse,6783471
3117,abiorganisatsioon,abiorganisatsioonidele,mõju vastu võitlemine käib ülejõu abiorganisatsioonidele,6803691
3123,Maldiivi,Maldiividel,Ma olen korda käinud Maldiividel,6823646
3127,linastus,linastustel,samuti on ta sellega käinud linastustel,6833439
3128,sotsiaal-amet,sotsiaal-ametisse,nüüd käib ta sealt sotsiaal-ametisse toomas,6835095
3135,tragöödia,tragöödiasse,tragöödiasse istusid oivaliselt,6841265
3139,kirjanduslava,kirjanduslavale,aafriklased astusid kirjanduslavale suuresti aastatel seoses levikuga,6878663
3145,Erki,Erkile,Erkile käis kiirus üle jõu,6886947
3154,seltsipidu,seltsipidudel,kes käib seltsipidudel laulmas,6912777
3159,peiduurgas,peiduurkas,Emerson istus peiduurkas ampullide otsas,6924492
3181,Leigo,Leigol,meelde Leigol üles astuvat,6961175
3182,lavastajapult,lavastajapuldis,kes istus tänavu lavastajapuldis,6962572
3208,autasustamine,autasustamisel,Maret-Sport viis astusid autasustamisel astmele,7004365
3210,müüriosa,müüriosal,müüriosal käib täna lõppviimistlus,7008078
3217,riigiviis,riigiviisil,Viimati käis liidritest UKs riigiviisil tsaar,7026002
3226,kušett,kušetile,Tüdruk istus kušetile,7043686
3227,puulaud,puulaual,nad istusid üksteise vastu litsutuna puulaual,7049812
3231,taim,taimele,ju ma siis astusin liikudes taimele,7063096
3234,NKVD-mees,NKVD-meestele,Roopalu päeva ajal keset NKVD-meestele sülle jooksis,7073277
3235,paisjärv,paisjärves,Käisime Tshempionsoniga paisjärves granaatidega püüdmas,7077786
3236,inter,intris,Pärast käisin intris vaatamas,7081319
3238,Tretjakovkas,Tretjakovkas,Käisime Pavkaga Tretjakovkas,7081495
3239,GUM,GUM-is,Käisime kaubamajades GUM-is,7081568
3241,kotletibaar,kotletibaaris,Istub muudkui kotletibaaris metroojaama kõrval,7083995
3249,kapinurk,kapinurgal,kodus istus karu kapinurgal,7097949
3256,seksiõpetus,seksiõpetuses,seksiõpetuses käivat,7120442
3258,nõlvaed,nõlvaias,Nad istusid kõrvuti pingil maja ees nõlvaias,7126236
3260,kaitseseisang,kaitseseisangusse,astus jalad kaitseseisangusse,7127240
3262,Susanna,Susannale,Raigo muuseas käis seeaeg Susannale pinda võtta,7135846
3265,basseiniäär,basseiniäärel,Timo istus basseiniäärel,7137364
3266,luksusköök,luksusköögis,Inga istus üksinda luksusköögis,7143464
3269,kaljusopka,kaljusopkal,ma istusin koos Veronikaga männi all seal kaljusopkal,7148644
3273,mungaklooster,mungakloostris,Egiptuses käisime vaatamas mungakloostris,7156345
3275,psühholoogiakonverents,psühholoogiakonverentsil,käisin Sankt psühholoogiakonverentsil tuttavate hulgas furoori võrrelda,7163784
3292,ravimipood,ravimipoes,nõnda käib päeva jooksul ravimipoes klienti,7206108
3335,parteikool,parteikoolis,Enno-Lembit oli pärast demobiliseerimist käinud parteikoolis,7341585
3336,valgemets,Valgemetsas,kes käis suvekodus Valgemetsas,7341811
3350,suusatajasamm,suusatajasammul,lahkus suusatajasammul kabinetist,7384749
3355,Ingrid,Ingridil,Ingridil kodus väikelinnas külas käisin,7390103
3362,Moorasaar,Moorasaares,perenaisega koos käisite Moorasaares röövimas,7398201
3363,Köln,Kölnis,Kadri käis Kölnis aastasündmusel,7398898
3369,muulikivi,muulikivil,Kalju istuvad muulikivil,7411106
3392,Transiti,Transitis,Teinekord istus Transitis tüdruk nö ametlikult,7453329
3405,turvavöö,turvavööst,aga jutt käib turvavööst,7476620
3407,tuberkuloos,tuberkuloosi,lahter käib tuberkuloosi,7482201
3417,saalituba,saalitoas,me jälle saalitoas istusime,7496895
3418,Pegasus,Pegasuses,õhtul istusin Pegasuses,7496979
3429,kaldarinnatis,kaldarinnatisele,Istume kaldarinnatisele sööma,7531956
3431,eluiga,elueas,Pole ma elueas nende juures käinud,7537221
3435,sitt,sitas,Istu siis sitas,7541190
3442,pruut,pruutidele,Varem käis ta pruutidele helistamas,7561016
3469,pornomess,pornomessil,Käinud korduvalt pornomessil,7624507
3497,jõekäär,jõekäärus,Istusime sõpradega jõekäärus,7685420
3509,televisioonistaap,televisioonistaapi,oodates astusid sportlased televisioonistaapi,7704612
3517,äripartner,äripartnerile,Pangast liikus raha kergekäeliselt äripartnerile,7729504
3518,vesilood,vesiloodile,Jüri kõndis keset autoteed vesiloodile püüdes,7730401
3520,pohma,pohmas,Nimelt kõndis laulja pohmas peaga mööda tänavat,7731837
3525,Westbergi-eraalgkool,Westbergi-eraalgkoolis,Ilmar käis Westbergi-eraalgkoolis reaalgümnaasiumis,7743942
3526,reaalgümnaasium,reaalgümnaasiumis,Ilmar käis Westbergi-eraalgkoolis reaalgümnaasiumis,7743942
3535,tammepuu,tammepuust,tammepuust mehed käinud raamvankriga korda järel,7769409
3541,moeäri,moeäris,moeäris liiguvad mastaabis rahad,7784278
3571,kalurimajake,kalurimajakesse,Astume kalurimajakesse,7857182
3578,hiigelformaat,hiigelformaadis,hiigelformaadis lito vastas jooksis non-stop tantsuvideo,7875987
3584,saunatrepp,saunatrepil,Parajasti ta saunatrepil istus,7905075
3589,jalgotsi,jalgotsis,Enn-Aksel istus ta jalgotsis,7916146
3591,kolt,koldist,aastat ei lahkunud hetkekski koldist,7920604
3594,peolaud,peolauas,mõned istusid peolauas,7927880
3595,foogt,Foogtile,Estrada astus Foogtile lähemale,7930993
3599,vä,vä,paaritusmäng käib vä,7935917
3604,puhmas,puhmastes,sa mehega puhmastes käisid,7948047
3605,autokumm,autokummile,Istusin autokummile,7952568
3606,Wilde,Wilde'is,Istun Wilde'is koos majanaabriga,7953659
3618,Teise,Teises,Teises istus maani hobusevaras öövalvur,7968143
3638,kaupmeheelamu,kaupmeheelamus,Nüüd ma siis istusin kaupmeheelamus kamina ees,8026990
3640,tulepaiste,tulepaistel,nende keskel tulepaistel liiguvad haldjad,8030430
3658,dise,disesse,minutid enne keskpäeva astus luurerühm saarelt neljateistkümnekraa disesse vette,8051038
3670,Dinamo,Dinamos,Dmitri jooksis koos eestlasega platsile alguses Moskva Dinamos aga detsembrist saati Permi,8098545
3687,kodutu,kodututele,varjupaigas käib korda kodututele jagamas liige,8122306
3727,ritv,ridval,Pavel istub ridval,8191348
3736,diakooniamaja,diakooniamajas,diakooniamajas käib võimlemisrühm,8211413
3738,lumesadu,lumesajus,lumesajus ringi liikunud,8213045
3739,tutvumisõhtu,tutvumisõhtul,Õhtul käisime matkamajas tutvumisõhtul mängimas,8213207
3747,Metz,Metzis,Metzis käinud,8225208
3762,HETA,HETAst,tänaseks HETAst lahkunud,8254418
3766,Aeron,Aeronil,Istun hetkel Aeronil,8265209
3767,rütmika,rütmikalt,liigub rütmikalt,8266046
3768,Dixielant,Dixielandis,varem käisime Dixielandis,8272137
3777,lindla,lindlas,lindlas käib parasjagu kaalumine,8309535
3792,kümnepallisüsteem,kümnepallisüsteemis,Punktiarvestus käis kümnepallisüsteemis,8366453
3795,Ikarus-buss,Ikarus-bussi,Ta istus jaamas lõpp-peatuses aktsiaseltsile Ikarus-bussi,8376696
3796,telefonivabrik,telefonivabrikus,Nad on telefonivabrikus korda vaatamas käinud,8378681
3814,ekstaas,ekstaasi,ekstaasi asemele astub salvimine,8429134
3834,jalanõudekapp,jalanõudekapile,istusin luristades kirudes esikus jalanõudekapile,8505853
3836,hommikukaste,Hommikukastes,Hommikukastes istusin ta kõrval kerkis,8522323
3837,porimülgas,porimülkast,too astus porimülkast rambivalgusse,8522799
3843,maainimene,maainimestel,maainimestel käib lehti,8532508
3861,puhkebaas,puhkebaasides,puhkebaasides käinud,8556548
3880,teabmima,teabmis,istunuks ta seal teabmis ajast,8593731
3881,purskkaevupark,purskkaevupargis,ta siis ekspeditsiooni algul purskkaevupargis istus raamat,8593985
3885,poroloontugitool,Poroloontugitoolis,Poroloontugitoolis jalg istus Toomas,8600345
3895,boheem,Boheemis,ooperit käisin kuulamas poisikesena Boheemis,8614718
3896,Meinhard,Meinhardi,Korraks jooksin Meinhardi kägaras kogu poole,8617677
3904,toetuskonverents,toetuskonverentsil,spetsialist käis juuni algul Mongoolias toetuskonverentsil,8626159
3918,väljavisatu,väljavisatutele,kaameramehed jooksid väljavisatutele tormi,8657783
3921,tippmees,tippmeestelegi,Piirsalu astus lõpus tippmeestelegi kandadele,8658550
3923,neeger,neegrist,suunal liigub shokolaadinali neegrist sõbra pihta,8669470
3933,ringrõdu,ringrõdul,ringrõdul istuvad lamamistoolides kõrvuti kuju,8692193
3934,telkmaja,telkmajja,astub telkmajja,8692845
3935,töölispartei,Töölisparteisse,kes astus siis Töölisparteisse,8696096
3937,maanaisesamm,maanaisesammul,kes maanaisesammul astub nüüd mööda platsi,8701803
3949,Coruña,Coruñas,Tihti käis ta Coruñas,8726805
3955,poksitšempionaat,poksitšempionaadil,Käisin oktoobris esindajana poksitšempionaadil,8743748
3956,jalaväepataljon,jalaväepataljonis,sõnul käib jalaväepataljonis korda,8744305
3958,paintball,paintballist,naised käivad sageli paintballist hankimas,8748356
3960,orav,oraval,käib oraval söömas,8755894
3962,kasarmuhoone,kasarmuhoonest,mõrvar oli laskeharjutustele mineku eel käinud kasarmuhoonest teise,8761428
3965,maabumiskoridor,maabumiskoridoris,jooksevad maabumiskoridoris liivaluiteni,8769146
3971,muusikakihistus,muusikakihistustesse,tähendus liiguks helikeelest korraks muusikakihistustesse,8776517
3991,saepukk,saepukil,Nad istusid saepukil nii,8805846
3992,toojuur,toojuures,Jutuajamine käis neil toojuures enamaste malli järgi,8808190
3997,sügisrõske,sügisrõskes,ta nüüd siin sügisrõskes keldritoas istus,8813635
3999,eeden,Eedenist,Luuletajad on vaikselt lahkunud Eedenist,8816459
4000,veesoon,veesoontel,veesoontel käisid kustutamas loomad,8818295
4002,õlipõrgu,õlipõrgus,kuis sul õlipõrgus istub,8818767
4003,pressiruum,pressiruumi,astus vaiprada pressiruumi,8820878
4009,orelikontsert,orelikontserdil,Enne sõjaväge käis Lukk Vanemuises orelikontserdil,8836891
4011,näitemänguselts,näitemänguseltsis,Praegu käib näitemänguseltsis sõnul noort,8844396
4017,šefluskord,šefluskorras,ta šefluskorras käis ehitamas,8847638
4024,jazzifestival,jazzifestivalil,jazzifestivalil astuvad maailmastaaride kõrval üles muusikud,8862006
4026,tankiluuk,tankiluukidel,tankiluukidel istuvad,8865793
4029,Kahvli,Kahvlist,Hannes lahkus Kahvlist sügisel,8879236
4037,reduperiood,reduperioodidel,ta reduperioodidel öömajal käinud,8899290
4066,rahvaüritus,rahvaüritustel,rahvaüritustel agaralt käinud,8943170
4070,murre,murdes,külalisi jooksis messikeskuses ummisjalu rahva seast läbi murdes huvikeskuse boksi juurde näha,8945890
4074,alpimägi,alpimägedes,käis alpimägedes ekskursioonil,8957509
4076,mikrogramm,mikrogrammidest,jutt käib mikrogrammidest kg kohta,8959572
4089,laenutus,Laenutustes,Laenutustes käivad uisud tihtipeale jalast jalga,8977721
4102,kummitus,kummitusest,käivad jutud kummitusest,8998740
4108,mõttekus,mõttekusest,USAs käib diskussioon üle dollari mõttekusest,9016843
4116,enesetapp,enesetapust,surma kohta on liikunud legende alates enesetapust kuni allatulistamiseni,9035606
4117,tolmupilv,tolmupilves,tolmupilves liigub tonte,9035731
4134,moesalong,moesalongi,naine astub moesalongi,9076519
4138,õunapuu,õunapuudel,Need liiguvad õunapuudel,9081218
4168,kolmekümnes,kolmekümnendatel,Ülejäänud astusid kodakondsusse kolmekümnendatel,9141304
4169,Lõuna-Rootsi,Lõuna-Rootsis,hommikul lahkub Eckard kodust Lõuna-Rootsis tuua,9147889
4200,moemess,moemessil,Veebruaris käisid ülemused Itaalias moemessil,9205355
4224,Sussex,Sussexis,Käisin aga jälle Sussexis vaatamas,9241781
4237,arvutiturg,arvutiturult,Mitsubishi lahkub arvutiturult,9274385
4242,õmbluskursus,õmbluskursustel,Kõigepealt käisin õmbluskursustel,9294448
4245,töökaitseamet,töökaitseametis,Vallandatud käisid nädalal töökaitseametis,9299401
4248,ametnikkond,ametnikkonnale,kehtestamine ühekorraga käib ametnikkonnale,9306553
4282,riigipüha,riigipühal,Käige riigipühal mööda asulat,9392072
4288,mudilasmaja,Mudilasmajas,laps käis varem eralasteaias Mudilasmajas,9404263
4309,võimetus,võimetusest,Jutt käib võimetusest,9447614
4311,korrelatsioon,korrelatsioonis,teada siis liiguvad hinnad korrelatsioonis,9452570
4313,koristamistöö,koristamistöödelt,töölised koristamistöödelt lahkusid,9456242
4319,vererõhk,Vererõhku,Vererõhku käib siin mõõtmas inimest,9473523
4323,ploomike,Ploomikeses,Ploomikeses käib haigeid,9476190
4333,Managua,Managuas,Istusime abikaasaga juunil Managuas lennukisse sõita,9495741
4339,kirjanduspäev,kirjanduspäevadel,olen käinud kirjanduspäevadel,9510818
4361,lisavõimalus,lisavõimalusest,Seega käib jutt ilmselt lisavõimalusest,9553773
4381,valgerand,Valgerannas,nooruses istun Valgerannas kivi otsas,9627754
4433,Engqui,Engquist,Engquist jookseb lisaks põhidistantsile m,9738668
4434,menupaik,menupaigas,aega käivad menupaigas ettevalmistused ümberehituseks,9739879
4437,Amuurimaa,Amuurimaal,Carl käis Amuurimaal,9751895
4455,listaku,Listakult,kes Listakult Võrru tööle käib,9807059
4456,muusikapress,Muusikapressis,Muusikapressis liiguvad jutud,9810372
4461,mõõk,Mõõgal,tuusadest astuvad Mõõgal rajale vanameister,9818134
4467,poliitkool,poliitkooli,nooruk astus poliitkooli,9831751
4476,taasvalimine,taasvalimisest,Parlamendis käivad jutud taasvalimisest saladus,9852672
4485,bluusifestival,bluusifestivalil,käin bluusifestivalil,9861751
4500,riigikaitseakadeemia,Riigikaitseakadeemias,Kaitseminister käis laupäeval pidamas Riigikaitseakadeemias,9894145
4503,mahakandmine,mahakandmisest,Jutt käib mahakandmisest,9900305
4517,lõpuetapp,lõpuetapil,lõpuetapil astus Lasse eile lähemale sarja üldvõidu poole edestades,9927805
4538,kivimaja,kivimajas,kivimajas on käinud varas,9971676
4541,restruktureerimine,restruktureerimisel,Ukraina on restruktureerimisel kaugemale astunud Eesti,9975265
4584,GSM-mobiilivõrk,GSM-mobiilivõrgus,edastamine käib GSM-mobiilivõrgus,10067437
4599,tantsureivi,tantsureividel,kes korral käis tantsureividel keerutamas,10089195
4601,kirgas,kirkal,kirkal talvepäeval astus ta sõber,10091779
4617,rahasüst,rahasüstile,Venemaa liigub rahasüstile vaatamata allamäge,10119167
4630,Burjaatia,Burjaatias,kunagi käisin Burjaatias,10139628
4637,raudpingike,raudpingikesele,Istu korraks raudpingikesele,10147831
4638,tipptasand,tipptasandil,mismoodi elu tipptasandil käib,10151963
4642,vaal-galerii,Vaal-galeriis,Leonhard näituse aastal Tallinnas Vaal-galeriis avalikkuse ette astus,10162382
4644,ööriie,ööriietes,hiigelfotol istus rühm ööriietes tüdrukuid,10164335
4663,ruutmeeter,ruutmeetrilt,praegu käib piirmäär ruutmeetrilt veel üle jõu,10203701
4664,mineja,minejast,aastal käis klassi minejast kolmandik valmistumas,10205588
4677,rahvalikkus,rahvalikkuselt,Festivaliprogrammis oli päevaks rõhuasetus sujuvalt liikunud rahvalikkuselt elitaarsuse poole,10227543
4715,naaberrada,naaberradadel,on intuitiivselt liikunud naaberradadel,10315196
4734,tudengiaeg,tudengiajal,tudengiajal käis ta otsimas,10364101
4738,rocklaager,Rocklaagril,sõnul on ta käinud Rocklaagril,10372729
4739,rockmuusika,rockmuusikast,33selt lahkub ta rockmuusikast tegelema,10373538
4748,lukustamisasend,lukustamisasendisse,laadimisel ei liikunud lukustamisasendisse pealesõidusild,10393576
4753,kalapaat,kalapaatidel,Kassid käivad kalapaatidel sadamas vastas,10400016
4755,autoomanik,autoomanikest,jutt käib rikkujate puhul siiski autoomanikest,10405060
4768,elamispind,elamispindadelt,maksujõuetud lahkuvad elamispindadelt,10435378
4814,Mordvamaa,Mordvamaal,Paraku on lahendamine käinud Mordvamaal üle kivide,10564832
4821,nahakiht,nahakihtidesse,UV-kiirguse mõjul liigub see nahakihtidesse,10572879
4826,videolaenutus,videolaenutuses,videolaenutuses leti taga istunud,10591972
4838,rajatähis,rajatähisele,astus kurvis rajatähisele,10616305
4845,alagrupimäng,alagrupimängus,The istus koos tütrega pingil alagrupimängus,10628614
4849,arengukõver,arengukõveral,Eesti liigub arengukõveral,10643554
4850,Charlton,Charltonisse,Juunis lahkus Charltonisse vasakkaitsja,10643702
4853,sideasutus,sideasutuses,kes on käinud sideasutuses pensioni järel,10652734
4872,Linnavalitsus,Linnavalitsusest,ajaks oli E. Tamm Linnavalitsusest juba lahkunud,10697965
4880,filmilinastus,filmilinastustel,liikusid koos filmilinastustel,10709559
4888,teleasjandus,teleasjanduses,teleasjanduses käib info-,10727109
4907,sõjakolledzh,sõjakolledzhisse,sõjakolledzhisse astus aastal noormeest,10781122
4923,agitatsioonikoosolek,agitatsioonikoosolekul,käisin linnukasvatuses agitatsioonikoosolekul,10827850
4928,talurahvaerakond,talurahvaerakonnast,talurahvaerakonnast läbi käinud,10836539
4934,radioloogiaosakond,radioloogiaosakonnas,radioloogiaosakonnas oli tänavu alguseks uuringutel käinud naist,10848547
4936,tantsulugu,tantsuloos,tantsuloos istus täht endast korda mulati süles,10852992
4944,päikeseprill,päikeseprillides,Üllatuseks astub ta lavale päikeseprillides,10866173
4951,lemmiksigaretipood,lemmiksigaretipoes,viimati käisin lemmiksigaretipoes,10873061
4955,baltlane,baltlastele,lääneriik ei tõtta baltlastele pakkuma,10877469
4965,eurovõistlus,eurovõistlusel,käib käsi eurovõistlusel,10894140
4969,peyote-tseremoonia,peyote-tseremoonial,Käisime korda peyote-tseremoonial,10900355
4973,detail,detailides,Nikolajev ei lahkunud eriarvamuse tõttu detailides,10915326
5005,saareküla,Saarekülas,tihti te Saarekülas käite,10979731
5016,lõpukolmandik,Lõpukolmandikul,Lõpukolmandikul kõndis noateral,11001971
5052,IQ,IQst,Jutt käib IQst,11073541
5053,voodikate,voodikattele,Ta istus voodikattele,11073748
5056,sotsiaalminister,sotsiaalministril,aastatel sotsiaalministril toolil istunud,11083143
5064,matshidel-maavõistlus,matshidel-maavõistlustel,Alates aastast olen käinud matshidel-maavõistlustel,11100244
5066,kuldvillak,Kuldvillakus,võistkonnast on Kuldvillakus käinud Uno,11105445
5067,eurokõnelus,eurokõnelustel,kas Eesti liigub eurokõnelustel kiiresti,11105617
5084,Siro,Sirol,Igatahes astus Milan Sirol seisus,11132492
5089,solfedžotund,solfedžotundides,nuku-teatrilased solfedžotundides käivad,11149677
5096,regionaalliiga,Regionaalliigas,Regionaalliigas käib matil juunior,11165721
5102,voorimine,voorimisest,voorimisest hoolimata istus,11172898
5106,raadiosaade,raadiosaates,Kõigepealt käis sõna välja linnapea raadiosaates,11185471
5111,veelomp,veelombis,järsku istusin veelombis aitasid,11193119
5116,söögikord,söögikorrast,Meie aga mitte aja pärast astumegi suplusest söögikorrast heatujulistena laeva,11203066
5125,Giro,Girol,Taas istus itaallane sadulasse Girol,11212686
5133,maffiasaal,maffiasaalis,maffiasaalis eile istunud,11228831
5180,vaatamisaeg,vaatamisajal,see käib eetris vaatamisajal varaõhtuti,11313588
5182,Vääna,Väänal,kinnitusel käis mullu Väänal massiliselt püüdjaid antud,11319980
5233,Tottenhami,Tottenhamist,aastal klubist Tottenhamist lahkunud,11439105
5235,Brodway,Brodwayl,Brodwayl pole ma käinud,11443609
5245,tuhkatriinu,tuhkatriinust,aatekaaslased istusid tuhkatriinust tõusmise ajal nördinult fraktsiooni toas,11464452
5246,põhimaantee,põhimaanteedel,sõnul käivad politseinikud põhimaanteedel patrullimas korravalvuritega,11465545
5255,OBU-galerii,OBU-galeriisse,OBU-galeriisse astub inimene tänavalt,11483577
5261,Andre,Andrest,kes Andrest toona haiglas vaatamas käis,11501783
5270,sunnitöövangla,sunnitöövanglas,Viimasega istus diktaator algul koos sunnitöövanglas harrastati,11526649
5274,Rotermanni,Rotermannis,ma pole Rotermannis veel käinud,11532314
5275,kiirendusrada,kiirendusrajal,Kella viie paiku hommikul käis kiirendusrajal mürakas,11533465
5276,igamehe-sõudevõistlus,igamehe-sõudevõistlusel,meil oli üks kambast käinud igamehe-sõudevõistlusel,11534786
5301,teatesõit,teatesõitudes,teatesõitudes liikusid teistest nobedamalt Kristina,11591486
5310,tänavarõivas,tänavarõivastes,kontrollmängul istus Sprewell pingil tänavarõivastes,11604048
5326,rajoonivalitsus,rajoonivalitsuses,aastat tagasi käisime koos konsuli rajoonivalitsuses õigust,11626218
5346,gümnaasiumiharidus,gümnaasiumiharidusest,Jutt käib niisiis aastal gümnaasiumiharidusest,11663259
5362,Sumatra,Sumatral,Davies on käinud tänavu ekspeditsioonil Sumatral otsis,11686717
5365,amnestiakampaania,amnestiakampaaniast,Jutt käib amnestiakampaaniast,11709376
5371,ratsatreening,ratsatreeningutel,Gümnasist käib Säreveres ratsatreeningutel,11722213
5401,rahvarõivakleit,rahvarõivakleidis,Modell astub altari ette punases rahvarõivakleidis saris,11783505
5404,hapnikumask,hapnikumaskis,läbi reisijatesalongi jooksid hapnikumaskis mehed,11801159
5405,perekoolitus,perekoolitusel,Talvel aga käivad isad-emad tervisekeskuste juures perekoolitusel,11804165
5409,kaotusmäng,kaotusmängus,kaotusmängus mees pingil istus,11811386
5412,Rahumägi,Rahumäel,kes aprillil Rahumäel tänaval poisiga seksuaalvahekorda astus,11814086
5416,eru,erru,aastat tagasi astus Karen modelliametist erru,11815977
5417,Talki,Talkist,sõnul on Talkist lahkunud juba juhatusest,11816622
5419,Isamaaliit,Isamaaliidust,Kindlasti ei lahku ma Isamaaliidust,11821361
5445,kaubaagent,kaubaagendist,Tartus liigub legende kaubaagendist,11874762
5448,robotkoduabiline,robotkoduabilistest,Jutt ei käi robotkoduabilistest,11878784
5449,hobuveski,Hobuveskist,autogrammikütt lahkus Hobuveskist kell õhtul,11880831
5451,palliklubi,Palliklubist,suvel lahkus Dorbeku Palliklubist noortegruppi korvpalliklubisse,11882724
5467,30.,30ndates,30ndates Lauri käinud,11913319
5478,kokkupõrkepiirkond,kokkupõrkepiirkonnast,lahkus kokkupõrkepiirkonnast helikopteritel,11942665
5482,valimissõda,valimissõjas,jookseb valimissõjas,11952546
5483,lollitamine,lollitamisest,jutt käib lollitamisest,11952998
5487,liikuv,liikuvale,Töötades liiguvad inglased rohkem liikuvale,11965980
5494,peatreeneripost,peatreeneripostile,kes astub peatreeneripostile,11974438
5506,Puhkus,Puhkusel,Puhkusel pole ma aastat käinud,11996136
5515,hoovõtt,hoovõtul,aastal liikusin hoovõtul vanaema,12015119
5520,testimiskeskus,testimiskeskuses,Urmo käis alguses Tšehhimaal testimiskeskuses proovimas,12021599
5521,testikatse,testikatsel,kord istub rooli testikatsel,12021605
5536,tagantotsasõit,tagantotsasõidul,istmel liigub peatugi tagantotsasõidul ette- püüdes,12046888
5538,memuaarid,memuaaridest,Käivad jutud memuaaridest,12051668
5539,kaalujälgija,Kaalujälgijates,ema käis aeg Kaalujälgijates,12051894
5548,bodypump,bodypump'is,Käib bodypump'is,12065033
5554,kättemaks,kättemaksust,kättemaksust käib jutt olete,12074208
5556,büstilõikus,büstilõikusel,= käis büstilõikusel,12075390
5565,inglis-maa,Inglis-maal,Inglis-maal käib suuroperatsioon,12102235
5573,Gunnar,Gunnar's,Üles astusid Gunnar's,12116383
5586,välitekk,välitekile,Jooksin paljajalu välitekile,12137998
5607,koaksiaalkaabel,Koaksiaalkaablis,Koaksiaalkaablis liigub telepilt kaablis valgusimpulsside näol,12176010
5614,modellikool,modellikoolis,Olen käinud ka modellikoolis,12187131
5624,kevadmüük,kevadmüügilt,Tütarlaps lahkus kevadmüügilt jätnud,12236135
5633,kolhoosikord,kolhoosikorras,Harley-mehed käisid kolhoosikorras kusagil garaažis kastmas,12251090
5640,sulgpall,sulgpalli-,aastatel käis neiu sulgpalli-,12257508
5646,kvalifikatsioonisõit,Kvalifikatsioonisõitudes,Kvalifikatsioonisõitudes liikus suurepäraselt kanadalane,12263350
5658,noorsooamet,noorsooametisse,Kell hommikul astusidki Stefan koos pisipojaga noorsooametisse,12306493
5659,giidikursus,giidikursustel,Käin giidikursustel,12307538
5676,keskmäestikulaager,keskmäestikulaagris,Esmakordselt keskmäestikulaagris käinud,12335788
5702,meditsiinisüsteem,meditsiinisüsteemis,meditsiinisüsteemis info ei liigu,12395655
5707,mõõtkava,mõõtkavas,Mäng käib mõõtkavas,12426352
5711,kasvukeskkond,kasvukeskkonnas,tegevus käis kasvukeskkonnas,12436683
5716,avameeter,Avameetritest,Avameetritest käis Lazutina vahel heitlus,12461250
5730,maadlusklubi,maadlusklubil,poisid käisid külas maadlusklubil,12497455
5746,raudpolt,raudpoltidele,keha liigub tänu raudpoltidele,12532085
5759,vana-aastaöö,vana-aastaööl,Nii käiski neiu vana-aastaööl otsimas,12552403
5763,skandaal,skandaalile,on loo pärast lõunal käinud aastast saadik skandaalile,12557088
5766,rabajooks,rabajooksul,õpilane käis pühapäeval rabajooksul,12558859
5792,jmt,jmt,läheb katkestab astub õhtukooli ilma otsuseta jmt,12600372
5828,peatool,peatoolil,peatoolil istus ta aastal,12672646
5841,matkaking,matkakingades,käid päevast päeva matkakingades,12687528
5872,õudukas,õudukas,parajasti jookseb õudukas,12740996
5875,ansambliliige,ansambliliikmetel,Lisaks käis ansambliliikmetel nagin,12758691
5882,keskpark,Keskparki,Pillimängijad liikusid piki avenüüd Keskparki,12767054
5888,kosmoselaev,kosmoselaevalt,inimesena astus juulil Kuule astronaut kosmoselaevalt,12776583
5898,remondiruum,remondiruumis,istuvad jõude remondiruumis masinate vahel tundi,12786105
5916,magama,magad,kõnni magad,12817657
5929,aastavahetusepidu,aastavahetusepeol,ta korraks ansambliga väliseestlastele aastavahetusepeol esinemas käis,12833578
5957,Vince,Vince'il,Jen istus Vince'il kaksiratsi süles,12880561
5963,pidutseja,pidutsejatelt,kes öösel peaga pidutsejatelt küsimas käis,12888434
5969,Hawaii,Hawaiil,Pole küll Hawaiil käinud,12915403
5975,aerutamine,aerutamises,spordialal aerutamises astuvad täna võistlustulle linna-,12922644
5984,ilmsikstulek,ilmsikstulekul,ilmsikstulekul lahkus ametist põllumajandusminister,12946543
5987,tuumakatsetus,tuumakatsetustel,me tuumakatsetustel ei käinud,12950131
5989,SS-diviis,SS-diviisi,Johannes astus noormehena korras 17aastaselt SS-diviisi,12950393
5997,joonistamine,joonistamisse,astun joonistamisse tule,12958928
6005,juunioriklass,juunioriklassist,Loomulikult lahkub Trepp praegu juunioriklassist ujujana,12972208
6013,klaaspuur,klaaspuuris,eemal klaaspuuris käib etendus,12990755
6017,klassikamaraton,klassikamaratonidel,Seni käis Ollega klassikamaratonidel Koidu,13004259
6032,maailmavõistlus,maailmavõistlusel,korda maailmavõistlusel käinud,13031651
6034,väljaütlemine,väljaütlemistes,kes väljaütlemistes korda tõsiselt ämbrisse astus,13033507
6042,loomejõud,loomejõus,Tegelikult lahkus ta teatrist ju loomejõus,13041452
6047,vetsupott,vetsupotist,vetsupotist ei käi jutt,13045245
6058,Maidan,Maidanil,Me pole seal Maidanil revolutsiooni ajal kordagi käinud,13061846
6068,metsaloom,metsaloomadele,selleks metsaloomadele appi tõttab,13082164
6078,raudteeülesõidukoht,raudteeülesõidukohas,raudteeülesõidukohas jooksis rong rööbastelt maha,13100830
6093,taluköök,taluköögis,istuvad koos lähedastega taluköögis,13133895
6098,sõrmeoperatsioon,sõrmeoperatsioonil,Pack käis sõrmeoperatsioonil,13144508
6100,põrgutuli,põrgutulele,tõttasid hoopiski vilistades põrgutulele,13150901
6111,ahjutulevalge,ahjutulevalgel,sina istud seal ahjutulevalgel,13167346
6119,Koronio,Koronios,Panathinaikose vastu jookseb platsile Koronios,13178337
6131,Uuno,Uunos,Uunos jookseb ta laupäeviti juba alates novembrist on,13206368
6133,näiteklass,näiteklassis,kes juba käis näiteklassis,13208654
6139,rannajalgpall,rannajalgpallis,Siin käivad meistrivõistlused rannajalgpallis,13217830
6141,rattasport,rattaspordist,rattaspordist lahkunud,13219320
6150,Joker,Jokeritesse,hooaja vahel Maardu Jokeritesse liikunud,13235057
6157,Jordani,Jordanist,sõitja lahkub Jordanist,13243824
6160,rahamaja,rahamajas,Marss liigub märgi rahamajas,13252265
6175,jõesäng,Jõesängis,Jõesängis jooksis jõevesi,13276254
6178,pisike,pisikesest,Olen pisikesest peale arstide juures käinud,13292164
6208,sööma-joom,sööma-jooma,osavõtjad istusid sööma-jooma heietama,13351300
6222,jõukurei,jõukureile,soetamine käiks ilmselt üle jõu jõukureile,13375059
6235,komplekteerimine,komplekteerimisel,Paralleelselt mänguks käib BC leeris veel komplekteerimisel,13407971
6247,õhuseirekeskus,õhuseirekeskuses,Jänkid käivad õhuseirekeskuses,13439087
6257,Šaruna,Šarunas,palluritest käisid tõmbamas Šarunas,13444648
6301,kirurgiakeskus,kirurgiakeskuses,leedi käis eile koos abikaasa kirurgiakeskuses,13550189
6303,DV,DV-st,valmistatud lahkus Heinz alias DV-st lõpus Friedrichstrasse vaksali kaudu,13556301
6316,Orlando,Orlandost,Lahkus ju O aastat tagasi Orlandost Los vaatamata pakkumisele,13574318
6318,loomatohter,loomatohtril,loomatohtril käib abiks meest,13578685
6344,kunstfotoateljee,kunstfotoateljeedes,kunstfotoateljeedes ei käi enam keegi,13653350
6351,nimekam,nimekamatest,Klubist on nimekamatest lahkunud veteran,13668916
6367,maim,Maimu,perenaine Maimu õhtul Raplamaal külas laudast lahkus,13714172
6377,jõujuurikas,jõujuurikas,olümpial jooksis sugulane jõujuurikas ga,13721367
6420,allfilm,Allfilmis,Raivo käis Allfilmis täitmas,13848118
6429,välisministeeriumihoone,välisministeeriumihoones,reporter käis välisministeeriumihoones uudistamas,13859996
6449,pidudel-vastuvõtt,pidudel-vastuvõttudel,pidudel-vastuvõttudel paarike on kuul käinud,13899865
6451,ajabilanss,ajabilansile,teised käivad vastavalt ajabilansile talle toeks,13900659
6462,löögirusikas,löögirusikas,Seni liigub löögirusikas kursil,13957658
6466,pesupäev,pesupäevadel,lapsed tal pesupäevadel seltsiks käisid,13961273
6477,hansa,Hansas,õhtul käisime Olde Hansas,13974719
6481,riigipolikliinik,riigipolikliinikuis,nii see ajal riigipolikliinikuis käis,13978709
6527,spordiüritus,spordiüritustel,Albert käib spordiüritustel,14058681
6531,kehaosa,kehaosast,kehaosast jutt käib,14065953
6538,motoringrada,motoringrajal,käib motoringrajal mehhaanikuks,14081930
6577,sõnavahetus,sõnavahetusse,Nigol sõnavahetusse astusid,14175673
6582,Harkivi,Harkivist,Täna lahkume Harkivist,14183750
6590,mustlaslaps,mustlaslapsest,Kesk-Eesti mustlaslapsest käib koolis seitse,14190704
6606,Fårö,Fårös,Filmilegend lahkus meie hulgast eile kodus Fårös vanuselt,14267053
6616,kultussari,kultussarjast,soulikuulsus lahkub kultussarjast haavus,14289752
6624,ooperimaailm,ooperimaailma,inimene astus ooperimaailma korda,14310536
6627,RS4,RS4ga,Röövel lahkus kuriteokohalt Rosset ’ i RS4ga,14316091
6630,lossiruum,lossiruumis,lossiruumis Keldris käis aga töö,14319659
6634,barakkõllekas,barakkõllekates,käinud barakkõllekates,14329832
6673,Põldroos,Põldroosil,fänn käis Põldroosil koduukse taga skandaalitsemas,14499101
6675,Bremen,Bremenist,novembris lahkus Bremenist pardal USA-sse tõesti ohvitser,14501964
6693,geiprideiparaad,geiprideiparaadil,Sellest Sokrates käis Rootsimaal geiprideiparaadil svenssonitele tegemas,14586534
6723,naisegrimm,naisegrimmis,Kuskil istuvad nägudega naisegrimmis mehed,14726446
6725,A-rühm,A-rühmas,A-rühmas on hooaja keskel kuute istunud,14729055
6741,teivasjaam,teivasjaamas,need lahkuvad rongist teivasjaamas,14790769
6743,sirin,sirinal,Siis jooksid ihumahlad sirinal tuletõrjuja,14793197
6747,torus-tikk,torus-tikust,Vesi jookseb masinasse automaatselt torus-tikust,14797304
6770,põrandalseisev,põrandalseisvatest,jutt käib siis põrandalseisvatest,14881329
6773,PMPO,PMPO-st,satelliidid Jutt ei käi PMPO-st,14896889
6781,suusahoolderuum,suusahoolderuumis,suusahoolderuumis lii-guvad näod saabub,14943303
6799,lasteiste,lasteistmel,Istus lasteistmel tagapingil,14984957
6806,infolaat,infolaadal,õpilane käis infolaadal aastal,14993592
6821,mõnes-mõte,mõnes-mõttes,mõnes-mõttes käib kah,15067996
6829,px,px,siis hiir liigub kogemata px vasakule,15093162
6830,ajupoolkera,ajupoolkeras,asjade-välja-selgitamis mõtlemine käib seal ajupoolkeras,15099055
6834,TIK,TIK'is,sa käid TIK'is,15114280
6845,esikolmikukoht,esikolmikukohtadel,esikolmikukohtadel liikunud,15136664
6847,maalikunst,maalikunstis,siis maalikunstis see PR-trikiga ei käi,15139564
6855,marmorsaal,marmorsaalis,Rufus istus mugavalt marmorsaalis troonil juhtida,15214944
6858,Valgus,Valgusest,Valgusest kiiremini ei liigu miski,15218294
6903,hiiekoht,hiiekohtades,ysna hiiekohtades käivad rahvas siiamaani,15301374
6913,hullar,hullaris,Mees istus päevad hullaris ära,15314097
6914,topicus,topicusse,saade siia topicusse imehästi istub,15314575
6965,komisariaadima,komisariaadis,käisin täna siis komisariaadis,15476795
6986,kõhklus,kõhklustele,Vaatamata kõhklustele võimeline käis koostamine,15542079
6991,haiglatöö,haiglatöölt,sõnul lahkuvad õed haiglatöölt suunduda,15549069
7031,ülehelikiirus,ülehelikiirusel,autot teadupärast ülehelikiirusel ei liigu,15623441
7034,vormelipiloot,vormelipiloodil,vormelipiloodil asi kähku käib,15636811
7040,kivihunnik,kivihunnikus,Istusime kivihunnikus tundi,15641925
7049,kiltmaa,kiltmaal,Ta kõndis meeleldi tundide viisi kiltmaal,15662020
7050,taluturg,Taluturul,aeg tagasi käis omanik Taluturul kaupleb,15665874
7069,läänlane,läänlasest,läänlasest käis kutse õppel,15702119
7084,meestekas,meestekas,mehed istuvad ajal meestekas,15715578
7118,esilaulja,esilauljal,President käib vahepeal esilauljal surumas,15903231
7126,Capr,Capril,Capril käinud,15927852
7145,msni,msnis,nüüd istuvad kõik rõõmsalt msnis,15980759
7146,vigane,vigaselt,sugulase juures Netscapes jooksis foorum vigaselt,15983771
7152,sadist,sadistil,sadistil jooksevad numbrid kiiremini,16005129
7155,manager,manageris,programmid sul task manageris jooksevad,16023017
7159,6V,6V,Athlon64 jookseb 1 6V,16027318
7168,Tänavusuvine,Tänavusuvisel,Tänavusuvisel moenädalal käisid gigandid sammu,16090815
7172,kaubalennuk,kaubalennukitel,liikus Hollandisse kaubalennukitel,16100189
7175,sügistuur,sügistuurist,Jutud käivad sügistuurist Ameerikas Lauryn,16104983
7191,varjusurm,varjusurmas,Kanal on areenilt lahkunud varjusurmas,16226374
7202,35mm,35mm,Töö käib 35mm,16293278
7210,vc,vc's,vc's käis pinda see,16327816
7211,deiv,deivi,meil käib see kordamööda deivi,16335646
7232,Bangalore,Bangalore'is,kes on ka ise Bangalore'is käinud,16420265
7267,5,5-st,Muidugi lahkuvad 5-st ka vaidlejad,16619074
7269,lõpusõrmus,lõpusõrmustest,Jutt käib siis lõpusõrmustest,16622878
7274,automaatika,automaatikast,jutt käib ikka automaatikast,16634936
7276,10,10-nes,ise ka jooksen 10-nes,16645903
7278,teisipeäva,teisipeäval,teisipeäval käin,16648208
7280,sõreste,sõrestes,Noniii eile sõrestes käisid,16655269
7284,meelelahutusmaailm,meelelahutusmaailmas,meelelahutusmaailmas liigub raha seal,16706748
7305,kiirabihaigla,kiirabihaiglasse,Arst liikus koos osakonnaga Keskhaiglast kiirabihaiglasse,16749780
7308,nurgapalse,nurgapalses,käin nurgapalses,16762683
7309,statoili,statoilis,käige statoilis sixbacki järel enam,16763100
7329,vanaduspension,vanaduspensionist,jutt käib vanaduspensionist,16822542
7331,välipark,välipargis,Ma käisin välipargis,16841587
7336,kummipall,kummipallist,jutt käib kummipallist,16872380
7357,aianduskauplus,aianduskaupluses,käib aianduskaupluses,16965632
7371,otsejoon,otsejoonele,siis astus ta korvi all otsejoonele,17034456
7398,rahatrepp,rahatrepil,sünniga liigub pere rahatrepil allapoole,17091593
7411,10Mb,10Mb,seda panna siis andmed jooksevad ikka 10Mb,17146725
7412,sry,sry,sry megadest siiski jutt käib,17154888
7413,firewalli,firewallist,jutt käiks firewallist,17158318
7435,maardla,maardlatesse,võetud liigub kaevandamine maardlatesse,17248718
7456,muskelauto,muskelautodest,jutt käib muskelautodest,17304929
7473,Hedvig,Hedvigil,Üldse käib Hedvigil töö,17342214
7478,krrr,krrr,Siis käis juba krrr,17351559
7483,varn,Varnas,Käisin suvel Varnas,17352602
7501,kutsekates,kutsekatesse,kutsekatesse käivad ikka kodust lähe,17410240
7521,misjonijaam,misjonijaamast,andmeil lahkus Rael koos kolleegiga misjonijaamast jaanuaril,17499728
7526,palvela,palvelas,Riigisekretär käis pärastlõunal koos saatjatega vallas külas palvelas,17503192
7528,asuküla,Asukülas,käis põldudel Asukülas,17506594
7556,suusahüppaja,suusahüppajatest,jutt käib suusahüppajatest,17670922
7559,keskkonnakomisjon,keskkonnakomisjonis,taanlast käisid keskkonnakomisjonis,17731098
7561,siber,siberis,käisin siberis tööl,17749808
7567,tripp,tripil,veel käisin klassiga tripil,17752270
7570,neonats,neonatsidest,neonatsidest küll mitte töö käib,17758261
7578,ksa,ksa-s,Käisin ksa-s,17789854
7583,rattamaraton,rattamaratonil,Käisin eile rattamaratonil,17804502
7593,peapea,peapeal,käin mcdonaldsi taga peapeal,17817066
7633,Mustjala,Mustjalas,Mustjalas käib perekonnavalss,18057819
7642,kaugküttesüsteem,kaugküttesüsteemist,kaugküttesüsteemist lahkus maja,18123672
7664,välissuhe,välissuhetesse,Nüüd aga astub riik välissuhetesse,18323924
7670,karjuja,karjujatest,palju karjujatest ise valimas käis,18361877
7680,konkurentsipoliitika,konkurentsipoliitikas,me konkurentsipoliitikas suunas liigume,18379186
7693,lade,lademes,busse käis juba enne lademes,18446208
7704,õiguskomisjon,õiguskomisjonis,Käisin praegu õiguskomisjonis lootuses,18512210
7712,sierra,sierral,Minuteada istuvad nad põiki vahel aga sierral pikimootor,18532464
7713,Melasi,Melasis,Käisin täna Melasis,18532680
7718,tagadiffr,tagadiffrisse,õli käib tagadiffrisse,18536648
7739,plaadiriiul,plaadiriiulil,ehk kunagi istub plaadiriiulil enne,18650503
7747,cruisim,cruisimas,vennaga käisime linnapial maz'iga cruisimas,18703421
7753,nuppu,nuppul,nii back nuppul klõps käis,18744960
7757,hoor,hoora,mäng käib ümber selle hoora,18784564
7760,Kurgja,Kurgjal,käin ka Kurgjal,18792578
7846,as,as,käisin sööömas ale as,19275668
7849,pyg,pyg,ta käib pyg,19307542
7852,jooxma,jooxmas,käisin jooxmas,19333249
7859,kukkeseene,kukkeseenele,käi honoluluga kukkeseenele,19445963
7861,ptslhm,ptslhm,käi ptslhm,19466662
7863,mmi,mmis,mmis pidu käib kah,19479053
7865,jalkpa,jalkpal,jalkpal käib,19531001
7866,pedeleht,pedelehtedel,käid pedelehtedel,19531616
7876,võistlustte,võistlusttel,võistlusttel käisin känza,19622857
7879,viiene,viiesel,Silent_Trigger jah ma käisin viiesel,19646712
7884,ztv,ztv,lugu käib ztv,19704758
7888,7esi,7ees,7ees käite,19715957
7899,knght,knght,irw knght astu tehtud,19794966
7901,okas,okkas,selle pärast okkas vahet käibki,19795436
7904,piibe,piibes,ma pole piibes käinud,19836633
7907,hüppetornioca,hüppetorniocas,istub hüppetorniocas,19854995
7914,ttg,ttg-s,ttg-s käin,19890576
7951,närvie,närviele,närviele käib ju,20184699
7958,aegviidu,aegviidus,ma käisin aegviidus 1kord,20216650
7963,ssee,ssees,sa käisid ikka ssees,20270862
7967,terariumi,terariumis,äksion käis terariumis,20295350
7984,bättel,bättelil,hvakk ma käisin eile bättelil,20471087
7986,sja,sjal,istuvad sjal teleka taga,20492301
7990,rannakas,rannakas,ciel käisid eile rannakas vä,20517126
7992,makoiha,makoihal,makoihal käin,20521290
7997,diskett,disketilt,jookseb disketilt,20548954
8002,OnaFest,OnaFestil,käisin OnaFestil,20586947
8006,süntesaator,süntesaatorist,jutt käib süntesaatorist,20644674
8027,hormooniravi,hormooniravil,hormooniravil käinud,20848759
8035,nnnn,nnnn,kas kõik käis kõigi kohta vee nnnn,20953232
8052,amigo,amigos,rahvas amigos käib maimu,21074845
8054,Vetsitall,Vetsitallist,käib kord Vetsitallist,21086555
8056,kook,kooku,pommiauk käib kooku freek,21117602
8060,kalevispordihall,kalevispordihallis,raffast on kes käisid see kalevispordihallis,21138145
8064,päinaka,päinakas,slow sa käid päinakas,21178354
8071,aurama,auras,ma käis täna auras,21253362
8080,il,il,keegi RAHZEL il ka käis,21321966
8087,lasteaija,lasteaijas,ma käin lasteaijas,21385129
